date,NDVI,EVI,EVI2,CLr,MNDVI,MNDWI,LSWI,NDII,B1,B2,B3,B4,B5,B6,B7,B8,B8A,B9,B11,B12
2017-01-01,,,,,,,,,,,,,,,,,,,,
2017-01-02,,,,,,,,,,,,,,,,,,,,
2017-01-03,,,,,,,,,,,,,,,,,,,,
2017-01-04,,,,,,,,,,,,,,,,,,,,
2017-01-05,,,,,,,,,,,,,,,,,,,,
2017-01-06,,,,,,,,,,,,,,,,,,,,
2017-01-07,,,,,,,,,,,,,,,,,,,,
2017-01-08,,,,,,,,,,,,,,,,,,,,
2017-01-09,,,,,,,,,,,,,,,,,,,,
2017-01-10,,,,,,,,,,,,,,,,,,,,
2017-01-11,,,,,,,,,,,,,,,,,,,,
2017-01-12,,,,,,,,,,,,,,,,,,,,
2017-01-13,,,,,,,,,,,,,,,,,,,,
2017-01-14,,,,,,,,,,,,,,,,,,,,
2017-01-15,,,,,,,,,,,,,,,,,,,,
2017-01-16,,,,,,,,,,,,,,,,,,,,
2017-01-17,,,,,,,,,,,,,,,,,,,,
2017-01-18,,,,,,,,,,,,,,,,,,,,
2017-01-19,,,,,,,,,,,,,,,,,,,,
2017-01-20,,,,,,,,,,,,,,,,,,,,
2017-01-21,,,,,,,,,,,,,,,,,,,,
2017-01-22,,,,,,,,,,,,,,,,,,,,
2017-01-23,,,,,,,,,,,,,,,,,,,,
2017-01-24,,,,,,,,,,,,,,,,,,,,
2017-01-25,,,,,,,,,,,,,,,,,,,,
2017-01-26,,,,,,,,,,,,,,,,,,,,
2017-01-27,,,,,,,,,,,,,,,,,,,,
2017-01-28,,,,,,,,,,,,,,,,,,,,
2017-01-29,,,,,,,,,,,,,,,,,,,,
2017-01-30,,,,,,,,,,,,,,,,,,,,
2017-01-31,,,,,,,,,,,,,,,,,,,,
2017-02-01,,,,,,,,,,,,,,,,,,,,
2017-02-02,,,,,,,,,,,,,,,,,,,,
2017-02-03,,,,,,,,,,,,,,,,,,,,
2017-02-04,,,,,,,,,,,,,,,,,,,,
2017-02-05,,,,,,,,,,,,,,,,,,,,
2017-02-06,,,,,,,,,,,,,,,,,,,,
2017-02-07,,,,,,,,,,,,,,,,,,,,
2017-02-08,,,,,,,,,,,,,,,,,,,,
2017-02-09,,,,,,,,,,,,,,,,,,,,
2017-02-10,,,,,,,,,,,,,,,,,,,,
2017-02-11,,,,,,,,,,,,,,,,,,,,
2017-02-12,,,,,,,,,,,,,,,,,,,,
2017-02-13,,,,,,,,,,,,,,,,,,,,
2017-02-14,,,,,,,,,,,,,,,,,,,,
2017-02-15,,,,,,,,,,,,,,,,,,,,
2017-02-16,,,,,,,,,,,,,,,,,,,,
2017-02-17,,,,,,,,,,,,,,,,,,,,
2017-02-18,,,,,,,,,,,,,,,,,,,,
2017-02-19,,,,,,,,,,,,,,,,,,,,
2017-02-20,,,,,,,,,,,,,,,,,,,,
2017-02-21,,,,,,,,,,,,,,,,,,,,
2017-02-22,,,,,,,,,,,,,,,,,,,,
2017-02-23,,,,,,,,,,,,,,,,,,,,
2017-02-24,,,,,,,,,,,,,,,,,,,,
2017-02-25,,,,,,,,,,,,,,,,,,,,
2017-02-26,,,,,,,,,,,,,,,,,,,,
2017-02-27,,,,,,,,,,,,,,,,,,,,
2017-02-28,,,,,,,,,,,,,,,,,,,,
2017-03-01,,,,,,,,,,,,,,,,,,,,
2017-03-02,,,,,,,,,,,,,,,,,,,,
2017-03-03,,,,,,,,,,,,,,,,,,,,
2017-03-04,,,,,,,,,,,,,,,,,,,,
2017-03-05,,,,,,,,,,,,,,,,,,,,
2017-03-06,,,,,,,,,,,,,,,,,,,,
2017-03-07,,,,,,,,,,,,,,,,,,,,
2017-03-08,,,,,,,,,,,,,,,,,,,,
2017-03-09,,,,,,,,,,,,,,,,,,,,
2017-03-10,,,,,,,,,,,,,,,,,,,,
2017-03-11,,,,,,,,,,,,,,,,,,,,
2017-03-12,,,,,,,,,,,,,,,,,,,,
2017-03-13,,,,,,,,,,,,,,,,,,,,
2017-03-14,,,,,,,,,,,,,,,,,,,,
2017-03-15,,,,,,,,,,,,,,,,,,,,
2017-03-16,,,,,,,,,,,,,,,,,,,,
2017-03-17,,,,,,,,,,,,,,,,,,,,
2017-03-18,,,,,,,,,,,,,,,,,,,,
2017-03-19,,,,,,,,,,,,,,,,,,,,
2017-03-20,,,,,,,,,,,,,,,,,,,,
2017-03-21,,,,,,,,,,,,,,,,,,,,
2017-03-22,,,,,,,,,,,,,,,,,,,,
2017-03-23,,,,,,,,,,,,,,,,,,,,
2017-03-24,,,,,,,,,,,,,,,,,,,,
2017-03-25,,,,,,,,,,,,,,,,,,,,
2017-03-26,,,,,,,,,,,,,,,,,,,,
2017-03-27,,,,,,,,,,,,,,,,,,,,
2017-03-28,,,,,,,,,,,,,,,,,,,,
2017-03-29,,,,,,,,,,,,,,,,,,,,
2017-03-30,,,,,,,,,,,,,,,,,,,,
2017-03-31,,,,,,,,,,,,,,,,,,,,
2017-04-01,,,,,,,,,,,,,,,,,,,,
2017-04-02,,,,,,,,,,,,,,,,,,,,
2017-04-03,,,,,,,,,,,,,,,,,,,,
2017-04-04,,,,,,,,,,,,,,,,,,,,
2017-04-05,,,,,,,,,,,,,,,,,,,,
2017-04-06,,,,,,,,,,,,,,,,,,,,
2017-04-07,,,,,,,,,,,,,,,,,,,,
2017-04-08,,,,,,,,,,,,,,,,,,,,
2017-04-09,,,,,,,,,,,,,,,,,,,,
2017-04-10,,,,,,,,,,,,,,,,,,,,
2017-04-11,,,,,,,,,,,,,,,,,,,,
2017-04-12,,,,,,,,,,,,,,,,,,,,
2017-04-13,,,,,,,,,,,,,,,,,,,,
2017-04-14,,,,,,,,,,,,,,,,,,,,
2017-04-15,,,,,,,,,,,,,,,,,,,,
2017-04-16,,,,,,,,,,,,,,,,,,,,
2017-04-17,,,,,,,,,,,,,,,,,,,,
2017-04-18,,,,,,,,,,,,,,,,,,,,
2017-04-19,,,,,,,,,,,,,,,,,,,,
2017-04-20,,,,,,,,,,,,,,,,,,,,
2017-04-21,,,,,,,,,,,,,,,,,,,,
2017-04-22,,,,,,,,,,,,,,,,,,,,
2017-04-23,,,,,,,,,,,,,,,,,,,,
2017-04-24,,,,,,,,,,,,,,,,,,,,
2017-04-25,,,,,,,,,,,,,,,,,,,,
2017-04-26,,,,,,,,,,,,,,,,,,,,
2017-04-27,,,,,,,,,,,,,,,,,,,,
2017-04-28,,,,,,,,,,,,,,,,,,,,
2017-04-29,,,,,,,,,,,,,,,,,,,,
2017-04-30,0.6884226,0.3306549,0.3217582,1.1936044,0.36547145,-0.5917887,0.10047856,0.3393911,2.199596e-06,2.3608593e-06,4.433181e-06,3.9954693e-06,8.915602e-06,1.6485366e-05,1.8914132e-05,2.0824604e-05,2.176568e-05,2.1842457e-05,1.7346536e-05,1.0484289e-05
2017-05-01,,,,,,,,,,,,,,,,,,,,
2017-05-02,,,,,,,,,,,,,,,,,,,,
2017-05-03,,,,,,,,,,,,,,,,,,,,
2017-05-04,,,,,,,,,,,,,,,,,,,,
2017-05-05,,,,,,,,,,,,,,,,,,,,
2017-05-06,,,,,,,,,,,,,,,,,,,,
2017-05-07,,,,,,,,,,,,,,,,,,,,
2017-05-08,,,,,,,,,,,,,,,,,,,,
2017-05-09,,,,,,,,,,,,,,,,,,,,
2017-05-10,,,,,,,,,,,,,,,,,,,,
2017-05-11,,,,,,,,,,,,,,,,,,,,
2017-05-12,,,,,,,,,,,,,,,,,,,,
2017-05-13,,,,,,,,,,,,,,,,,,,,
2017-05-14,,,,,,,,,,,,,,,,,,,,
2017-05-15,,,,,,,,,,,,,,,,,,,,
2017-05-16,,,,,,,,,,,,,,,,,,,,
2017-05-17,,,,,,,,,,,,,,,,,,,,
2017-05-18,,,,,,,,,,,,,,,,,,,,
2017-05-19,,,,,,,,,,,,,,,,,,,,
2017-05-20,,,,,,,,,,,,,,,,,,,,
2017-05-21,,,,,,,,,,,,,,,,,,,,
2017-05-22,,,,,,,,,,,,,,,,,,,,
2017-05-23,,,,,,,,,,,,,,,,,,,,
2017-05-24,,,,,,,,,,,,,,,,,,,,
2017-05-25,,,,,,,,,,,,,,,,,,,,
2017-05-26,,,,,,,,,,,,,,,,,,,,
2017-05-28,,,,,,,,,,,,,,,,,,,,
2017-05-29,,,,,,,,,,,,,,,,,,,,
2017-05-30,0.048376124,-0.18096459,0.04111947,0.34775877,0.14268723,-0.20126183,-0.036298048,-0.02909322,6.87051e-05,2.5576415e-05,3.0644427e-05,3.93199e-05,4.8957823e-05,5.8979975e-05,6.441965e-05,4.2215997e-05,6.549753e-05,0.00012664645,4.532211e-05,4.4727607e-05
2017-05-31,,,,,,,,,,,,,,,,,,,,
2017-06-01,,,,,,,,,,,,,,,,,,,,
2017-06-02,,,,,,,,,,,,,,,,,,,,
2017-06-03,,,,,,,,,,,,,,,,,,,,
2017-06-04,,,,,,,,,,,,,,,,,,,,
2017-06-05,,,,,,,,,,,,,,,,,,,,
2017-06-06,,,,,,,,,,,,,,,,,,,,
2017-06-07,,,,,,,,,,,,,,,,,,,,
2017-06-08,,,,,,,,,,,,,,,,,,,,
2017-06-09,,,,,,,,,,,,,,,,,,,,
2017-06-10,,,,,,,,,,,,,,,,,,,,
2017-06-11,,,,,,,,,,,,,,,,,,,,
2017-06-12,,,,,,,,,,,,,,,,,,,,
2017-06-13,,,,,,,,,,,,,,,,,,,,
2017-06-14,,,,,,,,,,,,,,,,,,,,
2017-06-15,,,,,,,,,,,,,,,,,,,,
2017-06-16,,,,,,,,,,,,,,,,,,,,
2017-06-17,,,,,,,,,,,,,,,,,,,,
2017-06-18,,,,,,,,,,,,,,,,,,,,
2017-06-20,,,,,,,,,,,,,,,,,,,,
2017-06-21,,,,,,,,,,,,,,,,,,,,
2017-06-22,,,,,,,,,,,,,,,,,,,,
2017-06-23,,,,,,,,,,,,,,,,,,,,
2017-06-24,,,,,,,,,,,,,,,,,,,,
2017-06-25,,,,,,,,,,,,,,,,,,,,
2017-06-26,,,,,,,,,,,,,,,,,,,,
2017-06-27,,,,,,,,,,,,,,,,,,,,
2017-06-28,,,,,,,,,,,,,,,,,,,,
2017-06-29,,,,,,,,,,,,,,,,,,,,
2017-06-30,,,,,,,,,,,,,,,,,,,,
2017-07-01,,,,,,,,,,,,,,,,,,,,
2017-07-02,,,,,,,,,,,,,,,,,,,,
2017-07-03,,,,,,,,,,,,,,,,,,,,
2017-07-04,,,,,,,,,,,,,,,,,,,,
2017-07-05,,,,,,,,,,,,,,,,,,,,
2017-07-06,,,,,,,,,,,,,,,,,,,,
2017-07-07,,,,,,,,,,,,,,,,,,,,
2017-07-08,,,,,,,,,,,,,,,,,,,,
2017-07-09,,,,,,,,,,,,,,,,,,,,
2017-07-10,,,,,,,,,,,,,,,,,,,,
2017-07-11,,,,,,,,,,,,,,,,,,,,
2017-07-12,,,,,,,,,,,,,,,,,,,,
2017-07-13,,,,,,,,,,,,,,,,,,,,
2017-07-14,,,,,,,,,,,,,,,,,,,,
2017-07-15,,,,,,,,,,,,,,,,,,,,
2017-07-16,,,,,,,,,,,,,,,,,,,,
2017-07-17,,,,,,,,,,,,,,,,,,,,
2017-07-18,,,,,,,,,,,,,,,,,,,,
2017-07-20,,,,,,,,,,,,,,,,,,,,
2017-07-21,,,,,,,,,,,,,,,,,,,,
2017-07-22,,,,,,,,,,,,,,,,,,,,
2017-07-23,,,,,,,,,,,,,,,,,,,,
2017-07-24,,,,,,,,,,,,,,,,,,,,
2017-07-25,,,,,,,,,,,,,,,,,,,,
2017-07-26,,,,,,,,,,,,,,,,,,,,
2017-07-27,,,,,,,,,,,,,,,,,,,,
2017-07-28,,,,,,,,,,,,,,,,,,,,
2017-07-30,,,,,,,,,,,,,,,,,,,,
2017-07-31,,,,,,,,,,,,,,,,,,,,
2017-08-01,,,,,,,,,,,,,,,,,,,,
2017-08-02,,,,,,,,,,,,,,,,,,,,
2017-08-03,,,,,,,,,,,,,,,,,,,,
2017-08-04,,,,,,,,,,,,,,,,,,,,
2017-08-05,,,,,,,,,,,,,,,,,,,,
2017-08-06,,,,,,,,,,,,,,,,,,,,
2017-08-07,,,,,,,,,,,,,,,,,,,,
2017-08-08,,,,,,,,,,,,,,,,,,,,
2017-08-09,,,,,,,,,,,,,,,,,,,,
2017-08-10,,,,,,,,,,,,,,,,,,,,
2017-08-11,,,,,,,,,,,,,,,,,,,,
2017-08-12,,,,,,,,,,,,,,,,,,,,
2017-08-13,,,,,,,,,,,,,,,,,,,,
2017-08-14,,,,,,,,,,,,,,,,,,,,
2017-08-15,,,,,,,,,,,,,,,,,,,,
2017-08-16,,,,,,,,,,,,,,,,,,,,
2017-08-17,,,,,,,,,,,,,,,,,,,,
2017-08-18,,,,,,,,,,,,,,,,,,,,
2017-08-19,,,,,,,,,,,,,,,,,,,,
2017-08-20,,,,,,,,,,,,,,,,,,,,
2017-08-21,,,,,,,,,,,,,,,,,,,,
2017-08-22,,,,,,,,,,,,,,,,,,,,
2017-08-23,,,,,,,,,,,,,,,,,,,,
2017-08-24,,,,,,,,,,,,,,,,,,,,
2017-08-26,,,,,,,,,,,,,,,,,,,,
2017-08-27,,,,,,,,,,,,,,,,,,,,
2017-08-28,,,,,,,,,,,,,,,,,,,,
2017-08-29,,,,,,,,,,,,,,,,,,,,
2017-08-30,,,,,,,,,,,,,,,,,,,,
2017-08-31,,,,,,,,,,,,,,,,,,,,
2017-09-01,,,,,,,,,,,,,,,,,,,,
2017-09-02,,,,,,,,,,,,,,,,,,,,
2017-09-03,,,,,,,,,,,,,,,,,,,,
2017-09-05,,,,,,,,,,,,,,,,,,,,
2017-09-06,,,,,,,,,,,,,,,,,,,,
2017-09-07,,,,,,,,,,,,,,,,,,,,
2017-09-08,,,,,,,,,,,,,,,,,,,,
2017-09-09,,,,,,,,,,,,,,,,,,,,
2017-09-10,,,,,,,,,,,,,,,,,,,,
2017-09-11,,,,,,,,,,,,,,,,,,,,
2017-09-12,,,,,,,,,,,,,,,,,,,,
2017-09-13,,,,,,,,,,,,,,,,,,,,
2017-09-15,,,,,,,,,,,,,,,,,,,,
2017-09-16,,,,,,,,,,,,,,,,,,,,
2017-09-17,0.47944102,0.37923262,0.2654091,1.0547391,0.34447333,-0.19581111,0.26116103,0.355733,1.0118196e-05,9.586808e-06,9.278995e-06,8.279007e-06,1.1058297e-05,1.913255e-05,2.265441e-05,2.349548e-05,2.4663417e-05,2.4325782e-05,1.3757961e-05,1.1173369e-05
2017-09-18,,,,,,,,,,,,,,,,,,,,
2017-09-19,,,,,,,,,,,,,,,,,,,,
2017-09-20,,,,,,,,,,,,,,,,,,,,
2017-09-21,,,,,,,,,,,,,,,,,,,,
2017-09-22,,,,,,,,,,,,,,,,,,,,
2017-09-23,,,,,,,,,,,,,,,,,,,,
2017-09-24,,,,,,,,,,,,,,,,,,,,
2017-09-25,,,,,,,,,,,,,,,,,,,,
2017-09-26,,,,,,,,,,,,,,,,,,,,
2017-09-27,,,,,,,,,,,,,,,,,,,,
2017-09-28,,,,,,,,,,,,,,,,,,,,
2017-09-29,,,,,,,,,,,,,,,,,,,,
2017-09-30,,,,,,,,,,,,,,,,,,,,
2017-10-01,,,,,,,,,,,,,,,,,,,,
2017-10-02,,,,,,,,,,,,,,,,,,,,
2017-10-03,,,,,,,,,,,,,,,,,,,,
2017-10-04,,,,,,,,,,,,,,,,,,,,
2017-10-05,,,,,,,,,,,,,,,,,,,,
2017-10-06,,,,,,,,,,,,,,,,,,,,
2017-10-07,,,,,,,,,,,,,,,,,,,,
2017-10-08,,,,,,,,,,,,,,,,,,,,
2017-10-09,,,,,,,,,,,,,,,,,,,,
2017-10-10,,,,,,,,,,,,,,,,,,,,
2017-10-11,,,,,,,,,,,,,,,,,,,,
2017-10-12,,,,,,,,,,,,,,,,,,,,
2017-10-13,,,,,,,,,,,,,,,,,,,,
2017-10-15,,,,,,,,,,,,,,,,,,,,
2017-10-16,,,,,,,,,,,,,,,,,,,,
2017-10-17,0.50721526,0.33786476,0.27590895,0.88750935,0.30543083,-0.27897725,0.2076231,0.52602094,6.342822e-06,7.0666233e-06,8.5005295e-06,7.5350436e-06,1.1447517e-05,1.8592045e-05,2.152693e-05,2.315706e-05,2.5642177e-05,2.5873827e-05,1.5206301e-05,7.1857294e-06
2017-10-18,,,,,,,,,,,,,,,,,,,,
2017-10-19,,,,,,,,,,,,,,,,,,,,
2017-10-20,,,,,,,,,,,,,,,,,,,,
2017-10-21,,,,,,,,,,,,,,,,,,,,
2017-10-22,,,,,,,,,,,,,,,,,,,,
2017-10-23,,,,,,,,,,,,,,,,,,,,
2017-10-24,,,,,,,,,,,,,,,,,,,,
2017-10-25,,,,,,,,,,,,,,,,,,,,
2017-10-26,,,,,,,,,,,,,,,,,,,,
2017-10-27,,,,,,,,,,,,,,,,,,,,
2017-10-28,,,,,,,,,,,,,,,,,,,,
2017-10-29,,,,,,,,,,,,,,,,,,,,
2017-10-30,,,,,,,,,,,,,,,,,,,,
2017-10-31,,,,,,,,,,,,,,,,,,,,
2017-11-01,,,,,,,,,,,,,,,,,,,,
2017-11-02,,,,,,,,,,,,,,,,,,,,
2017-11-03,0.7357908,0.32510835,0.32147053,1.2219335,0.3597963,-0.59460187,0.15725932,0.46259147,1.2321153e-06,1.6169046e-06,3.6264464e-06,2.9936064e-06,7.996422e-06,1.4371322e-05,1.6844897e-05,1.9403213e-05,2.069401e-05,2.0713518e-05,1.3913827e-05,6.9740026e-06
2017-11-04,,,,,,,,,,,,,,,,,,,,
2017-11-05,,,,,,,,,,,,,,,,,,,,
2017-11-06,0.6679112,0.29106492,0.2807861,0.89363605,0.3019328,-0.5624943,0.14459282,0.41884494,2.8109225e-06,2.3273822e-06,3.7893767e-06,3.6667382e-06,8.4240155e-06,1.3412399e-05,1.5704694e-05,1.8045881e-05,1.97101e-05,1.9359204e-05,1.3215333e-05,7.2412454e-06
2017-11-07,,,,,,,,,,,,,,,,,,,,
2017-11-08,,,,,,,,,,,,,,,,,,,,
2017-11-09,,,,,,,,,,,,,,,,,,,,
2017-11-10,,,,,,,,,,,,,,,,,,,,
2017-11-11,,,,,,,,,,,,,,,,,,,,
2017-11-12,,,,,,,,,,,,,,,,,,,,
2017-11-13,,,,,,,,,,,,,,,,,,,,
2017-11-14,,,,,,,,,,,,,,,,,,,,
2017-11-15,,,,,,,,,,,,,,,,,,,,
2017-11-16,,,,,,,,,,,,,,,,,,,,
2017-11-17,,,,,,,,,,,,,,,,,,,,
2017-11-18,,,,,,,,,,,,,,,,,,,,
2017-11-19,,,,,,,,,,,,,,,,,,,,
2017-11-20,,,,,,,,,,,,,,,,,,,,
2017-11-21,,,,,,,,,,,,,,,,,,,,
2017-11-22,,,,,,,,,,,,,,,,,,,,
2017-11-23,,,,,,,,,,,,,,,,,,,,
2017-11-24,,,,,,,,,,,,,,,,,,,,
2017-11-25,,,,,,,,,,,,,,,,,,,,
2017-11-26,,,,,,,,,,,,,,,,,,,,
2017-11-27,,,,,,,,,,,,,,,,,,,,
2017-11-28,,,,,,,,,,,,,,,,,,,,
2017-11-29,,,,,,,,,,,,,,,,,,,,
2017-11-30,,,,,,,,,,,,,,,,,,,,
2017-12-01,,,,,,,,,,,,,,,,,,,,
2017-12-02,,,,,,,,,,,,,,,,,,,,
2017-12-03,,,,,,,,,,,,,,,,,,,,
2017-12-04,,,,,,,,,,,,,,,,,,,,
2017-12-05,,,,,,,,,,,,,,,,,,,,
2017-12-06,,,,,,,,,,,,,,,,,,,,
2017-12-07,,,,,,,,,,,,,,,,,,,,
2017-12-08,,,,,,,,,,,,,,,,,,,,
2017-12-09,,,,,,,,,,,,,,,,,,,,
2017-12-10,,,,,,,,,,,,,,,,,,,,
2017-12-11,,,,,,,,,,,,,,,,,,,,
2017-12-12,,,,,,,,,,,,,,,,,,,,
2017-12-13,,,,,,,,,,,,,,,,,,,,
2017-12-14,,,,,,,,,,,,,,,,,,,,
2017-12-15,,,,,,,,,,,,,,,,,,,,
2017-12-16,,,,,,,,,,,,,,,,,,,,
2017-12-17,,,,,,,,,,,,,,,,,,,,
2017-12-19,,,,,,,,,,,,,,,,,,,,
2017-12-20,,,,,,,,,,,,,,,,,,,,
2017-12-21,,,,,,,,,,,,,,,,,,,,
2017-12-22,,,,,,,,,,,,,,,,,,,,
2017-12-23,,,,,,,,,,,,,,,,,,,,
2017-12-24,,,,,,,,,,,,,,,,,,,,
2017-12-25,,,,,,,,,,,,,,,,,,,,
2017-12-26,,,,,,,,,,,,,,,,,,,,
2017-12-27,,,,,,,,,,,,,,,,,,,,
2017-12-28,,,,,,,,,,,,,,,,,,,,
2017-12-29,,,,,,,,,,,,,,,,,,,,
2017-12-30,,,,,,,,,,,,,,,,,,,,
2017-12-31,,,,,,,,,,,,,,,,,,,,
2018-01-01,,,,,,,,,,,,,,,,,,,,
2018-01-02,,,,,,,,,,,,,,,,,,,,
2018-01-03,,,,,,,,,,,,,,,,,,,,
2018-01-04,,,,,,,,,,,,,,,,,,,,
2018-01-05,,,,,,,,,,,,,,,,,,,,
2018-01-06,,,,,,,,,,,,,,,,,,,,
2018-01-07,,,,,,,,,,,,,,,,,,,,
2018-01-08,,,,,,,,,,,,,,,,,,,,
2018-01-09,,,,,,,,,,,,,,,,,,,,
2018-01-11,,,,,,,,,,,,,,,,,,,,
2018-01-12,,,,,,,,,,,,,,,,,,,,
2018-01-13,,,,,,,,,,,,,,,,,,,,
2018-01-14,,,,,,,,,,,,,,,,,,,,
2018-01-15,,,,,,,,,,,,,,,,,,,,
2018-01-16,,,,,,,,,,,,,,,,,,,,
2018-01-17,,,,,,,,,,,,,,,,,,,,
2018-01-18,,,,,,,,,,,,,,,,,,,,
2018-01-19,,,,,,,,,,,,,,,,,,,,
2018-01-21,,,,,,,,,,,,,,,,,,,,
2018-01-22,,,,,,,,,,,,,,,,,,,,
2018-01-23,,,,,,,,,,,,,,,,,,,,
2018-01-24,,,,,,,,,,,,,,,,,,,,
2018-01-25,,,,,,,,,,,,,,,,,,,,
2018-01-26,,,,,,,,,,,,,,,,,,,,
2018-01-27,0.59894353,0.3319719,0.2869655,1.7214777,0.41415983,-0.40678963,0.26686364,0.45409885,6.3788916e-06,7.030702e-06,7.554198e-06,7.891592e-06,1.0850261e-05,1.825376e-05,2.1655494e-05,2.3274853e-05,2.463607e-05,1.977036e-05,1.6609252e-05,1.25916e-05
2018-01-28,,,,,,,,,,,,,,,,,,,,
2018-01-29,,,,,,,,,,,,,,,,,,,,
2018-01-30,,,,,,,,,,,,,,,,,,,,
2018-01-31,,,,,,,,,,,,,,,,,,,,
2018-02-01,0.20283437,0.15732472,0.12098023,0.31179318,0.1322754,-0.3841529,-0.096661426,-0.04187274,1.9948273e-05,1.2600617e-05,1.3578719e-05,1.657775e-05,2.1153128e-05,2.5221445e-05,2.7342683e-05,2.4343908e-05,3.0544055e-05,3.323987e-05,2.9481464e-05,2.6803842e-05
2018-02-02,,,,,,,,,,,,,,,,,,,,
2018-02-03,,,,,,,,,,,,,,,,,,,,
2018-02-04,0.40227076,0.07529064,0.063435696,0.33198133,0.14055824,0.39553598,0.6478352,0.69443214,2.8745296e-06,3.340966e-06,2.5003571e-06,2.1714025e-06,3.1934455e-06,3.8437197e-06,4.226762e-06,4.9689716e-06,4.6158725e-06,4.6179953e-06,1.0807221e-06,9.047072e-07
2018-02-05,,,,,,,,,,,,,,,,,,,,
2018-02-07,,,,,,,,,,,,,,,,,,,,
2018-02-08,,,,,,,,,,,,,,,,,,,,
2018-02-10,,,,,,,,,,,,,,,,,,,,
2018-02-11,,,,,,,,,,,,,,,,,,,,
2018-02-12,,,,,,,,,,,,,,,,,,,,
2018-02-13,,,,,,,,,,,,,,,,,,,,
2018-02-15,,,,,,,,,,,,,,,,,,,,
2018-02-17,,,,,,,,,,,,,,,,,,,,
2018-02-18,,,,,,,,,,,,,,,,,,,,
2018-02-19,,,,,,,,,,,,,,,,,,,,
2018-02-20,,,,,,,,,,,,,,,,,,,,
2018-02-21,,,,,,,,,,,,,,,,,,,,
2018-02-22,,,,,,,,,,,,,,,,,,,,
2018-02-23,,,,,,,,,,,,,,,,,,,,
2018-02-24,,,,,,,,,,,,,,,,,,,,
2018-02-25,,,,,,,,,,,,,,,,,,,,
2018-02-26,,,,,,,,,,,,,,,,,,,,
2018-02-27,,,,,,,,,,,,,,,,,,,,
2018-02-28,,,,,,,,,,,,,,,,,,,,
2018-03-01,0.45063123,0.19035126,0.18047637,0.6967126,0.23169586,-0.572859,-0.03039822,0.12792009,2.1364742e-06,3.6649524e-06,4.411373e-06,5.791768e-06,8.248662e-06,1.1246708e-05,1.3095371e-05,1.5087758e-05,1.6302518e-05,1.623123e-05,1.641357e-05,1.1904587e-05
2018-03-02,,,,,,,,,,,,,,,,,,,,
2018-03-03,0.43443424,0.18380375,0.1793685,0.5852468,0.2106434,-0.6019054,-0.103103355,0.09365104,2.3837622e-06,3.357643e-06,4.7478934e-06,6.141081e-06,8.835008e-06,1.1586381e-05,1.3488686e-05,1.5478981e-05,1.667541e-05,1.6264194e-05,1.936758e-05,1.300286e-05
2018-03-04,,,,,,,,,,,,,,,,,,,,
2018-03-05,,,,,,,,,,,,,,,,,,,,
2018-03-06,,,,,,,,,,,,,,,,,,,,
2018-03-07,,,,,,,,,,,,,,,,,,,,
2018-03-08,,,,,,,,,,,,,,,,,,,,
2018-03-09,,,,,,,,,,,,,,,,,,,,
2018-03-10,,,,,,,,,,,,,,,,,,,,
2018-03-11,,,,,,,,,,,,,,,,,,,,
2018-03-12,,,,,,,,,,,,,,,,,,,,
2018-03-13,,,,,,,,,,,,,,,,,,,,
2018-03-14,,,,,,,,,,,,,,,,,,,,
2018-03-15,,,,,,,,,,,,,,,,,,,,
2018-03-16,,,,,,,,,,,,,,,,,,,,
2018-03-17,,,,,,,,,,,,,,,,,,,,
2018-03-18,,,,,,,,,,,,,,,,,,,,
2018-03-19,,,,,,,,,,,,,,,,,,,,
2018-03-20,,,,,,,,,,,,,,,,,,,,
2018-03-21,,,,,,,,,,,,,,,,,,,,
2018-03-22,,,,,,,,,,,,,,,,,,,,
2018-03-23,,,,,,,,,,,,,,,,,,,,
2018-03-24,,,,,,,,,,,,,,,,,,,,
2018-03-25,,,,,,,,,,,,,,,,,,,,
2018-03-26,,,,,,,,,,,,,,,,,,,,
2018-03-27,,,,,,,,,,,,,,,,,,,,
2018-03-28,,,,,,,,,,,,,,,,,,,,
2018-03-29,,,,,,,,,,,,,,,,,,,,
2018-03-30,,,,,,,,,,,,,,,,,,,,
2018-03-31,,,,,,,,,,,,,,,,,,,,
2018-04-01,,,,,,,,,,,,,,,,,,,,
2018-04-02,,,,,,,,,,,,,,,,,,,,
2018-04-03,,,,,,,,,,,,,,,,,,,,
2018-04-04,,,,,,,,,,,,,,,,,,,,
2018-04-05,,,,,,,,,,,,,,,,,,,,
2018-04-06,,,,,,,,,,,,,,,,,,,,
2018-04-07,0.45407903,0.213929,0.20510726,0.5979804,0.2186619,-0.62871844,-0.112270445,0.06696926,2.481848e-06,3.933344e-06,5.065675e-06,6.685163e-06,9.4498655e-06,1.2672318e-05,1.4669163e-05,1.7651078e-05,1.7948163e-05,1.7525817e-05,2.2343778e-05,1.5617847e-05
2018-04-08,,,,,,,,,,,,,,,,,,,,
2018-04-09,,,,,,,,,,,,,,,,,,,,
2018-04-10,0.45427534,0.22579989,0.2050595,0.6398646,0.23500206,-0.58864576,-0.098448,0.08536873,4.0149002e-06,4.8166485e-06,5.55654e-06,6.6521325e-06,9.762152e-06,1.3546034e-05,1.5691734e-05,1.7605527e-05,1.8739456e-05,1.8618699e-05,2.1645757e-05,1.49905e-05
2018-04-11,,,,,,,,,,,,,,,,,,,,
2018-04-12,,,,,,,,,,,,,,,,,,,,
2018-04-13,,,,,,,,,,,,,,,,,,,,
2018-04-14,,,,,,,,,,,,,,,,,,,,
2018-04-15,,,,,,,,,,,,,,,,,,,,
2018-04-16,,,,,,,,,,,,,,,,,,,,
2018-04-17,0.59267604,0.31260416,0.2983306,0.98424596,0.3239797,-0.5819945,0.025240004,0.2523216,1.4238557e-06,3.4983805e-06,5.4718685e-06,5.60136e-06,9.856299e-06,1.6707916e-05,1.9216784e-05,2.1747705e-05,2.2357877e-05,2.2168848e-05,2.083624e-05,1.3104113e-05
2018-04-18,,,,,,,,,,,,,,,,,,,,
2018-04-19,,,,,,,,,,,,,,,,,,,,
2018-04-20,0.6904748,0.4020548,0.3627544,1.333396,0.3960066,-0.50956583,0.14004064,0.3894654,2.8780648e-06,3.8454773e-06,5.8548885e-06,4.3907767e-06,9.58393e-06,1.9089926e-05,2.2076534e-05,2.3930263e-05,2.4812436e-05,2.4778697e-05,1.8129476e-05,1.0570774e-05
2018-04-21,,,,,,,,,,,,,,,,,,,,
2018-04-22,0.7065044,0.44806138,0.419501,1.3488978,0.40018383,-0.44491482,0.22205664,0.50232995,2.2267343e-06,3.5177145e-06,6.9234043e-06,4.863604e-06,1.1641274e-05,2.3888397e-05,2.7128357e-05,2.8417233e-05,2.9854531e-05,2.9965564e-05,1.8100189e-05,9.416443e-06
2018-04-23,,,,,,,,,,,,,,,,,,,,
2018-04-24,,,,,,,,,,,,,,,,,,,,
2018-04-25,,,,,,,,,,,,,,,,,,,,
2018-04-26,,,,,,,,,,,,,,,,,,,,
2018-04-27,,,,,,,,,,,,,,,,,,,,
2018-04-28,,,,,,,,,,,,,,,,,,,,
2018-04-29,,,,,,,,,,,,,,,,,,,,
2018-04-30,,,,,,,,,,,,,,,,,,,,
2018-05-01,,,,,,,,,,,,,,,,,,,,
2018-05-02,,,,,,,,,,,,,,,,,,,,
2018-05-03,,,,,,,,,,,,,,,,,,,,
2018-05-04,,,,,,,,,,,,,,,,,,,,
2018-05-05,,,,,,,,,,,,,,,,,,,,
2018-05-06,,,,,,,,,,,,,,,,,,,,
2018-05-08,,,,,,,,,,,,,,,,,,,,
2018-05-09,,,,,,,,,,,,,,,,,,,,
2018-05-11,,,,,,,,,,,,,,,,,,,,
2018-05-12,,,,,,,,,,,,,,,,,,,,
2018-05-13,,,,,,,,,,,,,,,,,,,,
2018-05-14,,,,,,,,,,,,,,,,,,,,
2018-05-15,,,,,,,,,,,,,,,,,,,,
2018-05-16,,,,,,,,,,,,,,,,,,,,
2018-05-17,,,,,,,,,,,,,,,,,,,,
2018-05-18,,,,,,,,,,,,,,,,,,,,
2018-05-19,,,,,,,,,,,,,,,,,,,,
2018-05-21,,,,,,,,,,,,,,,,,,,,
2018-05-23,,,,,,,,,,,,,,,,,,,,
2018-05-24,,,,,,,,,,,,,,,,,,,,
2018-05-26,,,,,,,,,,,,,,,,,,,,
2018-05-27,,,,,,,,,,,,,,,,,,,,
2018-05-28,,,,,,,,,,,,,,,,,,,,
2018-05-29,,,,,,,,,,,,,,,,,,,,
2018-05-31,,,,,,,,,,,,,,,,,,,,
2018-06-01,,,,,,,,,,,,,,,,,,,,
2018-06-02,,,,,,,,,,,,,,,,,,,,
2018-06-03,,,,,,,,,,,,,,,,,,,,
2018-06-05,,,,,,,,,,,,,,,,,,,,
2018-06-06,,,,,,,,,,,,,,,,,,,,
2018-06-07,,,,,,,,,,,,,,,,,,,,
2018-06-08,,,,,,,,,,,,,,,,,,,,
2018-06-10,,,,,,,,,,,,,,,,,,,,
2018-06-12,,,,,,,,,,,,,,,,,,,,
2018-06-13,,,,,,,,,,,,,,,,,,,,
2018-06-15,,,,,,,,,,,,,,,,,,,,
2018-06-16,,,,,,,,,,,,,,,,,,,,
2018-06-17,,,,,,,,,,,,,,,,,,,,
2018-06-18,,,,,,,,,,,,,,,,,,,,
2018-06-19,,,,,,,,,,,,,,,,,,,,
2018-06-20,,,,,,,,,,,,,,,,,,,,
2018-06-21,,,,,,,,,,,,,,,,,,,,
2018-06-22,,,,,,,,,,,,,,,,,,,,
2018-06-23,,,,,,,,,,,,,,,,,,,,
2018-06-24,,,,,,,,,,,,,,,,,,,,
2018-06-25,,,,,,,,,,,,,,,,,,,,
2018-06-27,,,,,,,,,,,,,,,,,,,,
2018-06-28,,,,,,,,,,,,,,,,,,,,
2018-06-29,,,,,,,,,,,,,,,,,,,,
2018-06-30,,,,,,,,,,,,,,,,,,,,
2018-07-02,,,,,,,,,,,,,,,,,,,,
2018-07-03,,,,,,,,,,,,,,,,,,,,
2018-07-05,,,,,,,,,,,,,,,,,,,,
2018-07-06,,,,,,,,,,,,,,,,,,,,
2018-07-07,,,,,,,,,,,,,,,,,,,,
2018-07-08,,,,,,,,,,,,,,,,,,,,
2018-07-10,,,,,,,,,,,,,,,,,,,,
2018-07-11,,,,,,,,,,,,,,,,,,,,
2018-07-12,,,,,,,,,,,,,,,,,,,,
2018-07-13,,,,,,,,,,,,,,,,,,,,
2018-07-15,,,,,,,,,,,,,,,,,,,,
2018-07-16,,,,,,,,,,,,,,,,,,,,
2018-07-17,,,,,,,,,,,,,,,,,,,,
2018-07-18,,,,,,,,,,,,,,,,,,,,
2018-07-20,,,,,,,,,,,,,,,,,,,,
2018-07-21,,,,,,,,,,,,,,,,,,,,
2018-07-22,,,,,,,,,,,,,,,,,,,,
2018-07-23,,,,,,,,,,,,,,,,,,,,
2018-07-25,,,,,,,,,,,,,,,,,,,,
2018-07-27,,,,,,,,,,,,,,,,,,,,
2018-07-28,,,,,,,,,,,,,,,,,,,,
2018-07-29,,,,,,,,,,,,,,,,,,,,
2018-07-30,,,,,,,,,,,,,,,,,,,,
2018-08-01,,,,,,,,,,,,,,,,,,,,
2018-08-02,,,,,,,,,,,,,,,,,,,,
2018-08-04,,,,,,,,,,,,,,,,,,,,
2018-08-05,,,,,,,,,,,,,,,,,,,,
2018-08-06,,,,,,,,,,,,,,,,,,,,
2018-08-07,,,,,,,,,,,,,,,,,,,,
2018-08-09,,,,,,,,,,,,,,,,,,,,
2018-08-11,,,,,,,,,,,,,,,,,,,,
2018-08-12,,,,,,,,,,,,,,,,,,,,
2018-08-13,,,,,,,,,,,,,,,,,,,,
2018-08-14,,,,,,,,,,,,,,,,,,,,
2018-08-15,,,,,,,,,,,,,,,,,,,,
2018-08-16,,,,,,,,,,,,,,,,,,,,
2018-08-17,,,,,,,,,,,,,,,,,,,,
2018-08-19,,,,,,,,,,,,,,,,,,,,
2018-08-20,,,,,,,,,,,,,,,,,,,,
2018-08-21,,,,,,,,,,,,,,,,,,,,
2018-08-22,,,,,,,,,,,,,,,,,,,,
2018-08-24,,,,,,,,,,,,,,,,,,,,
2018-08-25,,,,,,,,,,,,,,,,,,,,
2018-08-26,,,,,,,,,,,,,,,,,,,,
2018-08-27,,,,,,,,,,,,,,,,,,,,
2018-08-28,,,,,,,,,,,,,,,,,,,,
2018-08-29,,,,,,,,,,,,,,,,,,,,
2018-08-30,,,,,,,,,,,,,,,,,,,,
2018-08-31,,,,,,,,,,,,,,,,,,,,
2018-09-01,,,,,,,,,,,,,,,,,,,,
2018-09-02,,,,,,,,,,,,,,,,,,,,
2018-09-03,,,,,,,,,,,,,,,,,,,,
2018-09-04,,,,,,,,,,,,,,,,,,,,
2018-09-05,,,,,,,,,,,,,,,,,,,,
2018-09-06,,,,,,,,,,,,,,,,,,,,
2018-09-08,,,,,,,,,,,,,,,,,,,,
2018-09-10,,,,,,,,,,,,,,,,,,,,
2018-09-11,,,,,,,,,,,,,,,,,,,,
2018-09-12,0.6294992,0.35242125,0.28323174,1.7968413,0.463258,-0.3437108,0.2586039,0.4114479,6.138689e-06,5.3096555e-06,5.5340934e-06,4.390843e-06,6.89498e-06,1.5146684e-05,1.8616247e-05,1.9122199e-05,2.045969e-05,2.0713755e-05,1.1251612e-05,8.064732e-06
2018-09-13,,,,,,,,,,,,,,,,,,,,
2018-09-15,,,,,,,,,,,,,,,,,,,,
2018-09-16,,,,,,,,,,,,,,,,,,,,
2018-09-17,,,,,,,,,,,,,,,,,,,,
2018-09-18,,,,,,,,,,,,,,,,,,,,
2018-09-20,,,,,,,,,,,,,,,,,,,,
2018-09-21,,,,,,,,,,,,,,,,,,,,
2018-09-22,,,,,,,,,,,,,,,,,,,,
2018-09-23,,,,,,,,,,,,,,,,,,,,
2018-09-25,,,,,,,,,,,,,,,,,,,,
2018-09-26,,,,,,,,,,,,,,,,,,,,
2018-09-28,,,,,,,,,,,,,,,,,,,,
2018-09-30,,,,,,,,,,,,,,,,,,,,
2018-10-01,,,,,,,,,,,,,,,,,,,,
2018-10-02,,,,,,,,,,,,,,,,,,,,
2018-10-03,,,,,,,,,,,,,,,,,,,,
2018-10-04,,,,,,,,,,,,,,,,,,,,
2018-10-05,,,,,,,,,,,,,,,,,,,,
2018-10-06,,,,,,,,,,,,,,,,,,,,
2018-10-07,,,,,,,,,,,,,,,,,,,,
2018-10-08,,,,,,,,,,,,,,,,,,,,
2018-10-09,,,,,,,,,,,,,,,,,,,,
2018-10-10,,,,,,,,,,,,,,,,,,,,
2018-10-11,,,,,,,,,,,,,,,,,,,,
2018-10-13,,,,,,,,,,,,,,,,,,,,
2018-10-15,,,,,,,,,,,,,,,,,,,,
2018-10-16,,,,,,,,,,,,,,,,,,,,
2018-10-17,0.6141904,0.432665,0.35025328,1.402361,0.40946844,-0.32980353,0.27003685,0.56746334,5.8247047e-06,6.549935e-06,7.4719464e-06,6.1714873e-06,1.0185459e-05,2.009065e-05,2.430114e-05,2.5933625e-05,2.8138982e-05,2.83318e-05,1.488864e-05,7.139042e-06
2018-10-18,,,,,,,,,,,,,,,,,,,,
2018-10-20,,,,,,,,,,,,,,,,,,,,
2018-10-21,,,,,,,,,,,,,,,,,,,,
2018-10-22,,,,,,,,,,,,,,,,,,,,
2018-10-23,,,,,,,,,,,,,,,,,,,,
2018-10-24,,,,,,,,,,,,,,,,,,,,
2018-10-25,,,,,,,,,,,,,,,,,,,,
2018-10-26,,,,,,,,,,,,,,,,,,,,
2018-10-27,,,,,,,,,,,,,,,,,,,,
2018-10-28,,,,,,,,,,,,,,,,,,,,
2018-10-29,,,,,,,,,,,,,,,,,,,,
2018-10-30,,,,,,,,,,,,,,,,,,,,
2018-10-31,,,,,,,,,,,,,,,,,,,,
2018-11-01,,,,,,,,,,,,,,,,,,,,
2018-11-02,,,,,,,,,,,,,,,,,,,,
2018-11-03,0.7104211,0.3319211,0.31470346,1.2421107,0.37706488,-0.3867298,0.31445113,0.6057546,1.1379461e-06,2.4170918e-06,4.4149765e-06,3.2643252e-06,8.141396e-06,1.5585536e-05,1.802097e-05,1.9402418e-05,2.088612e-05,2.0453632e-05,9.999276e-06,4.6963537e-06
2018-11-04,,,,,,,,,,,,,,,,,,,,
2018-11-05,,,,,,,,,,,,,,,,,,,,
2018-11-06,0.70584923,0.3319566,0.35560784,1.1600627,0.34265605,-0.56286705,0.25567085,0.5550341,1e-08,6.291628e-07,3.9285046e-06,4.114707e-06,1.0258775e-05,1.7511155e-05,2.0637877e-05,2.3154524e-05,2.5061718e-05,2.5755231e-05,1.3529932e-05,6.4958194e-06
2018-11-07,,,,,,,,,,,,,,,,,,,,
2018-11-08,,,,,,,,,,,,,,,,,,,,
2018-11-09,,,,,,,,,,,,,,,,,,,,
2018-11-10,,,,,,,,,,,,,,,,,,,,
2018-11-11,,,,,,,,,,,,,,,,,,,,
2018-11-12,,,,,,,,,,,,,,,,,,,,
2018-11-13,,,,,,,,,,,,,,,,,,,,
2018-11-14,,,,,,,,,,,,,,,,,,,,
2018-11-15,,,,,,,,,,,,,,,,,,,,
2018-11-16,0.559328,0.24393359,0.24316514,0.8874344,0.28851074,-0.60061216,0.11406115,0.37670708,9.1681386e-07,2.416002e-06,3.4714499e-06,5.030073e-06,7.791837e-06,1.1385777e-05,1.40583625e-05,1.7687895e-05,1.9193381e-05,2.0163581e-05,1.4088535e-05,7.987514e-06
2018-11-17,,,,,,,,,,,,,,,,,,,,
2018-11-18,,,,,,,,,,,,,,,,,,,,
2018-11-19,,,,,,,,,,,,,,,,,,,,
2018-11-20,,,,,,,,,,,,,,,,,,,,
2018-11-21,,,,,,,,,,,,,,,,,,,,
2018-11-22,,,,,,,,,,,,,,,,,,,,
2018-11-23,,,,,,,,,,,,,,,,,,,,
2018-11-24,,,,,,,,,,,,,,,,,,,,
2018-11-25,,,,,,,,,,,,,,,,,,,,
2018-11-26,,,,,,,,,,,,,,,,,,,,
2018-11-27,,,,,,,,,,,,,,,,,,,,
2018-11-29,,,,,,,,,,,,,,,,,,,,
2018-11-30,,,,,,,,,,,,,,,,,,,,
2018-12-01,,,,,,,,,,,,,,,,,,,,
2018-12-02,,,,,,,,,,,,,,,,,,,,
2018-12-03,,,,,,,,,,,,,,,,,,,,
2018-12-04,,,,,,,,,,,,,,,,,,,,
2018-12-05,,,,,,,,,,,,,,,,,,,,
2018-12-06,,,,,,,,,,,,,,,,,,,,
2018-12-07,,,,,,,,,,,,,,,,,,,,
2018-12-08,,,,,,,,,,,,,,,,,,,,
2018-12-09,,,,,,,,,,,,,,,,,,,,
2018-12-10,,,,,,,,,,,,,,,,,,,,
2018-12-11,,,,,,,,,,,,,,,,,,,,
2018-12-12,,,,,,,,,,,,,,,,,,,,
2018-12-13,,,,,,,,,,,,,,,,,,,,
2018-12-14,,,,,,,,,,,,,,,,,,,,
2018-12-15,,,,,,,,,,,,,,,,,,,,
2018-12-16,,,,,,,,,,,,,,,,,,,,
2018-12-17,,,,,,,,,,,,,,,,,,,,
2018-12-18,,,,,,,,,,,,,,,,,,,,
2018-12-19,,,,,,,,,,,,,,,,,,,,
2018-12-20,,,,,,,,,,,,,,,,,,,,
2018-12-21,,,,,,,,,,,,,,,,,,,,
2018-12-22,,,,,,,,,,,,,,,,,,,,
2018-12-23,,,,,,,,,,,,,,,,,,,,
2018-12-24,,,,,,,,,,,,,,,,,,,,
2018-12-25,,,,,,,,,,,,,,,,,,,,
2018-12-26,,,,,,,,,,,,,,,,,,,,
2018-12-27,,,,,,,,,,,,,,,,,,,,
2018-12-28,,,,,,,,,,,,,,,,,,,,
2018-12-29,,,,,,,,,,,,,,,,,,,,
2018-12-30,,,,,,,,,,,,,,,,,,,,
2018-12-31,,,,,,,,,,,,,,,,,,,,
2019-01-01,,,,,,,,,,,,,,,,,,,,
2019-01-02,,,,,,,,,,,,,,,,,,,,
2019-01-03,,,,,,,,,,,,,,,,,,,,
2019-01-04,,,,,,,,,,,,,,,,,,,,
2019-01-05,,,,,,,,,,,,,,,,,,,,
2019-01-06,,,,,,,,,,,,,,,,,,,,
2019-01-07,,,,,,,,,,,,,,,,,,,,
2019-01-08,,,,,,,,,,,,,,,,,,,,
2019-01-09,,,,,,,,,,,,,,,,,,,,
2019-01-10,,,,,,,,,,,,,,,,,,,,
2019-01-11,,,,,,,,,,,,,,,,,,,,
2019-01-12,,,,,,,,,,,,,,,,,,,,
2019-01-13,,,,,,,,,,,,,,,,,,,,
2019-01-14,,,,,,,,,,,,,,,,,,,,
2019-01-15,,,,,,,,,,,,,,,,,,,,
2019-01-16,,,,,,,,,,,,,,,,,,,,
2019-01-17,0.440922,0.051828958,0.049950734,0.4904041,0.16217905,-0.14118996,0.32954186,0.5636447,9.1655073e-07,8.353404e-07,8.932812e-07,8.572029e-07,1.3537452e-06,2.253614e-06,2.4457643e-06,3.1227878e-06,2.682879e-06,2.456336e-06,1.4073518e-06,7.164394e-07
2019-01-18,,,,,,,,,,,,,,,,,,,,
2019-01-19,,,,,,,,,,,,,,,,,,,,
2019-01-20,0.68599105,0.34951213,0.31404844,1.7796326,0.4441317,-0.18464981,0.5634631,0.7215028,5.702726e-06,4.046434e-06,4.419575e-06,4.1947005e-06,7.06378e-06,1.5233797e-05,1.7516744e-05,2.0426662e-05,2.0219486e-05,1.9687082e-05,5.653675e-06,3.294414e-06
2019-01-21,,,,,,,,,,,,,,,,,,,,
2019-01-23,,,,,,,,,,,,,,,,,,,,
2019-01-24,,,,,,,,,,,,,,,,,,,,
2019-01-25,,,,,,,,,,,,,,,,,,,,
2019-01-26,,,,,,,,,,,,,,,,,,,,
2019-01-27,,,,,,,,,,,,,,,,,,,,
2019-01-28,,,,,,,,,,,,,,,,,,,,
2019-01-29,,,,,,,,,,,,,,,,,,,,
2019-01-30,,,,,,,,,,,,,,,,,,,,
2019-01-31,,,,,,,,,,,,,,,,,,,,
2019-02-01,,,,,,,,,,,,,,,,,,,,
2019-02-02,,,,,,,,,,,,,,,,,,,,
2019-02-03,,,,,,,,,,,,,,,,,,,,
2019-02-05,,,,,,,,,,,,,,,,,,,,
2019-02-06,,,,,,,,,,,,,,,,,,,,
2019-02-07,,,,,,,,,,,,,,,,,,,,
2019-02-08,,,,,,,,,,,,,,,,,,,,
2019-02-09,,,,,,,,,,,,,,,,,,,,
2019-02-10,,,,,,,,,,,,,,,,,,,,
2019-02-11,-0.0019011218,-0.0015744597,-0.0013790703,0.27884966,0.122364216,-0.3562357,-0.22205092,-0.30479094,3.238e-05,1.4235e-05,1.5905e-05,2.1445e-05,2.747e-05,3.179e-05,3.513e-05,2.133e-05,3.904e-05,4.973e-05,3.341e-05,3.993e-05
2019-02-12,,,,,,,,,,,,,,,,,,,,
2019-02-13,,,,,,,,,,,,,,,,,,,,
2019-02-14,0.5535872,0.20574103,0.20491132,0.9390256,0.28440443,-0.68170863,-0.02520749,0.16942687,5.873182e-07,2.0380633e-06,2.911905e-06,4.157077e-06,6.723998e-06,1.009249e-05,1.20413615e-05,1.4344849e-05,1.5106519e-05,1.5582778e-05,1.5343616e-05,1.0363454e-05
2019-02-15,,,,,,,,,,,,,,,,,,,,
2019-02-16,0.52571124,0.19038107,0.19521251,0.7531218,0.25800562,-0.687683,-0.09392103,0.12603347,8.848084e-07,1.6787183e-06,3.1782006e-06,4.403497e-06,6.8150634e-06,9.752193e-06,1.1585372e-05,1.4161137e-05,1.4498011e-05,1.416882e-05,1.712301e-05,1.09906405e-05
2019-02-17,,,,,,,,,,,,,,,,,,,,
2019-02-18,,,,,,,,,,,,,,,,,,,,
2019-02-19,,,,,,,,,,,,,,,,,,,,
2019-02-20,,,,,,,,,,,,,,,,,,,,
2019-02-21,,,,,,,,,,,,,,,,,,,,
2019-02-22,,,,,,,,,,,,,,,,,,,,
2019-02-23,,,,,,,,,,,,,,,,,,,,
2019-02-24,0.49771085,0.18159567,0.17817794,0.7398969,0.2543976,-0.6568741,-0.08958713,0.09657869,1.2302577e-06,2.4563212e-06,3.3254755e-06,4.4976946e-06,6.7681235e-06,9.577218e-06,1.1379765e-05,1.3352199e-05,1.4265277e-05,1.4296193e-05,1.6068361e-05,1.1064807e-05
2019-02-25,,,,,,,,,,,,,,,,,,,,
2019-02-26,0.49074546,0.19100346,0.19025446,0.6417096,0.23270711,-0.6535736,-0.11176606,0.09783403,1.9369552e-06,2.4737415e-06,3.8595194e-06,5.032049e-06,7.728792e-06,1.0646255e-05,1.2424603e-05,1.4691431e-05,1.531059e-05,1.5296824e-05,1.8454737e-05,1.2109154e-05
2019-02-27,,,,,,,,,,,,,,,,,,,,
2019-02-28,,,,,,,,,,,,,,,,,,,,
2019-03-01,,,,,,,,,,,,,,,,,,,,
2019-03-02,,,,,,,,,,,,,,,,,,,,
2019-03-03,,,,,,,,,,,,,,,,,,,,
2019-03-04,,,,,,,,,,,,,,,,,,,,
2019-03-05,,,,,,,,,,,,,,,,,,,,
2019-03-06,0.49232182,0.23803335,0.22752348,0.7942953,0.26318648,-0.54678726,0.06318695,0.2378543,2.2457302e-06,3.7718432e-06,4.766585e-06,6.3305947e-06,9.496455e-06,1.3841194e-05,1.6207607e-05,1.844427e-05,1.9415007e-05,2.026179e-05,1.6630169e-05,1.1590169e-05
2019-03-07,,,,,,,,,,,,,,,,,,,,
2019-03-08,,,,,,,,,,,,,,,,,,,,
2019-03-09,,,,,,,,,,,,,,,,,,,,
2019-03-10,,,,,,,,,,,,,,,,,,,,
2019-03-11,,,,,,,,,,,,,,,,,,,,
2019-03-12,,,,,,,,,,,,,,,,,,,,
2019-03-13,,,,,,,,,,,,,,,,,,,,
2019-03-14,,,,,,,,,,,,,,,,,,,,
2019-03-15,,,,,,,,,,,,,,,,,,,,
2019-03-16,,,,,,,,,,,,,,,,,,,,
2019-03-17,,,,,,,,,,,,,,,,,,,,
2019-03-18,,,,,,,,,,,,,,,,,,,,
2019-03-19,,,,,,,,,,,,,,,,,,,,
2019-03-20,,,,,,,,,,,,,,,,,,,,
2019-03-21,0.33149445,0.1914701,0.15444127,0.40409732,0.1626954,-0.44215277,-0.09973628,0.081009336,8.895786e-06,8.065014e-06,8.551058e-06,9.135271e-06,1.197767e-05,1.4706891e-05,1.6377458e-05,1.7680442e-05,1.9208834e-05,1.9450597e-05,2.1889038e-05,1.5398875e-05
2019-03-22,,,,,,,,,,,,,,,,,,,,
2019-03-23,,,,,,,,,,,,,,,,,,,,
2019-03-24,,,,,,,,,,,,,,,,,,,,
2019-03-25,,,,,,,,,,,,,,,,,,,,
2019-03-26,,,,,,,,,,,,,,,,,,,,
2019-03-27,,,,,,,,,,,,,,,,,,,,
2019-03-28,,,,,,,,,,,,,,,,,,,,
2019-03-29,,,,,,,,,,,,,,,,,,,,
2019-03-30,,,,,,,,,,,,,,,,,,,,
2019-03-31,,,,,,,,,,,,,,,,,,,,
2019-04-01,,,,,,,,,,,,,,,,,,,,
2019-04-02,0.4744805,0.24030988,0.21463646,0.6365512,0.23639286,-0.5594343,-0.06821837,0.12531318,3.981793e-06,4.9324112e-06,5.7385632e-06,6.3514176e-06,9.610025e-06,1.3555267e-05,1.5534368e-05,1.7777667e-05,1.8368533e-05,1.8563898e-05,2.0528785e-05,1.3935265e-05
2019-04-03,,,,,,,,,,,,,,,,,,,,
2019-04-04,,,,,,,,,,,,,,,,,,,,
2019-04-05,,,,,,,,,,,,,,,,,,,,
2019-04-06,,,,,,,,,,,,,,,,,,,,
2019-04-07,0.5293216,0.2601914,0.23984757,0.7384385,0.26579127,-0.57234323,-0.04386817,0.18921578,3.941072e-06,4.076594e-06,5.4221323e-06,5.658194e-06,9.50543e-06,1.4280362e-05,1.6359765e-05,1.832017e-05,1.9210207e-05,1.9199706e-05,2.0117614e-05,1.2574866e-05
2019-04-08,,,,,,,,,,,,,,,,,,,,
2019-04-09,,,,,,,,,,,,,,,,,,,,
2019-04-10,,,,,,,,,,,,,,,,,,,,
2019-04-11,,,,,,,,,,,,,,,,,,,,
2019-04-12,,,,,,,,,,,,,,,,,,,,
2019-04-13,,,,,,,,,,,,,,,,,,,,
2019-04-14,,,,,,,,,,,,,,,,,,,,
2019-04-15,0.5966013,0.28495425,0.265311,0.9126509,0.30845162,-0.5767429,0.03984348,0.25620106,2.7686435e-06,3.4344105e-06,4.5760667e-06,4.700604e-06,8.622536e-06,1.4153329e-05,1.6263155e-05,1.848211e-05,1.9141506e-05,1.9288236e-05,1.7157961e-05,1.101941e-05
2019-04-16,,,,,,,,,,,,,,,,,,,,
2019-04-17,0.62720996,0.31238863,0.29936233,0.94260585,0.3161827,-0.5982027,0.029620994,0.2765346,2.6651019e-06,2.99596e-06,4.8725005e-06,4.743091e-06,9.381694e-06,1.5738104e-05,1.8007162e-05,2.0557321e-05,2.0913798e-05,2.0846335e-05,1.9431205e-05,1.1696566e-05
2019-04-18,,,,,,,,,,,,,,,,,,,,
2019-04-19,,,,,,,,,,,,,,,,,,,,
2019-04-20,0.6868094,0.3574067,0.33920014,1.1881359,0.36927328,-0.5628277,0.10281061,0.36488348,2.6484283e-06,2.8472166e-06,5.011965e-06,4.093587e-06,9.152021e-06,1.7260962e-05,1.9809093e-05,2.201613e-05,2.2652412e-05,2.2863405e-05,1.7897757e-05,1.0238294e-05
2019-04-21,,,,,,,,,,,,,,,,,,,,
2019-04-22,0.7321394,0.40313762,0.37610775,1.38046,0.4052679,-0.5486937,0.14898086,0.40638417,1.8114762e-06,2.9267965e-06,5.097525e-06,3.652244e-06,8.9299365e-06,1.8281356e-05,2.1033993e-05,2.3626415e-05,2.3786773e-05,2.4017996e-05,1.7458406e-05,9.944917e-06
2019-04-23,,,,,,,,,,,,,,,,,,,,
2019-04-24,,,,,,,,,,,,,,,,,,,,
2019-04-25,0.80684906,0.42757073,0.4067992,1.7306663,0.46133226,-0.548814,0.23023719,0.4986943,1.1891693e-06,2.0484345e-06,4.324645e-06,2.528154e-06,8.11939e-06,1.8729836e-05,2.1931868e-05,2.3720282e-05,2.4658744e-05,2.4847062e-05,1.47792525e-05,7.888962e-06
2019-04-26,,,,,,,,,,,,,,,,,,,,
2019-04-27,,,,,,,,,,,,,,,,,,,,
2019-04-28,,,,,,,,,,,,,,,,,,,,
2019-04-29,,,,,,,,,,,,,,,,,,,,
2019-04-30,0.8254866,0.47846267,0.45537993,1.7608546,0.4661337,-0.4831453,0.31369826,0.5942993,1.990773e-06,2.0682571e-06,4.879286e-06,2.5393947e-06,9.155005e-06,2.1735e-05,2.5078883e-05,2.6859603e-05,2.7631735e-05,2.805516e-05,1.391876e-05,6.765408e-06
2019-05-01,,,,,,,,,,,,,,,,,,,,
2019-05-02,,,,,,,,,,,,,,,,,,,,
2019-05-03,,,,,,,,,,,,,,,,,,,,
2019-05-04,,,,,,,,,,,,,,,,,,,,
2019-05-05,,,,,,,,,,,,,,,,,,,,
2019-05-06,,,,,,,,,,,,,,,,,,,,
2019-05-07,,,,,,,,,,,,,,,,,,,,
2019-05-08,,,,,,,,,,,,,,,,,,,,
2019-05-09,,,,,,,,,,,,,,,,,,,,
2019-05-10,,,,,,,,,,,,,,,,,,,,
2019-05-11,,,,,,,,,,,,,,,,,,,,
2019-05-12,0.8391037,0.59910136,0.54091233,1.9671911,0.49307963,-0.3999824,0.40108496,0.6606104,2.201205e-06,3.2730143e-06,6.27335e-06,3.0485082e-06,1.06731095e-05,2.6995463e-05,3.1215222e-05,3.41627e-05,3.3572676e-05,3.4017572e-05,1.4640464e-05,7.0038604e-06
2019-05-13,,,,,,,,,,,,,,,,,,,,
2019-05-14,,,,,,,,,,,,,,,,,,,,
2019-05-15,,,,,,,,,,,,,,,,,,,,
2019-05-16,,,,,,,,,,,,,,,,,,,,
2019-05-17,0.50635445,0.45188132,0.3249185,1.0304645,0.33904585,-0.22577232,0.24216077,0.39341423,1.554383e-05,1.0135825e-05,1.1270434e-05,9.573198e-06,1.4540398e-05,2.5907751e-05,2.94615e-05,2.9419763e-05,3.1425974e-05,3.5898924e-05,1.7831006e-05,1.2718948e-05
2019-05-18,,,,,,,,,,,,,,,,,,,,
2019-05-19,,,,,,,,,,,,,,,,,,,,
2019-05-21,,,,,,,,,,,,,,,,,,,,
2019-05-22,,,,,,,,,,,,,,,,,,,,
2019-05-23,,,,,,,,,,,,,,,,,,,,
2019-05-24,,,,,,,,,,,,,,,,,,,,
2019-05-25,,,,,,,,,,,,,,,,,,,,
2019-05-26,,,,,,,,,,,,,,,,,,,,
2019-05-27,,,,,,,,,,,,,,,,,,,,
2019-05-28,,,,,,,,,,,,,,,,,,,,
2019-05-29,,,,,,,,,,,,,,,,,,,,
2019-05-30,,,,,,,,,,,,,,,,,,,,
2019-05-31,,,,,,,,,,,,,,,,,,,,
2019-06-01,,,,,,,,,,,,,,,,,,,,
2019-06-02,,,,,,,,,,,,,,,,,,,,
2019-06-03,,,,,,,,,,,,,,,,,,,,
2019-06-05,,,,,,,,,,,,,,,,,,,,
2019-06-06,,,,,,,,,,,,,,,,,,,,
2019-06-07,,,,,,,,,,,,,,,,,,,,
2019-06-08,,,,,,,,,,,,,,,,,,,,
2019-06-09,,,,,,,,,,,,,,,,,,,,
2019-06-10,,,,,,,,,,,,,,,,,,,,
2019-06-11,,,,,,,,,,,,,,,,,,,,
2019-06-12,,,,,,,,,,,,,,,,,,,,
2019-06-13,,,,,,,,,,,,,,,,,,,,
2019-06-15,,,,,,,,,,,,,,,,,,,,
2019-06-16,,,,,,,,,,,,,,,,,,,,
2019-06-17,,,,,,,,,,,,,,,,,,,,
2019-06-18,,,,,,,,,,,,,,,,,,,,
2019-06-20,,,,,,,,,,,,,,,,,,,,
2019-06-21,,,,,,,,,,,,,,,,,,,,
2019-06-22,,,,,,,,,,,,,,,,,,,,
2019-06-23,,,,,,,,,,,,,,,,,,,,
2019-06-25,,,,,,,,,,,,,,,,,,,,
2019-06-27,,,,,,,,,,,,,,,,,,,,
2019-06-28,,,,,,,,,,,,,,,,,,,,
2019-06-30,,,,,,,,,,,,,,,,,,,,
2019-07-02,,,,,,,,,,,,,,,,,,,,
2019-07-03,,,,,,,,,,,,,,,,,,,,
2019-07-04,,,,,,,,,,,,,,,,,,,,
2019-07-05,,,,,,,,,,,,,,,,,,,,
2019-07-06,,,,,,,,,,,,,,,,,,,,
2019-07-07,,,,,,,,,,,,,,,,,,,,
2019-07-08,,,,,,,,,,,,,,,,,,,,
2019-07-09,,,,,,,,,,,,,,,,,,,,
2019-07-10,,,,,,,,,,,,,,,,,,,,
2019-07-11,,,,,,,,,,,,,,,,,,,,
2019-07-12,,,,,,,,,,,,,,,,,,,,
2019-07-13,,,,,,,,,,,,,,,,,,,,
2019-07-14,,,,,,,,,,,,,,,,,,,,
2019-07-15,,,,,,,,,,,,,,,,,,,,
2019-07-16,,,,,,,,,,,,,,,,,,,,
2019-07-17,,,,,,,,,,,,,,,,,,,,
2019-07-18,,,,,,,,,,,,,,,,,,,,
2019-07-19,,,,,,,,,,,,,,,,,,,,
2019-07-20,,,,,,,,,,,,,,,,,,,,
2019-07-21,,,,,,,,,,,,,,,,,,,,
2019-07-22,,,,,,,,,,,,,,,,,,,,
2019-07-23,,,,,,,,,,,,,,,,,,,,
2019-07-25,,,,,,,,,,,,,,,,,,,,
2019-07-27,,,,,,,,,,,,,,,,,,,,
2019-07-28,,,,,,,,,,,,,,,,,,,,
2019-07-29,,,,,,,,,,,,,,,,,,,,
2019-07-30,,,,,,,,,,,,,,,,,,,,
2019-07-31,,,,,,,,,,,,,,,,,,,,
2019-08-01,,,,,,,,,,,,,,,,,,,,
2019-08-02,,,,,,,,,,,,,,,,,,,,
2019-08-03,,,,,,,,,,,,,,,,,,,,
2019-08-04,,,,,,,,,,,,,,,,,,,,
2019-08-05,,,,,,,,,,,,,,,,,,,,
2019-08-06,,,,,,,,,,,,,,,,,,,,
2019-08-07,,,,,,,,,,,,,,,,,,,,
2019-08-09,,,,,,,,,,,,,,,,,,,,
2019-08-10,,,,,,,,,,,,,,,,,,,,
2019-08-11,,,,,,,,,,,,,,,,,,,,
2019-08-12,,,,,,,,,,,,,,,,,,,,
2019-08-13,,,,,,,,,,,,,,,,,,,,
2019-08-14,,,,,,,,,,,,,,,,,,,,
2019-08-15,,,,,,,,,,,,,,,,,,,,
2019-08-16,,,,,,,,,,,,,,,,,,,,
2019-08-17,,,,,,,,,,,,,,,,,,,,
2019-08-18,,,,,,,,,,,,,,,,,,,,
2019-08-19,,,,,,,,,,,,,,,,,,,,
2019-08-20,,,,,,,,,,,,,,,,,,,,
2019-08-21,,,,,,,,,,,,,,,,,,,,
2019-08-22,,,,,,,,,,,,,,,,,,,,
2019-08-24,,,,,,,,,,,,,,,,,,,,
2019-08-26,,,,,,,,,,,,,,,,,,,,
2019-08-27,,,,,,,,,,,,,,,,,,,,
2019-08-28,,,,,,,,,,,,,,,,,,,,
2019-08-29,,,,,,,,,,,,,,,,,,,,
2019-08-30,,,,,,,,,,,,,,,,,,,,
2019-08-31,,,,,,,,,,,,,,,,,,,,
2019-09-01,,,,,,,,,,,,,,,,,,,,
2019-09-03,,,,,,,,,,,,,,,,,,,,
2019-09-04,,,,,,,,,,,,,,,,,,,,
2019-09-05,,,,,,,,,,,,,,,,,,,,
2019-09-06,,,,,,,,,,,,,,,,,,,,
2019-09-07,,,,,,,,,,,,,,,,,,,,
2019-09-08,,,,,,,,,,,,,,,,,,,,
2019-09-09,,,,,,,,,,,,,,,,,,,,
2019-09-10,,,,,,,,,,,,,,,,,,,,
2019-09-11,,,,,,,,,,,,,,,,,,,,
2019-09-12,,,,,,,,,,,,,,,,,,,,
2019-09-13,,,,,,,,,,,,,,,,,,,,
2019-09-15,,,,,,,,,,,,,,,,,,,,
2019-09-16,,,,,,,,,,,,,,,,,,,,
2019-09-17,,,,,,,,,,,,,,,,,,,,
2019-09-18,,,,,,,,,,,,,,,,,,,,
2019-09-19,,,,,,,,,,,,,,,,,,,,
2019-09-20,,,,,,,,,,,,,,,,,,,,
2019-09-21,,,,,,,,,,,,,,,,,,,,
2019-09-23,,,,,,,,,,,,,,,,,,,,
2019-09-24,,,,,,,,,,,,,,,,,,,,
2019-09-25,,,,,,,,,,,,,,,,,,,,
2019-09-26,,,,,,,,,,,,,,,,,,,,
2019-09-27,,,,,,,,,,,,,,,,,,,,
2019-09-28,,,,,,,,,,,,,,,,,,,,
2019-09-29,,,,,,,,,,,,,,,,,,,,
2019-09-30,,,,,,,,,,,,,,,,,,,,
2019-10-01,,,,,,,,,,,,,,,,,,,,
2019-10-03,,,,,,,,,,,,,,,,,,,,
2019-10-04,,,,,,,,,,,,,,,,,,,,
2019-10-05,,,,,,,,,,,,,,,,,,,,
2019-10-06,,,,,,,,,,,,,,,,,,,,
2019-10-08,,,,,,,,,,,,,,,,,,,,
2019-10-09,,,,,,,,,,,,,,,,,,,,
2019-10-10,,,,,,,,,,,,,,,,,,,,
2019-10-11,,,,,,,,,,,,,,,,,,,,
2019-10-12,,,,,,,,,,,,,,,,,,,,
2019-10-13,,,,,,,,,,,,,,,,,,,,
2019-10-14,,,,,,,,,,,,,,,,,,,,
2019-10-15,,,,,,,,,,,,,,,,,,,,
2019-10-16,,,,,,,,,,,,,,,,,,,,
2019-10-17,,,,,,,,,,,,,,,,,,,,
2019-10-18,,,,,,,,,,,,,,,,,,,,
2019-10-19,,,,,,,,,,,,,,,,,,,,
2019-10-20,,,,,,,,,,,,,,,,,,,,
2019-10-21,,,,,,,,,,,,,,,,,,,,
2019-10-22,,,,,,,,,,,,,,,,,,,,
2019-10-23,,,,,,,,,,,,,,,,,,,,
2019-10-24,,,,,,,,,,,,,,,,,,,,
2019-10-25,,,,,,,,,,,,,,,,,,,,
2019-10-26,,,,,,,,,,,,,,,,,,,,
2019-10-27,,,,,,,,,,,,,,,,,,,,
2019-10-28,,,,,,,,,,,,,,,,,,,,
2019-10-29,0.72951674,0.38201228,0.3543902,1.5457125,0.42669007,-0.46233475,0.2925192,0.57265353,1.413162e-06,2.8778636e-06,4.3550335e-06,3.4000298e-06,7.577155e-06,1.6165886e-05,1.8947845e-05,2.2070746e-05,2.19496e-05,2.1895903e-05,1.194657e-05,5.8919863e-06
2019-10-30,,,,,,,,,,,,,,,,,,,,
2019-10-31,,,,,,,,,,,,,,,,,,,,
2019-11-01,,,,,,,,,,,,,,,,,,,,
2019-11-02,,,,,,,,,,,,,,,,,,,,
2019-11-03,,,,,,,,,,,,,,,,,,,,
2019-11-04,,,,,,,,,,,,,,,,,,,,
2019-11-05,,,,,,,,,,,,,,,,,,,,
2019-11-06,,,,,,,,,,,,,,,,,,,,
2019-11-07,,,,,,,,,,,,,,,,,,,,
2019-11-08,,,,,,,,,,,,,,,,,,,,
2019-11-09,,,,,,,,,,,,,,,,,,,,
2019-11-10,,,,,,,,,,,,,,,,,,,,
2019-11-11,0.6771079,0.25143898,0.27311623,0.8700121,0.30005208,-0.6068106,0.2463377,0.4917526,1e-08,1.2882455e-07,2.5179663e-06,3.2723663e-06,7.593272e-06,1.2000473e-05,1.4083493e-05,1.696118e-05,1.7691404e-05,1.8466493e-05,1.0108581e-05,5.6771787e-06
2019-11-12,,,,,,,,,,,,,,,,,,,,
2019-11-13,,,,,,,,,,,,,,,,,,,,
2019-11-14,,,,,,,,,,,,,,,,,,,,
2019-11-15,,,,,,,,,,,,,,,,,,,,
2019-11-16,,,,,,,,,,,,,,,,,,,,
2019-11-17,,,,,,,,,,,,,,,,,,,,
2019-11-18,,,,,,,,,,,,,,,,,,,,
2019-11-19,,,,,,,,,,,,,,,,,,,,
2019-11-20,,,,,,,,,,,,,,,,,,,,
2019-11-21,,,,,,,,,,,,,,,,,,,,
2019-11-22,,,,,,,,,,,,,,,,,,,,
2019-11-23,,,,,,,,,,,,,,,,,,,,
2019-11-24,,,,,,,,,,,,,,,,,,,,
2019-11-25,,,,,,,,,,,,,,,,,,,,
2019-11-26,,,,,,,,,,,,,,,,,,,,
2019-11-27,,,,,,,,,,,,,,,,,,,,
2019-11-28,,,,,,,,,,,,,,,,,,,,
2019-11-29,,,,,,,,,,,,,,,,,,,,
2019-11-30,,,,,,,,,,,,,,,,,,,,
2019-12-01,,,,,,,,,,,,,,,,,,,,
2019-12-02,,,,,,,,,,,,,,,,,,,,
2019-12-03,,,,,,,,,,,,,,,,,,,,
2019-12-04,,,,,,,,,,,,,,,,,,,,
2019-12-05,,,,,,,,,,,,,,,,,,,,
2019-12-06,,,,,,,,,,,,,,,,,,,,
2019-12-07,,,,,,,,,,,,,,,,,,,,
2019-12-08,,,,,,,,,,,,,,,,,,,,
2019-12-09,,,,,,,,,,,,,,,,,,,,
2019-12-10,,,,,,,,,,,,,,,,,,,,
2019-12-11,,,,,,,,,,,,,,,,,,,,
2019-12-12,,,,,,,,,,,,,,,,,,,,
2019-12-13,,,,,,,,,,,,,,,,,,,,
2019-12-14,,,,,,,,,,,,,,,,,,,,
2019-12-15,,,,,,,,,,,,,,,,,,,,
2019-12-16,,,,,,,,,,,,,,,,,,,,
2019-12-17,,,,,,,,,,,,,,,,,,,,
2019-12-18,,,,,,,,,,,,,,,,,,,,
2019-12-19,,,,,,,,,,,,,,,,,,,,
2019-12-20,,,,,,,,,,,,,,,,,,,,
2019-12-22,,,,,,,,,,,,,,,,,,,,
2019-12-23,,,,,,,,,,,,,,,,,,,,
2019-12-24,,,,,,,,,,,,,,,,,,,,
2019-12-25,,,,,,,,,,,,,,,,,,,,
2019-12-26,0.45099312,0.043985017,0.03763736,0.52533764,0.19708999,-0.13220502,0.21723433,0.45625213,3.5511775e-06,2.4625963e-06,1.2705227e-06,9.784238e-07,1.4741445e-06,2.0153004e-06,2.1843e-06,2.5582242e-06,2.6397156e-06,2.1961084e-06,1.6461016e-06,9.540723e-07
2019-12-27,,,,,,,,,,,,,,,,,,,,
2019-12-28,,,,,,,,,,,,,,,,,,,,
2019-12-29,,,,,,,,,,,,,,,,,,,,
2019-12-30,,,,,,,,,,,,,,,,,,,,
2019-12-31,,,,,,,,,,,,,,,,,,,,
2020-01-01,,,,,,,,,,,,,,,,,,,,
2020-01-03,,,,,,,,,,,,,,,,,,,,
2020-01-04,,,,,,,,,,,,,,,,,,,,
2020-01-06,,,,,,,,,,,,,,,,,,,,
2020-01-07,,,,,,,,,,,,,,,,,,,,
2020-01-08,,,,,,,,,,,,,,,,,,,,
2020-01-09,,,,,,,,,,,,,,,,,,,,
2020-01-10,,,,,,,,,,,,,,,,,,,,
2020-01-11,,,,,,,,,,,,,,,,,,,,
2020-01-12,,,,,,,,,,,,,,,,,,,,
2020-01-13,,,,,,,,,,,,,,,,,,,,
2020-01-14,,,,,,,,,,,,,,,,,,,,
2020-01-15,,,,,,,,,,,,,,,,,,,,
2020-01-16,,,,,,,,,,,,,,,,,,,,
2020-01-18,,,,,,,,,,,,,,,,,,,,
2020-01-19,,,,,,,,,,,,,,,,,,,,
2020-01-20,,,,,,,,,,,,,,,,,,,,
2020-01-21,,,,,,,,,,,,,,,,,,,,
2020-01-22,,,,,,,,,,,,,,,,,,,,
2020-01-23,,,,,,,,,,,,,,,,,,,,
2020-01-24,,,,,,,,,,,,,,,,,,,,
2020-01-25,,,,,,,,,,,,,,,,,,,,
2020-01-26,,,,,,,,,,,,,,,,,,,,
2020-01-27,,,,,,,,,,,,,,,,,,,,
2020-01-28,,,,,,,,,,,,,,,,,,,,
2020-01-29,,,,,,,,,,,,,,,,,,,,
2020-01-30,,,,,,,,,,,,,,,,,,,,
2020-01-31,,,,,,,,,,,,,,,,,,,,
2020-02-01,,,,,,,,,,,,,,,,,,,,
2020-02-02,,,,,,,,,,,,,,,,,,,,
2020-02-03,,,,,,,,,,,,,,,,,,,,
2020-02-04,,,,,,,,,,,,,,,,,,,,
2020-02-05,,,,,,,,,,,,,,,,,,,,
2020-02-06,,,,,,,,,,,,,,,,,,,,
2020-02-07,,,,,,,,,,,,,,,,,,,,
2020-02-08,,,,,,,,,,,,,,,,,,,,
2020-02-09,,,,,,,,,,,,,,,,,,,,
2020-02-10,,,,,,,,,,,,,,,,,,,,
2020-02-11,,,,,,,,,,,,,,,,,,,,
2020-02-12,,,,,,,,,,,,,,,,,,,,
2020-02-13,,,,,,,,,,,,,,,,,,,,
2020-02-14,,,,,,,,,,,,,,,,,,,,
2020-02-15,,,,,,,,,,,,,,,,,,,,
2020-02-16,,,,,,,,,,,,,,,,,,,,
2020-02-17,,,,,,,,,,,,,,,,,,,,
2020-02-18,,,,,,,,,,,,,,,,,,,,
2020-02-19,,,,,,,,,,,,,,,,,,,,
2020-02-20,,,,,,,,,,,,,,,,,,,,
2020-02-21,,,,,,,,,,,,,,,,,,,,
2020-02-22,,,,,,,,,,,,,,,,,,,,
2020-02-23,,,,,,,,,,,,,,,,,,,,
2020-02-24,,,,,,,,,,,,,,,,,,,,
2020-02-25,,,,,,,,,,,,,,,,,,,,
2020-02-26,,,,,,,,,,,,,,,,,,,,
2020-02-27,,,,,,,,,,,,,,,,,,,,
2020-02-28,,,,,,,,,,,,,,,,,,,,
2020-02-29,,,,,,,,,,,,,,,,,,,,
2020-03-01,,,,,,,,,,,,,,,,,,,,
2020-03-02,,,,,,,,,,,,,,,,,,,,
2020-03-03,,,,,,,,,,,,,,,,,,,,
2020-03-04,,,,,,,,,,,,,,,,,,,,
2020-03-05,,,,,,,,,,,,,,,,,,,,
2020-03-06,,,,,,,,,,,,,,,,,,,,
2020-03-07,,,,,,,,,,,,,,,,,,,,
2020-03-08,,,,,,,,,,,,,,,,,,,,
2020-03-09,,,,,,,,,,,,,,,,,,,,
2020-03-10,,,,,,,,,,,,,,,,,,,,
2020-03-11,,,,,,,,,,,,,,,,,,,,
2020-03-12,,,,,,,,,,,,,,,,,,,,
2020-03-13,,,,,,,,,,,,,,,,,,,,
2020-03-14,,,,,,,,,,,,,,,,,,,,
2020-03-15,,,,,,,,,,,,,,,,,,,,
2020-03-16,,,,,,,,,,,,,,,,,,,,
2020-03-17,0.48961496,0.21276344,0.20377114,0.6568436,0.23719092,-0.65021694,-0.10784454,0.09086709,2.1516757e-06,3.3937465e-06,4.27067e-06,5.5682226e-06,8.461325e-06,1.1686501e-05,1.3668289e-05,1.6122645e-05,1.680068e-05,1.659454e-05,2.0186797e-05,1.3558553e-05
2020-03-18,,,,,,,,,,,,,,,,,,,,
2020-03-19,,,,,,,,,,,,,,,,,,,,
2020-03-20,,,,,,,,,,,,,,,,,,,,
2020-03-21,,,,,,,,,,,,,,,,,,,,
2020-03-22,0.4937895,0.20713921,0.20138839,0.56513304,0.21796311,-0.6121876,-0.062470812,0.15171841,2.4059293e-06,3.0544572e-06,4.303544e-06,5.3850067e-06,8.355765e-06,1.1289189e-05,1.2996626e-05,1.5773267e-05,1.5555781e-05,1.4662639e-05,1.79706e-05,1.1689039e-05
2020-03-23,,,,,,,,,,,,,,,,,,,,
2020-03-24,,,,,,,,,,,,,,,,,,,,
2020-03-25,0.47778606,0.20615359,0.19948971,0.6447463,0.23708162,-0.6220871,-0.096708976,0.11484787,3.0532526e-06,3.2899325e-06,4.554307e-06,5.7059565e-06,8.3889745e-06,1.1684613e-05,1.3564231e-05,1.6062337e-05,1.6476997e-05,1.5537365e-05,1.9627463e-05,1.2835577e-05
2020-03-26,,,,,,,,,,,,,,,,,,,,
2020-03-27,0.4467303,0.22331826,0.20374008,0.59520125,0.22485314,-0.58009046,-0.095263176,0.09516288,3.4488683e-06,4.819168e-06,5.696896e-06,6.7913907e-06,9.818903e-06,1.3486305e-05,1.549033e-05,1.7712562e-05,1.8307013e-05,1.8582294e-05,2.156753e-05,1.4732628e-05
2020-03-28,,,,,,,,,,,,,,,,,,,,
2020-03-29,,,,,,,,,,,,,,,,,,,,
2020-03-30,,,,,,,,,,,,,,,,,,,,
2020-03-31,,,,,,,,,,,,,,,,,,,,
2020-04-01,0.48233017,0.22383969,0.21505949,0.62854934,0.23238893,-0.6145988,-0.08386177,0.13131198,3.295758e-06,3.6446886e-06,4.9690752e-06,6.1703636e-06,9.409844e-06,1.3024995e-05,1.5056825e-05,1.75595e-05,1.811616e-05,1.805554e-05,2.0924339e-05,1.3585307e-05
2020-04-02,,,,,,,,,,,,,,,,,,,,
2020-04-03,,,,,,,,,,,,,,,,,,,,
2020-04-04,0.43120268,0.25250542,0.22627136,0.5484734,0.21373996,-0.55362886,-0.090213165,0.11615189,7.473509e-06,6.371347e-06,7.818999e-06,9.087866e-06,1.2954037e-05,1.738525e-05,1.9771538e-05,2.2022132e-05,2.3394035e-05,2.3990906e-05,2.6229256e-05,1.7399196e-05
2020-04-05,,,,,,,,,,,,,,,,,,,,
2020-04-06,0.5164036,0.2476539,0.23366171,0.7208505,0.2587641,-0.6231841,-0.07976233,0.12609643,2.599339e-06,3.7925697e-06,4.972914e-06,5.843347e-06,9.1162465e-06,1.3378274e-05,1.5426469e-05,1.820914e-05,1.8483384e-05,1.8419025e-05,2.1499038e-05,1.4230528e-05
2020-04-07,,,,,,,,,,,,,,,,,,,,
2020-04-08,,,,,,,,,,,,,,,,,,,,
2020-04-09,0.5393242,0.28101295,0.26089165,0.8477472,0.294676,-0.58861125,-0.037383996,0.15705962,3.18487e-06,4.1712647e-06,5.6123e-06,6.0352804e-06,9.979018e-06,1.5832758e-05,1.8275741e-05,2.0082904e-05,2.1236187e-05,2.136143e-05,2.1719097e-05,1.4685814e-05
2020-04-10,,,,,,,,,,,,,,,,,,,,
2020-04-11,0.5573328,0.29128066,0.27482387,0.8442337,0.29374796,-0.5684046,0.0027520298,0.23426554,3.4539255e-06,3.8529056e-06,5.6912922e-06,5.9331137e-06,1.0111816e-05,1.616953e-05,1.8478575e-05,2.078686e-05,2.1459116e-05,2.1665279e-05,2.0742975e-05,1.2939033e-05
2020-04-12,,,,,,,,,,,,,,,,,,,,
2020-04-13,,,,,,,,,,,,,,,,,,,,
2020-04-14,0.6197193,0.32446522,0.30654398,1.0021181,0.32983938,-0.5760611,0.049030025,0.29643655,3.2999505e-06,3.400927e-06,5.239001e-06,5.067333e-06,9.492572e-06,1.6341002e-05,1.8781051e-05,2.1469854e-05,2.2007227e-05,2.166067e-05,1.9537107e-05,1.1698772e-05
2020-04-15,,,,,,,,,,,,,,,,,,,,
2020-04-16,,,,,,,,,,,,,,,,,,,,
2020-04-17,,,,,,,,,,,,,,,,,,,,
2020-04-18,,,,,,,,,,,,,,,,,,,,
2020-04-19,0.67999405,0.35813,0.3360909,1.1983069,0.37111697,-0.5644634,0.10274182,0.34178907,2.1565293e-06,3.0798737e-06,4.9750724e-06,4.1956037e-06,8.94938e-06,1.69133e-05,1.9472549e-05,2.197258e-05,2.2342996e-05,2.2382097e-05,1.791567e-05,1.0802418e-05
2020-04-20,,,,,,,,,,,,,,,,,,,,
2020-04-21,0.68577653,0.37095296,0.35453662,1.1551343,0.36266512,-0.5580691,0.11233157,0.3762894,2.4425176e-06,2.8700201e-06,5.2894716e-06,4.3656005e-06,9.773576e-06,1.8301758e-05,2.0861122e-05,2.3382197e-05,2.3815019e-05,2.3985658e-05,1.8661562e-05,1.0592114e-05
2020-04-22,,,,,,,,,,,,,,,,,,,,
2020-04-23,,,,,,,,,,,,,,,,,,,,
2020-04-24,0.7204162,0.41191635,0.38445118,1.3275583,0.39660904,-0.49847478,0.18593465,0.46570435,2.9539667e-06,3.1019567e-06,5.6590243e-06,3.9923325e-06,9.920112e-06,2.0005442e-05,2.2930091e-05,2.4693869e-05,2.5713862e-05,2.5820545e-05,1.6915019e-05,8.972226e-06
2020-04-25,,,,,,,,,,,,,,,,,,,,
2020-04-26,0.7504888,0.5297742,0.46709237,1.4594156,0.41851464,-0.4566308,0.24621399,0.50892735,2.93207e-06,4.36241e-06,7.057467e-06,4.4598933e-06,1.1539464e-05,2.4247372e-05,2.799716e-05,3.099601e-05,3.1103144e-05,3.101108e-05,1.8720864e-05,1.0066442e-05
2020-04-27,,,,,,,,,,,,,,,,,,,,
2020-04-28,,,,,,,,,,,,,,,,,,,,
2020-04-29,0.7246459,0.6060878,0.49038756,1.5023171,0.42629996,-0.34982714,0.3114259,0.56491655,5.6736494e-06,6.449485e-06,8.880266e-06,5.6030713e-06,1.3190704e-05,2.8228564e-05,3.261875e-05,3.4707904e-05,3.5659927e-05,3.605544e-05,1.8218765e-05,9.676391e-06
2020-04-30,,,,,,,,,,,,,,,,,,,,
2020-05-01,0.7476044,0.6598827,0.5377423,1.5405655,0.43413115,-0.31492457,0.3641238,0.62480074,6.8235786e-06,6.33083e-06,9.194017e-06,5.421138e-06,1.3996122e-05,3.1156596e-05,3.5476925e-05,3.8043418e-05,3.8559345e-05,3.880219e-05,1.7603204e-05,8.701047e-06
2020-05-02,,,,,,,,,,,,,,,,,,,,
2020-05-03,,,,,,,,,,,,,,,,,,,,
2020-05-04,,,,,,,,,,,,,,,,,,,,
2020-05-05,,,,,,,,,,,,,,,,,,,,
2020-05-07,,,,,,,,,,,,,,,,,,,,
2020-05-08,,,,,,,,,,,,,,,,,,,,
2020-05-09,,,,,,,,,,,,,,,,,,,,
2020-05-10,,,,,,,,,,,,,,,,,,,,
2020-05-11,,,,,,,,,,,,,,,,,,,,
2020-05-12,,,,,,,,,,,,,,,,,,,,
2020-05-13,,,,,,,,,,,,,,,,,,,,
2020-05-14,,,,,,,,,,,,,,,,,,,,
2020-05-15,,,,,,,,,,,,,,,,,,,,
2020-05-16,,,,,,,,,,,,,,,,,,,,
2020-05-17,,,,,,,,,,,,,,,,,,,,
2020-05-18,,,,,,,,,,,,,,,,,,,,
2020-05-19,0.56611884,0.66635525,0.44215196,1.4151946,0.40587324,-0.19357938,0.32954013,0.48620972,1.352233e-05,1.3339895e-05,1.4709513e-05,1.1918171e-05,1.7698829e-05,3.4896224e-05,4.1270134e-05,4.181984e-05,4.288685e-05,4.4222237e-05,2.1157959e-05,1.4567433e-05
2020-05-20,,,,,,,,,,,,,,,,,,,,
2020-05-22,,,,,,,,,,,,,,,,,,,,
2020-05-23,,,,,,,,,,,,,,,,,,,,
2020-05-24,,,,,,,,,,,,,,,,,,,,
2020-05-25,,,,,,,,,,,,,,,,,,,,
2020-05-26,,,,,,,,,,,,,,,,,,,,
2020-05-27,,,,,,,,,,,,,,,,,,,,
2020-05-28,,,,,,,,,,,,,,,,,,,,
2020-05-30,,,,,,,,,,,,,,,,,,,,
2020-06-01,,,,,,,,,,,,,,,,,,,,
2020-06-02,,,,,,,,,,,,,,,,,,,,
2020-06-04,,,,,,,,,,,,,,,,,,,,
2020-06-05,,,,,,,,,,,,,,,,,,,,
2020-06-06,,,,,,,,,,,,,,,,,,,,
2020-06-07,,,,,,,,,,,,,,,,,,,,
2020-06-08,,,,,,,,,,,,,,,,,,,,
2020-06-09,,,,,,,,,,,,,,,,,,,,
2020-06-11,,,,,,,,,,,,,,,,,,,,
2020-06-12,,,,,,,,,,,,,,,,,,,,
2020-06-14,,,,,,,,,,,,,,,,,,,,
2020-06-16,,,,,,,,,,,,,,,,,,,,
2020-06-17,,,,,,,,,,,,,,,,,,,,
2020-06-18,,,,,,,,,,,,,,,,,,,,
2020-06-19,,,,,,,,,,,,,,,,,,,,
2020-06-21,,,,,,,,,,,,,,,,,,,,
2020-06-22,,,,,,,,,,,,,,,,,,,,
2020-06-24,,,,,,,,,,,,,,,,,,,,
2020-06-25,,,,,,,,,,,,,,,,,,,,
2020-06-26,,,,,,,,,,,,,,,,,,,,
2020-06-27,,,,,,,,,,,,,,,,,,,,
2020-06-28,,,,,,,,,,,,,,,,,,,,
2020-06-29,,,,,,,,,,,,,,,,,,,,
2020-06-30,,,,,,,,,,,,,,,,,,,,
2020-07-01,,,,,,,,,,,,,,,,,,,,
2020-07-02,,,,,,,,,,,,,,,,,,,,
2020-07-03,,,,,,,,,,,,,,,,,,,,
2020-07-04,,,,,,,,,,,,,,,,,,,,
2020-07-05,,,,,,,,,,,,,,,,,,,,
2020-07-06,,,,,,,,,,,,,,,,,,,,
2020-07-07,,,,,,,,,,,,,,,,,,,,
2020-07-08,,,,,,,,,,,,,,,,,,,,
2020-07-09,,,,,,,,,,,,,,,,,,,,
2020-07-10,,,,,,,,,,,,,,,,,,,,
2020-07-11,,,,,,,,,,,,,,,,,,,,
2020-07-12,,,,,,,,,,,,,,,,,,,,
2020-07-14,,,,,,,,,,,,,,,,,,,,
2020-07-15,,,,,,,,,,,,,,,,,,,,
2020-07-16,,,,,,,,,,,,,,,,,,,,
2020-07-17,,,,,,,,,,,,,,,,,,,,
2020-07-18,,,,,,,,,,,,,,,,,,,,
2020-07-19,,,,,,,,,,,,,,,,,,,,
2020-07-20,,,,,,,,,,,,,,,,,,,,
2020-07-21,,,,,,,,,,,,,,,,,,,,
2020-07-22,,,,,,,,,,,,,,,,,,,,
2020-07-24,,,,,,,,,,,,,,,,,,,,
2020-07-25,,,,,,,,,,,,,,,,,,,,
2020-07-26,,,,,,,,,,,,,,,,,,,,
2020-07-27,,,,,,,,,,,,,,,,,,,,
2020-07-28,,,,,,,,,,,,,,,,,,,,
2020-07-29,,,,,,,,,,,,,,,,,,,,
2020-07-31,,,,,,,,,,,,,,,,,,,,
2020-08-01,,,,,,,,,,,,,,,,,,,,
2020-08-02,,,,,,,,,,,,,,,,,,,,
2020-08-03,,,,,,,,,,,,,,,,,,,,
2020-08-05,,,,,,,,,,,,,,,,,,,,
2020-08-06,,,,,,,,,,,,,,,,,,,,
2020-08-08,,,,,,,,,,,,,,,,,,,,
2020-08-09,,,,,,,,,,,,,,,,,,,,
2020-08-10,,,,,,,,,,,,,,,,,,,,
2020-08-11,,,,,,,,,,,,,,,,,,,,
2020-08-13,,,,,,,,,,,,,,,,,,,,
2020-08-14,,,,,,,,,,,,,,,,,,,,
2020-08-15,,,,,,,,,,,,,,,,,,,,
2020-08-16,,,,,,,,,,,,,,,,,,,,
2020-08-17,,,,,,,,,,,,,,,,,,,,
2020-08-18,,,,,,,,,,,,,,,,,,,,
2020-08-19,,,,,,,,,,,,,,,,,,,,
2020-08-20,,,,,,,,,,,,,,,,,,,,
2020-08-21,,,,,,,,,,,,,,,,,,,,
2020-08-22,,,,,,,,,,,,,,,,,,,,
2020-08-23,,,,,,,,,,,,,,,,,,,,
2020-08-24,,,,,,,,,,,,,,,,,,,,
2020-08-25,,,,,,,,,,,,,,,,,,,,
2020-08-26,,,,,,,,,,,,,,,,,,,,
2020-08-27,,,,,,,,,,,,,,,,,,,,
2020-08-28,,,,,,,,,,,,,,,,,,,,
2020-08-29,,,,,,,,,,,,,,,,,,,,
2020-08-30,,,,,,,,,,,,,,,,,,,,
2020-08-31,,,,,,,,,,,,,,,,,,,,
2020-09-01,,,,,,,,,,,,,,,,,,,,
2020-09-02,,,,,,,,,,,,,,,,,,,,
2020-09-03,,,,,,,,,,,,,,,,,,,,
2020-09-04,,,,,,,,,,,,,,,,,,,,
2020-09-05,,,,,,,,,,,,,,,,,,,,
2020-09-06,,,,,,,,,,,,,,,,,,,,
2020-09-07,,,,,,,,,,,,,,,,,,,,
2020-09-08,,,,,,,,,,,,,,,,,,,,
2020-09-09,,,,,,,,,,,,,,,,,,,,
2020-09-10,,,,,,,,,,,,,,,,,,,,
2020-09-12,,,,,,,,,,,,,,,,,,,,
2020-09-13,,,,,,,,,,,,,,,,,,,,
2020-09-14,,,,,,,,,,,,,,,,,,,,
2020-09-15,,,,,,,,,,,,,,,,,,,,
2020-09-16,,,,,,,,,,,,,,,,,,,,
2020-09-17,,,,,,,,,,,,,,,,,,,,
2020-09-19,,,,,,,,,,,,,,,,,,,,
2020-09-20,,,,,,,,,,,,,,,,,,,,
2020-09-22,,,,,,,,,,,,,,,,,,,,
2020-09-24,,,,,,,,,,,,,,,,,,,,
2020-09-25,,,,,,,,,,,,,,,,,,,,
2020-09-26,,,,,,,,,,,,,,,,,,,,
2020-09-27,,,,,,,,,,,,,,,,,,,,
2020-09-28,,,,,,,,,,,,,,,,,,,,
2020-09-29,,,,,,,,,,,,,,,,,,,,
2020-09-30,,,,,,,,,,,,,,,,,,,,
2020-10-02,,,,,,,,,,,,,,,,,,,,
2020-10-04,,,,,,,,,,,,,,,,,,,,
2020-10-05,,,,,,,,,,,,,,,,,,,,
2020-10-06,,,,,,,,,,,,,,,,,,,,
2020-10-07,,,,,,,,,,,,,,,,,,,,
2020-10-08,,,,,,,,,,,,,,,,,,,,
2020-10-09,,,,,,,,,,,,,,,,,,,,
2020-10-10,,,,,,,,,,,,,,,,,,,,
2020-10-11,,,,,,,,,,,,,,,,,,,,
2020-10-12,,,,,,,,,,,,,,,,,,,,
2020-10-13,,,,,,,,,,,,,,,,,,,,
2020-10-14,,,,,,,,,,,,,,,,,,,,
2020-10-15,,,,,,,,,,,,,,,,,,,,
2020-10-16,,,,,,,,,,,,,,,,,,,,
2020-10-17,,,,,,,,,,,,,,,,,,,,
2020-10-18,,,,,,,,,,,,,,,,,,,,
2020-10-19,,,,,,,,,,,,,,,,,,,,
2020-10-20,,,,,,,,,,,,,,,,,,,,
2020-10-21,,,,,,,,,,,,,,,,,,,,
2020-10-22,,,,,,,,,,,,,,,,,,,,
2020-10-23,,,,,,,,,,,,,,,,,,,,
2020-10-24,,,,,,,,,,,,,,,,,,,,
2020-10-25,,,,,,,,,,,,,,,,,,,,
2020-10-26,,,,,,,,,,,,,,,,,,,,
2020-10-27,,,,,,,,,,,,,,,,,,,,
2020-10-28,0.73476666,0.38984132,0.39508477,1.5699985,0.42992416,-0.537134,0.2953897,0.61554116,1.246775e-06,1.565293e-06,4.11154e-06,3.8773637e-06,8.973415e-06,1.8754163e-05,2.2505026e-05,2.533152e-05,2.740046e-05,2.782485e-05,1.34935235e-05,5.8649907e-06
2020-10-29,,,,,,,,,,,,,,,,,,,,
2020-10-30,,,,,,,,,,,,,,,,,,,,
2020-10-31,0.53152645,0.40448037,0.32561225,0.93478787,0.31071743,-0.28658316,0.24251279,0.4248519,1.009094e-05,8.381023e-06,1.0190506e-05,9.218942e-06,1.4604745e-05,2.3881092e-05,2.7166665e-05,2.8854824e-05,3.1123593e-05,3.52232e-05,1.7712136e-05,1.1842641e-05
2020-11-01,,,,,,,,,,,,,,,,,,,,
2020-11-02,,,,,,,,,,,,,,,,,,,,
2020-11-03,,,,,,,,,,,,,,,,,,,,
2020-11-04,,,,,,,,,,,,,,,,,,,,
2020-11-05,0.6209727,0.32742053,0.31317037,1.1044043,0.34550047,-0.49837464,0.20847541,0.46203437,2.061061e-06,3.3047372e-06,4.9085393e-06,5.2350665e-06,9.37711e-06,1.6084134e-05,1.9151883e-05,2.218156e-05,2.3810622e-05,2.4091998e-05,1.4508948e-05,8.206141e-06
2020-11-06,,,,,,,,,,,,,,,,,,,,
2020-11-07,0.6665366,0.31632528,0.32803375,1.0970819,0.34609073,-0.5633035,0.21879086,0.52344483,5.832208e-07,1.4006694e-06,3.8763706e-06,4.3373393e-06,8.878006e-06,1.5448946e-05,1.8305574e-05,2.1825086e-05,2.2866207e-05,2.3093313e-05,1.3730495e-05,6.656693e-06
2020-11-08,,,,,,,,,,,,,,,,,,,,
2020-11-09,,,,,,,,,,,,,,,,,,,,
2020-11-10,,,,,,,,,,,,,,,,,,,,
2020-11-11,,,,,,,,,,,,,,,,,,,,
2020-11-12,,,,,,,,,,,,,,,,,,,,
2020-11-13,,,,,,,,,,,,,,,,,,,,
2020-11-14,,,,,,,,,,,,,,,,,,,,
2020-11-15,,,,,,,,,,,,,,,,,,,,
2020-11-16,,,,,,,,,,,,,,,,,,,,
2020-11-17,,,,,,,,,,,,,,,,,,,,
2020-11-18,,,,,,,,,,,,,,,,,,,,
2020-11-19,,,,,,,,,,,,,,,,,,,,
2020-11-20,,,,,,,,,,,,,,,,,,,,
2020-11-21,,,,,,,,,,,,,,,,,,,,
2020-11-22,,,,,,,,,,,,,,,,,,,,
2020-11-23,,,,,,,,,,,,,,,,,,,,
2020-11-24,,,,,,,,,,,,,,,,,,,,
2020-11-25,,,,,,,,,,,,,,,,,,,,
2020-11-26,,,,,,,,,,,,,,,,,,,,
2020-11-27,,,,,,,,,,,,,,,,,,,,
2020-11-28,,,,,,,,,,,,,,,,,,,,
2020-11-29,,,,,,,,,,,,,,,,,,,,
2020-11-30,0.6567113,0.34529975,0.29009452,1.6636548,0.4424487,-0.36918876,0.29989266,0.55750984,5.038406e-06,4.506629e-06,4.554444e-06,3.825025e-06,6.534584e-06,1.44115365e-05,1.6832326e-05,1.875285e-05,1.9717458e-05,1.9782656e-05,9.948115e-06,5.2969694e-06
2020-12-01,,,,,,,,,,,,,,,,,,,,
2020-12-03,,,,,,,,,,,,,,,,,,,,
2020-12-04,,,,,,,,,,,,,,,,,,,,
2020-12-05,,,,,,,,,,,,,,,,,,,,
2020-12-06,,,,,,,,,,,,,,,,,,,,
2020-12-07,,,,,,,,,,,,,,,,,,,,
2020-12-08,,,,,,,,,,,,,,,,,,,,
2020-12-09,,,,,,,,,,,,,,,,,,,,
2020-12-10,,,,,,,,,,,,,,,,,,,,
2020-12-11,,,,,,,,,,,,,,,,,,,,
2020-12-12,,,,,,,,,,,,,,,,,,,,
2020-12-13,,,,,,,,,,,,,,,,,,,,
2020-12-14,,,,,,,,,,,,,,,,,,,,
2020-12-15,,,,,,,,,,,,,,,,,,,,
2020-12-16,,,,,,,,,,,,,,,,,,,,
2020-12-17,,,,,,,,,,,,,,,,,,,,
2020-12-18,,,,,,,,,,,,,,,,,,,,
2020-12-19,,,,,,,,,,,,,,,,,,,,
2020-12-20,,,,,,,,,,,,,,,,,,,,
2020-12-21,,,,,,,,,,,,,,,,,,,,
2020-12-22,-0.03604371,-0.23218562,-0.021248888,-0.07477483,-0.039348587,0.63432944,0.5654266,0.7931081,3.5262394e-05,3.322227e-05,2.7465096e-05,2.375069e-05,2.4001682e-05,2.2550834e-05,2.2183682e-05,2.2291879e-05,2.1064758e-05,2.161395e-05,6.729746e-06,3.080275e-06
2020-12-23,,,,,,,,,,,,,,,,,,,,
2020-12-24,,,,,,,,,,,,,,,,,,,,
2020-12-25,0.44024083,0.03944064,0.03241552,0.7436689,0.24889226,-0.15657274,0.23069617,0.41983688,2.6731057e-06,2.8487166e-06,1.1237978e-06,9.3681626e-07,1.2664473e-06,1.6837095e-06,2.065097e-06,2.2936524e-06,2.3495363e-06,2.076612e-06,1.4221661e-06,9.310506e-07
2020-12-26,,,,,,,,,,,,,,,,,,,,
2020-12-27,,,,,,,,,,,,,,,,,,,,
2020-12-28,,,,,,,,,,,,,,,,,,,,
2020-12-29,,,,,,,,,,,,,,,,,,,,
2020-12-30,,,,,,,,,,,,,,,,,,,,
2020-12-31,,,,,,,,,,,,,,,,,,,,
2021-01-01,,,,,,,,,,,,,,,,,,,,
2021-01-02,,,,,,,,,,,,,,,,,,,,
2021-01-03,,,,,,,,,,,,,,,,,,,,
2021-01-04,,,,,,,,,,,,,,,,,,,,
2021-01-05,,,,,,,,,,,,,,,,,,,,
2021-01-06,,,,,,,,,,,,,,,,,,,,
2021-01-07,,,,,,,,,,,,,,,,,,,,
2021-01-08,,,,,,,,,,,,,,,,,,,,
2021-01-09,,,,,,,,,,,,,,,,,,,,
2021-01-10,,,,,,,,,,,,,,,,,,,,
2021-01-11,,,,,,,,,,,,,,,,,,,,
2021-01-12,,,,,,,,,,,,,,,,,,,,
2021-01-13,,,,,,,,,,,,,,,,,,,,
2021-01-14,,,,,,,,,,,,,,,,,,,,
2021-01-15,,,,,,,,,,,,,,,,,,,,
2021-01-16,,,,,,,,,,,,,,,,,,,,
2021-01-17,,,,,,,,,,,,,,,,,,,,
2021-01-18,,,,,,,,,,,,,,,,,,,,
2021-01-19,,,,,,,,,,,,,,,,,,,,
2021-01-20,,,,,,,,,,,,,,,,,,,,
2021-01-21,,,,,,,,,,,,,,,,,,,,
2021-01-22,,,,,,,,,,,,,,,,,,,,
2021-01-23,,,,,,,,,,,,,,,,,,,,
2021-01-24,,,,,,,,,,,,,,,,,,,,
2021-01-25,,,,,,,,,,,,,,,,,,,,
2021-01-26,,,,,,,,,,,,,,,,,,,,
2021-01-27,,,,,,,,,,,,,,,,,,,,
2021-01-28,,,,,,,,,,,,,,,,,,,,
2021-01-29,,,,,,,,,,,,,,,,,,,,
2021-01-30,,,,,,,,,,,,,,,,,,,,
2021-01-31,0.36460727,0.2966513,0.20423989,0.48112231,0.18654278,0.574022,0.79306126,0.8115781,1.0359206e-05,1.1673373e-05,1.0736939e-05,1.1135397e-05,1.3712371e-05,1.8203356e-05,1.9886997e-05,2.3415205e-05,2.2164697e-05,2.2690878e-05,2.6328917e-06,2.3644081e-06
2021-02-01,,,,,,,,,,,,,,,,,,,,
2021-02-02,,,,,,,,,,,,,,,,,,,,
2021-02-03,,,,,,,,,,,,,,,,,,,,
2021-02-04,,,,,,,,,,,,,,,,,,,,
2021-02-05,,,,,,,,,,,,,,,,,,,,
2021-02-06,,,,,,,,,,,,,,,,,,,,
2021-02-07,,,,,,,,,,,,,,,,,,,,
2021-02-08,,,,,,,,,,,,,,,,,,,,
2021-02-09,,,,,,,,,,,,,,,,,,,,
2021-02-10,,,,,,,,,,,,,,,,,,,,
2021-02-11,,,,,,,,,,,,,,,,,,,,
2021-02-12,,,,,,,,,,,,,,,,,,,,
2021-02-13,,,,,,,,,,,,,,,,,,,,
2021-02-14,,,,,,,,,,,,,,,,,,,,
2021-02-15,,,,,,,,,,,,,,,,,,,,
2021-02-16,,,,,,,,,,,,,,,,,,,,
2021-02-17,,,,,,,,,,,,,,,,,,,,
2021-02-18,,,,,,,,,,,,,,,,,,,,
2021-02-19,,,,,,,,,,,,,,,,,,,,
2021-02-20,,,,,,,,,,,,,,,,,,,,
2021-02-21,,,,,,,,,,,,,,,,,,,,
2021-02-22,,,,,,,,,,,,,,,,,,,,
2021-02-23,0.39173466,0.1741074,0.17770536,0.4547485,0.18349962,-0.61444706,-0.11568432,0.051542588,4.8901006e-07,3.180237e-06,5.1278316e-06,7.4339578e-06,1.04653145e-05,1.3192612e-05,1.5177963e-05,1.7018887e-05,1.8458397e-05,2.1038451e-05,2.1473055e-05,1.5354477e-05
2021-02-24,,,,,,,,,,,,,,,,,,,,
2021-02-25,0.43808267,0.18051937,0.18560918,0.52051824,0.20042764,-0.62430435,-0.10996498,0.099164836,1.2532315e-06,2.5037684e-06,4.6236196e-06,6.264315e-06,9.288465e-06,1.2002314e-05,1.3936012e-05,1.5991129e-05,1.7090428e-05,1.728994e-05,1.9999774e-05,1.31476145e-05
2021-02-26,,,,,,,,,,,,,,,,,,,,
2021-02-27,,,,,,,,,,,,,,,,,,,,
2021-02-28,,,,,,,,,,,,,,,,,,,,
2021-03-01,,,,,,,,,,,,,,,,,,,,
2021-03-02,0.13583662,0.17542174,0.0833627,0.108579844,0.051016487,-0.123820156,0.001516639,0.066988274,2.0510546e-05,2.0361007e-05,1.8398872e-05,1.8040602e-05,1.9598887e-05,2.0578229e-05,2.1630423e-05,2.3582232e-05,2.3111916e-05,2.2262406e-05,2.3540637e-05,2.0693817e-05
2021-03-03,,,,,,,,,,,,,,,,,,,,
2021-03-04,,,,,,,,,,,,,,,,,,,,
2021-03-05,0.4667275,0.21352385,0.19838652,0.5913243,0.2259931,-0.5996742,-0.045538913,0.15435106,3.6986166e-06,4.1448993e-06,4.595042e-06,6.0750035e-06,8.642526e-06,1.1604688e-05,1.3646934e-05,1.6493339e-05,1.706799e-05,1.6814138e-05,1.7989529e-05,1.2067053e-05
2021-03-06,,,,,,,,,,,,,,,,,,,,
2021-03-07,,,,,,,,,,,,,,,,,,,,
2021-03-08,,,,,,,,,,,,,,,,,,,,
2021-03-09,,,,,,,,,,,,,,,,,,,,
2021-03-10,,,,,,,,,,,,,,,,,,,,
2021-03-11,,,,,,,,,,,,,,,,,,,,
2021-03-12,,,,,,,,,,,,,,,,,,,,
2021-03-13,,,,,,,,,,,,,,,,,,,,
2021-03-14,,,,,,,,,,,,,,,,,,,,
2021-03-15,,,,,,,,,,,,,,,,,,,,
2021-03-16,,,,,,,,,,,,,,,,,,,,
2021-03-17,,,,,,,,,,,,,,,,,,,,
2021-03-18,,,,,,,,,,,,,,,,,,,,
2021-03-19,,,,,,,,,,,,,,,,,,,,
2021-03-20,0.3221804,0.2509344,0.19223909,0.38629934,0.16174924,-0.33932322,0.021311445,0.20560054,1.3314481e-05,1.0824582e-05,1.1553032e-05,1.253095e-05,1.604022e-05,2.016635e-05,2.221494e-05,2.4407374e-05,2.5186679e-05,2.7378837e-05,2.338277e-05,1.608609e-05
2021-03-21,,,,,,,,,,,,,,,,,,,,
2021-03-22,0.47872508,0.28326845,0.24730441,0.76864463,0.26225707,-0.50126815,0.032937046,0.23323545,4.56226e-06,5.9217277e-06,6.6080784e-06,7.5667776e-06,1.0860608e-05,1.590956e-05,1.851228e-05,2.135667e-05,2.1851729e-05,2.1673044e-05,2.0294123e-05,1.3473203e-05
2021-03-23,,,,,,,,,,,,,,,,,,,,
2021-03-24,,,,,,,,,,,,,,,,,,,,
2021-03-25,,,,,,,,,,,,,,,,,,,,
2021-03-26,,,,,,,,,,,,,,,,,,,,
2021-03-27,,,,,,,,,,,,,,,,,,,,
2021-03-28,,,,,,,,,,,,,,,,,,,,
2021-03-29,,,,,,,,,,,,,,,,,,,,
2021-03-30,0.4452899,0.19044572,0.18580282,0.5864176,0.22091709,-0.6369687,-0.14220232,0.06039606,3.0548172e-06,3.352417e-06,4.686361e-06,6.115231e-06,8.947376e-06,1.2069558e-05,1.39791755e-05,1.5818023e-05,1.709207e-05,1.72646e-05,2.1160466e-05,1.4095459e-05
2021-03-31,,,,,,,,,,,,,,,,,,,,
2021-04-01,,,,,,,,,,,,,,,,,,,,
2021-04-02,,,,,,,,,,,,,,,,,,,,
2021-04-03,,,,,,,,,,,,,,,,,,,,
2021-04-04,0.43469062,0.2571545,0.21096817,0.55631375,0.21608958,-0.50007504,-0.045692787,0.14337328,6.6780913e-06,6.9061957e-06,6.998736e-06,7.553546e-06,1.06659e-05,1.4485828e-05,1.652538e-05,1.914878e-05,1.9602143e-05,1.9635667e-05,2.0979704e-05,1.4341053e-05
2021-04-05,,,,,,,,,,,,,,,,,,,,
2021-04-06,,,,,,,,,,,,,,,,,,,,
2021-04-07,,,,,,,,,,,,,,,,,,,,
2021-04-08,,,,,,,,,,,,,,,,,,,,
2021-04-09,,,,,,,,,,,,,,,,,,,,
2021-04-10,,,,,,,,,,,,,,,,,,,,
2021-04-11,0.4613128,0.2996291,0.25088543,0.6487199,0.2422493,-0.5016465,-0.004022309,0.20444131,6.6883154e-06,7.127741e-06,7.6170822e-06,8.444809e-06,1.2584068e-05,1.7692693e-05,2.0572113e-05,2.2809916e-05,2.4353265e-05,2.4469178e-05,2.311574e-05,1.5154103e-05
2021-04-12,,,,,,,,,,,,,,,,,,,,
2021-04-13,,,,,,,,,,,,,,,,,,,,
2021-04-14,,,,,,,,,,,,,,,,,,,,
2021-04-15,,,,,,,,,,,,,,,,,,,,
2021-04-16,,,,,,,,,,,,,,,,,,,,
2021-04-17,,,,,,,,,,,,,,,,,,,,
2021-04-18,,,,,,,,,,,,,,,,,,,,
2021-04-19,,,,,,,,,,,,,,,,,,,,
2021-04-20,,,,,,,,,,,,,,,,,,,,
2021-04-21,0.5497462,0.30671513,0.2769536,0.84085923,0.29271576,-0.56758857,-0.004608588,0.21371874,3.7745588e-06,4.7364624e-06,5.926654e-06,6.2222375e-06,1.0211698e-05,1.6230348e-05,1.862907e-05,2.1332049e-05,2.1738535e-05,2.1894597e-05,2.1623451e-05,1.3892971e-05
2021-04-22,,,,,,,,,,,,,,,,,,,,
2021-04-23,,,,,,,,,,,,,,,,,,,,
2021-04-24,,,,,,,,,,,,,,,,,,,,
2021-04-25,,,,,,,,,,,,,,,,,,,,
2021-04-26,,,,,,,,,,,,,,,,,,,,
2021-04-27,,,,,,,,,,,,,,,,,,,,
2021-04-28,,,,,,,,,,,,,,,,,,,,
2021-04-29,,,,,,,,,,,,,,,,,,,,
2021-04-30,,,,,,,,,,,,,,,,,,,,
2021-05-01,,,,,,,,,,,,,,,,,,,,
2021-05-02,,,,,,,,,,,,,,,,,,,,
2021-05-03,,,,,,,,,,,,,,,,,,,,
2021-05-04,,,,,,,,,,,,,,,,,,,,
2021-05-05,,,,,,,,,,,,,,,,,,,,
2021-05-06,,,,,,,,,,,,,,,,,,,,
2021-05-07,,,,,,,,,,,,,,,,,,,,
2021-05-08,,,,,,,,,,,,,,,,,,,,
2021-05-09,0.7112616,0.3754076,0.3599862,1.2505965,0.38157415,-0.55925804,0.1254924,0.40273938,2.315896e-06,2.5679494e-06,5.029991e-06,3.870012e-06,9.494494e-06,1.8452463e-05,2.1196813e-05,2.2948241e-05,2.4177167e-05,2.419306e-05,1.7803395e-05,9.751966e-06
2021-05-10,,,,,,,,,,,,,,,,,,,,
2021-05-11,,,,,,,,,,,,,,,,,,,,
2021-05-12,,,,,,,,,,,,,,,,,,,,
2021-05-13,,,,,,,,,,,,,,,,,,,,
2021-05-14,,,,,,,,,,,,,,,,,,,,
2021-05-15,,,,,,,,,,,,,,,,,,,,
2021-05-16,,,,,,,,,,,,,,,,,,,,
2021-05-17,,,,,,,,,,,,,,,,,,,,
2021-05-18,,,,,,,,,,,,,,,,,,,,
2021-05-19,,,,,,,,,,,,,,,,,,,,
2021-05-20,,,,,,,,,,,,,,,,,,,,
2021-05-22,,,,,,,,,,,,,,,,,,,,
2021-05-23,,,,,,,,,,,,,,,,,,,,
2021-05-25,,,,,,,,,,,,,,,,,,,,
2021-05-26,,,,,,,,,,,,,,,,,,,,
2021-05-27,,,,,,,,,,,,,,,,,,,,
2021-05-28,,,,,,,,,,,,,,,,,,,,
2021-05-29,,,,,,,,,,,,,,,,,,,,
2021-05-30,,,,,,,,,,,,,,,,,,,,
2021-06-01,,,,,,,,,,,,,,,,,,,,
2021-06-02,,,,,,,,,,,,,,,,,,,,
2021-06-03,,,,,,,,,,,,,,,,,,,,
2021-06-04,,,,,,,,,,,,,,,,,,,,
2021-06-05,,,,,,,,,,,,,,,,,,,,
2021-06-06,,,,,,,,,,,,,,,,,,,,
2021-06-07,,,,,,,,,,,,,,,,,,,,
2021-06-09,,,,,,,,,,,,,,,,,,,,
2021-06-10,,,,,,,,,,,,,,,,,,,,
2021-06-11,,,,,,,,,,,,,,,,,,,,
2021-06-12,,,,,,,,,,,,,,,,,,,,
2021-06-13,,,,,,,,,,,,,,,,,,,,
2021-06-14,,,,,,,,,,,,,,,,,,,,
2021-06-15,,,,,,,,,,,,,,,,,,,,
2021-06-16,,,,,,,,,,,,,,,,,,,,
2021-06-17,,,,,,,,,,,,,,,,,,,,
2021-06-19,,,,,,,,,,,,,,,,,,,,
2021-06-20,,,,,,,,,,,,,,,,,,,,
2021-06-21,,,,,,,,,,,,,,,,,,,,
2021-06-22,,,,,,,,,,,,,,,,,,,,
2021-06-23,,,,,,,,,,,,,,,,,,,,
2021-06-24,,,,,,,,,,,,,,,,,,,,
2021-06-25,,,,,,,,,,,,,,,,,,,,
2021-06-26,,,,,,,,,,,,,,,,,,,,
2021-06-27,,,,,,,,,,,,,,,,,,,,
2021-06-28,,,,,,,,,,,,,,,,,,,,
2021-06-29,,,,,,,,,,,,,,,,,,,,
2021-06-30,,,,,,,,,,,,,,,,,,,,
2021-07-01,,,,,,,,,,,,,,,,,,,,
2021-07-02,,,,,,,,,,,,,,,,,,,,
2021-07-03,,,,,,,,,,,,,,,,,,,,
2021-07-04,,,,,,,,,,,,,,,,,,,,
2021-07-05,,,,,,,,,,,,,,,,,,,,
2021-07-06,,,,,,,,,,,,,,,,,,,,
2021-07-07,,,,,,,,,,,,,,,,,,,,
2021-07-08,,,,,,,,,,,,,,,,,,,,
2021-07-09,,,,,,,,,,,,,,,,,,,,
2021-07-11,,,,,,,,,,,,,,,,,,,,
2021-07-12,,,,,,,,,,,,,,,,,,,,
2021-07-13,,,,,,,,,,,,,,,,,,,,
2021-07-14,,,,,,,,,,,,,,,,,,,,
2021-07-16,,,,,,,,,,,,,,,,,,,,
2021-07-17,,,,,,,,,,,,,,,,,,,,
2021-07-19,,,,,,,,,,,,,,,,,,,,
2021-07-20,,,,,,,,,,,,,,,,,,,,
2021-07-21,,,,,,,,,,,,,,,,,,,,
2021-07-22,,,,,,,,,,,,,,,,,,,,
2021-07-24,,,,,,,,,,,,,,,,,,,,
2021-07-25,,,,,,,,,,,,,,,,,,,,
2021-07-26,,,,,,,,,,,,,,,,,,,,
2021-07-27,,,,,,,,,,,,,,,,,,,,
2021-07-28,,,,,,,,,,,,,,,,,,,,
2021-07-29,,,,,,,,,,,,,,,,,,,,
2021-07-30,,,,,,,,,,,,,,,,,,,,
2021-07-31,,,,,,,,,,,,,,,,,,,,
2021-08-01,,,,,,,,,,,,,,,,,,,,
2021-08-02,,,,,,,,,,,,,,,,,,,,
2021-08-03,,,,,,,,,,,,,,,,,,,,
2021-08-04,,,,,,,,,,,,,,,,,,,,
2021-08-05,,,,,,,,,,,,,,,,,,,,
2021-08-06,,,,,,,,,,,,,,,,,,,,
2021-08-07,,,,,,,,,,,,,,,,,,,,
2021-08-08,,,,,,,,,,,,,,,,,,,,
2021-08-09,,,,,,,,,,,,,,,,,,,,
2021-08-10,,,,,,,,,,,,,,,,,,,,
2021-08-11,,,,,,,,,,,,,,,,,,,,
2021-08-12,,,,,,,,,,,,,,,,,,,,
2021-08-13,,,,,,,,,,,,,,,,,,,,
2021-08-15,,,,,,,,,,,,,,,,,,,,
2021-08-16,,,,,,,,,,,,,,,,,,,,
2021-08-17,,,,,,,,,,,,,,,,,,,,
2021-08-18,,,,,,,,,,,,,,,,,,,,
2021-08-19,,,,,,,,,,,,,,,,,,,,
2021-08-20,,,,,,,,,,,,,,,,,,,,
2021-08-21,,,,,,,,,,,,,,,,,,,,
2021-08-22,,,,,,,,,,,,,,,,,,,,
2021-08-23,,,,,,,,,,,,,,,,,,,,
2021-08-24,,,,,,,,,,,,,,,,,,,,
2021-08-25,,,,,,,,,,,,,,,,,,,,
2021-08-26,,,,,,,,,,,,,,,,,,,,
2021-08-27,,,,,,,,,,,,,,,,,,,,
2021-08-28,,,,,,,,,,,,,,,,,,,,
2021-08-29,,,,,,,,,,,,,,,,,,,,
2021-08-30,,,,,,,,,,,,,,,,,,,,
2021-08-31,,,,,,,,,,,,,,,,,,,,
2021-09-02,,,,,,,,,,,,,,,,,,,,
2021-09-04,,,,,,,,,,,,,,,,,,,,
2021-09-05,,,,,,,,,,,,,,,,,,,,
2021-09-07,,,,,,,,,,,,,,,,,,,,
2021-09-09,,,,,,,,,,,,,,,,,,,,
2021-09-10,,,,,,,,,,,,,,,,,,,,
2021-09-12,,,,,,,,,,,,,,,,,,,,
2021-09-13,,,,,,,,,,,,,,,,,,,,
2021-09-14,,,,,,,,,,,,,,,,,,,,
2021-09-15,,,,,,,,,,,,,,,,,,,,
2021-09-16,,,,,,,,,,,,,,,,,,,,
2021-09-17,,,,,,,,,,,,,,,,,,,,
2021-09-18,,,,,,,,,,,,,,,,,,,,
2021-09-19,,,,,,,,,,,,,,,,,,,,
2021-09-20,,,,,,,,,,,,,,,,,,,,
2021-09-21,,,,,,,,,,,,,,,,,,,,
2021-09-22,,,,,,,,,,,,,,,,,,,,
2021-09-23,,,,,,,,,,,,,,,,,,,,
2021-09-24,,,,,,,,,,,,,,,,,,,,
2021-09-25,,,,,,,,,,,,,,,,,,,,
2021-09-27,,,,,,,,,,,,,,,,,,,,
2021-09-28,,,,,,,,,,,,,,,,,,,,
2021-09-29,,,,,,,,,,,,,,,,,,,,
2021-09-30,,,,,,,,,,,,,,,,,,,,
2021-10-01,,,,,,,,,,,,,,,,,,,,
2021-10-02,,,,,,,,,,,,,,,,,,,,
2021-10-03,,,,,,,,,,,,,,,,,,,,
2021-10-04,,,,,,,,,,,,,,,,,,,,
2021-10-05,,,,,,,,,,,,,,,,,,,,
2021-10-06,,,,,,,,,,,,,,,,,,,,
2021-10-07,,,,,,,,,,,,,,,,,,,,
2021-10-08,0.6483132,0.49678707,0.3592993,1.9055449,0.48214665,-0.26863855,0.31896105,0.50899273,9.482388e-06,7.770875e-06,7.6896e-06,5.540414e-06,8.714946e-06,1.9696901e-05,2.4645187e-05,2.5463525e-05,2.682237e-05,2.7995346e-05,1.3212939e-05,8.477086e-06
2021-10-09,,,,,,,,,,,,,,,,,,,,
2021-10-10,,,,,,,,,,,,,,,,,,,,
2021-10-11,0.5939497,0.3442423,0.2825445,1.5268188,0.4300072,-0.2671732,0.32478654,0.49399367,6.4224287e-06,5.6665867e-06,6.0409006e-06,5.231307e-06,7.848388e-06,1.6041948e-05,1.9517303e-05,2.0232028e-05,2.1370599e-05,2.0599584e-05,1.0360537e-05,6.9325165e-06
2021-10-12,,,,,,,,,,,,,,,,,,,,
2021-10-14,,,,,,,,,,,,,,,,,,,,
2021-10-15,,,,,,,,,,,,,,,,,,,,
2021-10-17,,,,,,,,,,,,,,,,,,,,
2021-10-18,,,,,,,,,,,,,,,,,,,,
2021-10-19,,,,,,,,,,,,,,,,,,,,
2021-10-20,,,,,,,,,,,,,,,,,,,,
2021-10-21,,,,,,,,,,,,,,,,,,,,
2021-10-22,,,,,,,,,,,,,,,,,,,,
2021-10-23,0.7230989,0.3262613,0.31464386,1.569632,0.43245268,-0.42398122,0.34472063,0.5807986,2.7621154e-06,2.079643e-06,3.900787e-06,3.1590373e-06,7.0005262e-06,1.4774545e-05,1.7528128e-05,1.9117244e-05,2.0388605e-05,2.0829375e-05,9.301834e-06,5.1439356e-06
2021-10-24,,,,,,,,,,,,,,,,,,,,
2021-10-25,,,,,,,,,,,,,,,,,,,,
2021-10-26,,,,,,,,,,,,,,,,,,,,
2021-10-27,,,,,,,,,,,,,,,,,,,,
2021-10-28,0.7406105,0.37012118,0.38158542,1.4437828,0.4049561,-0.58078223,0.2650552,0.5854159,1e-08,1.1793086e-06,3.7437028e-06,3.676004e-06,8.678941e-06,1.6653265e-05,2.0263666e-05,2.4102805e-05,2.5814756e-05,2.6085125e-05,1.3834952e-05,6.200721e-06
2021-10-29,,,,,,,,,,,,,,,,,,,,
2021-10-30,,,,,,,,,,,,,,,,,,,,
2021-10-31,,,,,,,,,,,,,,,,,,,,
2021-11-01,,,,,,,,,,,,,,,,,,,,
2021-11-02,0.61727136,0.28355715,0.30118686,0.9260416,0.30386302,-0.61881155,0.15210891,0.47705927,8.0406755e-07,1.305655e-06,3.6950696e-06,5.1141537e-06,9.489409e-06,1.44501155e-05,1.765926e-05,2.1307476e-05,2.3745733e-05,2.4054894e-05,1.5505688e-05,7.425444e-06
2021-11-03,,,,,,,,,,,,,,,,,,,,
2021-11-04,,,,,,,,,,,,,,,,,,,,
2021-11-05,,,,,,,,,,,,,,,,,,,,
2021-11-06,,,,,,,,,,,,,,,,,,,,
2021-11-07,,,,,,,,,,,,,,,,,,,,
2021-11-08,,,,,,,,,,,,,,,,,,,,
2021-11-09,,,,,,,,,,,,,,,,,,,,
2021-11-10,,,,,,,,,,,,,,,,,,,,
2021-11-11,,,,,,,,,,,,,,,,,,,,
2021-11-12,,,,,,,,,,,,,,,,,,,,
2021-11-13,,,,,,,,,,,,,,,,,,,,
2021-11-14,,,,,,,,,,,,,,,,,,,,
2021-11-15,,,,,,,,,,,,,,,,,,,,
2021-11-16,,,,,,,,,,,,,,,,,,,,
2021-11-17,0.6966462,0.30735415,0.31209362,1.6539929,0.37502328,-0.73824745,0.13333149,0.3819072,8.7763755e-07,1.5325841e-06,2.6638018e-06,3.8502044e-06,8.123954e-06,1.4063442e-05,1.7303004e-05,1.9958223e-05,2.2451928e-05,2.280476e-05,1.5480678e-05,9.228422e-06
2021-11-18,,,,,,,,,,,,,,,,,,,,
2021-11-19,,,,,,,,,,,,,,,,,,,,
2021-11-20,,,,,,,,,,,,,,,,,,,,
2021-11-21,,,,,,,,,,,,,,,,,,,,
2021-11-22,0.6171537,0.2199495,0.2304729,0.7459753,0.27061006,-0.74686885,0.002380044,0.27152202,3.4323568e-07,9.681975e-07,2.2121264e-06,3.6644526e-06,6.959587e-06,9.942489e-06,1.2066759e-05,1.5150146e-05,1.6741307e-05,1.8317602e-05,1.4925107e-05,8.606456e-06
2021-11-23,,,,,,,,,,,,,,,,,,,,
2021-11-24,,,,,,,,,,,,,,,,,,,,
2021-11-25,0.10916999,0.096636124,0.0625839,0.059204157,0.028220784,-0.19215162,-0.042610172,-0.022489531,1.416e-05,1.49275e-05,1.488e-05,1.61675e-05,1.7905e-05,1.845e-05,1.896e-05,2.01625e-05,2.1095e-05,2.9495e-05,2.1875e-05,2.1005e-05
2021-11-26,,,,,,,,,,,,,,,,,,,,
2021-11-27,,,,,,,,,,,,,,,,,,,,
2021-11-28,,,,,,,,,,,,,,,,,,,,
2021-11-29,,,,,,,,,,,,,,,,,,,,
2021-11-30,,,,,,,,,,,,,,,,,,,,
2021-12-01,,,,,,,,,,,,,,,,,,,,
2021-12-03,,,,,,,,,,,,,,,,,,,,
2021-12-04,,,,,,,,,,,,,,,,,,,,
2021-12-05,,,,,,,,,,,,,,,,,,,,
2021-12-06,,,,,,,,,,,,,,,,,,,,
2021-12-08,,,,,,,,,,,,,,,,,,,,
2021-12-09,,,,,,,,,,,,,,,,,,,,
2021-12-10,,,,,,,,,,,,,,,,,,,,
2021-12-11,,,,,,,,,,,,,,,,,,,,
2021-12-12,,,,,,,,,,,,,,,,,,,,
2021-12-13,,,,,,,,,,,,,,,,,,,,
2021-12-14,,,,,,,,,,,,,,,,,,,,
2021-12-15,,,,,,,,,,,,,,,,,,,,
2021-12-16,,,,,,,,,,,,,,,,,,,,
2021-12-17,,,,,,,,,,,,,,,,,,,,
2021-12-18,,,,,,,,,,,,,,,,,,,,
2021-12-19,,,,,,,,,,,,,,,,,,,,
2021-12-21,,,,,,,,,,,,,,,,,,,,
2021-12-22,,,,,,,,,,,,,,,,,,,,
2021-12-23,,,,,,,,,,,,,,,,,,,,
2021-12-24,,,,,,,,,,,,,,,,,,,,
2021-12-26,,,,,,,,,,,,,,,,,,,,
2021-12-27,,,,,,,,,,,,,,,,,,,,
2021-12-28,,,,,,,,,,,,,,,,,,,,
2021-12-29,,,,,,,,,,,,,,,,,,,,
2021-12-30,,,,,,,,,,,,,,,,,,,,
2021-12-31,,,,,,,,,,,,,,,,,,,,
2022-01-01,,,,,,,,,,,,,,,,,,,,
2022-01-02,,,,,,,,,,,,,,,,,,,,
2022-01-03,,,,,,,,,,,,,,,,,,,,
2022-01-04,,,,,,,,,,,,,,,,,,,,
2022-01-05,,,,,,,,,,,,,,,,,,,,
2022-01-07,,,,,,,,,,,,,,,,,,,,
2022-01-08,,,,,,,,,,,,,,,,,,,,
2022-01-09,,,,,,,,,,,,,,,,,,,,
2022-01-10,,,,,,,,,,,,,,,,,,,,
2022-01-11,,,,,,,,,,,,,,,,,,,,
2022-01-12,,,,,,,,,,,,,,,,,,,,
2022-01-13,,,,,,,,,,,,,,,,,,,,
2022-01-14,,,,,,,,,,,,,,,,,,,,
2022-01-15,,,,,,,,,,,,,,,,,,,,
2022-01-16,,,,,,,,,,,,,,,,,,,,
2022-01-17,,,,,,,,,,,,,,,,,,,,
2022-01-18,,,,,,,,,,,,,,,,,,,,
2022-01-19,,,,,,,,,,,,,,,,,,,,
2022-01-20,,,,,,,,,,,,,,,,,,,,
2022-01-21,,,,,,,,,,,,,,,,,,,,
2022-01-22,,,,,,,,,,,,,,,,,,,,
2022-01-23,,,,,,,,,,,,,,,,,,,,
2022-01-24,,,,,,,,,,,,,,,,,,,,
2022-01-25,,,,,,,,,,,,,,,,,,,,
2022-01-26,,,,,,,,,,,,,,,,,,,,
2022-01-27,,,,,,,,,,,,,,,,,,,,
2022-01-28,,,,,,,,,,,,,,,,,,,,
2022-01-29,,,,,,,,,,,,,,,,,,,,
2022-01-30,,,,,,,,,,,,,,,,,,,,
2022-01-31,,,,,,,,,,,,,,,,,,,,
2022-02-01,,,,,,,,,,,,,,,,,,,,
2022-02-02,,,,,,,,,,,,,,,,,,,,
2022-02-03,,,,,,,,,,,,,,,,,,,,
2022-02-04,,,,,,,,,,,,,,,,,,,,
2022-02-05,,,,,,,,,,,,,,,,,,,,
2022-02-06,,,,,,,,,,,,,,,,,,,,
2022-02-07,,,,,,,,,,,,,,,,,,,,
2022-02-08,,,,,,,,,,,,,,,,,,,,
2022-02-09,,,,,,,,,,,,,,,,,,,,
2022-02-10,,,,,,,,,,,,,,,,,,,,
2022-02-11,,,,,,,,,,,,,,,,,,,,
2022-02-12,,,,,,,,,,,,,,,,,,,,
2022-02-13,,,,,,,,,,,,,,,,,,,,
2022-02-14,,,,,,,,,,,,,,,,,,,,
2022-02-15,0.32355675,0.17213184,0.11912872,0.37833813,0.1584531,-0.29947755,0.01773693,0.19610292,8.329375e-06,8.007344e-06,6.498594e-06,6.368594e-06,7.625625e-06,9.10875e-06,1.0491875e-05,1.2460938e-05,1.240875e-05,1.4769375e-05,1.199875e-05,8.375e-06
2022-02-16,,,,,,,,,,,,,,,,,,,,
2022-02-17,,,,,,,,,,,,,,,,,,,,
2022-02-18,,,,,,,,,,,,,,,,,,,,
2022-02-19,,,,,,,,,,,,,,,,,,,,
2022-02-20,,,,,,,,,,,,,,,,,,,,
2022-02-21,,,,,,,,,,,,,,,,,,,,
2022-02-22,,,,,,,,,,,,,,,,,,,,
2022-02-23,0.41867948,0.24529713,0.21768762,0.52334917,0.20453314,-0.51118976,-0.03315605,0.15958071,6.3954662e-06,6.2717672e-06,7.488404e-06,8.84085e-06,1.2062878e-05,1.573665e-05,1.8133693e-05,2.1214511e-05,2.2062684e-05,2.220102e-05,2.267804e-05,1.549416e-05
2022-02-24,,,,,,,,,,,,,,,,,,,,
2022-02-25,0.28257254,0.14446637,0.107527316,0.2964221,0.12843136,-0.2814558,0.025721626,0.14220469,6.9593284e-06,7.5069433e-06,6.7760893e-06,7.094696e-06,8.486559e-06,9.836836e-06,1.097507e-05,1.2676255e-05,1.2621379e-05,1.3736812e-05,1.2002124e-05,9.50172e-06
2022-02-26,,,,,,,,,,,,,,,,,,,,
2022-02-27,,,,,,,,,,,,,,,,,,,,
2022-02-28,,,,,,,,,,,,,,,,,,,,
2022-03-01,,,,,,,,,,,,,,,,,,,,
2022-03-02,,,,,,,,,,,,,,,,,,,,
2022-03-03,,,,,,,,,,,,,,,,,,,,
2022-03-04,,,,,,,,,,,,,,,,,,,,
2022-03-05,0.4284379,0.21057795,0.19342956,0.5228747,0.20553377,-0.5797595,-0.1060423,0.10517784,4.8437882e-06,4.7805706e-06,5.7449042e-06,6.9835555e-06,9.61676e-06,1.2587194e-05,1.4559792e-05,1.7372604e-05,1.8068322e-05,1.7887765e-05,2.1475631e-05,1.4056759e-05
2022-03-06,,,,,,,,,,,,,,,,,,,,
2022-03-07,0.48804578,0.21033338,0.20199403,0.6635889,0.2379701,-0.65428203,-0.108474694,0.08699026,2.027344e-06,3.3227548e-06,4.1701824e-06,5.5261785e-06,8.167732e-06,1.1337626e-05,1.32412115e-05,1.5978801e-05,1.6576458e-05,1.6614715e-05,1.9990232e-05,1.3508207e-05
2022-03-08,,,,,,,,,,,,,,,,,,,,
2022-03-09,,,,,,,,,,,,,,,,,,,,
2022-03-10,0.4751137,0.20113094,0.19352607,0.66002285,0.23691022,-0.64107114,-0.104534954,0.08423783,2.2292531e-06,3.307236e-06,4.208515e-06,5.5610526e-06,7.997838e-06,1.1011567e-05,1.2940776e-05,1.5545476e-05,1.6062317e-05,1.5735917e-05,1.928207e-05,1.31992465e-05
2022-03-11,,,,,,,,,,,,,,,,,,,,
2022-03-12,0.46971905,0.21650535,0.21049131,0.62474835,0.22931623,-0.6364927,-0.11202194,0.10128669,3.091962e-06,3.521803e-06,4.877029e-06,6.338674e-06,9.063895e-06,1.23456375e-05,1.4453414e-05,1.7523706e-05,1.7799457e-05,1.6698785e-05,2.204125e-05,1.4350521e-05
2022-03-13,,,,,,,,,,,,,,,,,,,,
2022-03-14,,,,,,,,,,,,,,,,,,,,
2022-03-15,,,,,,,,,,,,,,,,,,,,
2022-03-16,,,,,,,,,,,,,,,,,,,,
2022-03-17,,,,,,,,,,,,,,,,,,,,
2022-03-18,,,,,,,,,,,,,,,,,,,,
2022-03-19,,,,,,,,,,,,,,,,,,,,
2022-03-20,0.44725615,0.2062703,0.19114321,0.6024501,0.22349335,-0.60369205,-0.10974406,0.07593695,3.4182015e-06,4.2645856e-06,5.005765e-06,6.235522e-06,8.6589025e-06,1.17075615e-05,1.3620459e-05,1.6274498e-05,1.670092e-05,1.6365855e-05,2.0420732e-05,1.4074563e-05
2022-03-21,,,,,,,,,,,,,,,,,,,,
2022-03-22,0.45235628,0.20966177,0.20142575,0.5968458,0.22233057,-0.6183316,-0.11690448,0.09711507,3.4245845e-06,3.8095304e-06,5.1381917e-06,6.5143963e-06,9.1919455e-06,1.2382251e-05,1.4429338e-05,1.7223638e-05,1.7587632e-05,1.6964048e-05,2.1899334e-05,1.4244973e-05
2022-03-23,,,,,,,,,,,,,,,,,,,,
2022-03-24,,,,,,,,,,,,,,,,,,,,
2022-03-25,0.40385666,0.20098287,0.18179895,0.5173658,0.2016153,-0.5487366,-0.110977694,0.09592684,5.1376946e-06,5.1631805e-06,6.1683404e-06,7.2205244e-06,9.937748e-06,1.3121424e-05,1.4951743e-05,1.6990964e-05,1.7946806e-05,1.8141222e-05,2.1349602e-05,1.4104549e-05
2022-03-26,,,,,,,,,,,,,,,,,,,,
2022-03-27,0.32179484,0.223084,0.16798519,0.3779538,0.15778324,-0.42482436,-0.0845782,0.07199227,8.645507e-06,1.0029471e-05,1.0072653e-05,1.0806156e-05,1.3629467e-05,1.6640119e-05,1.8561523e-05,2.0637295e-05,2.139409e-05,2.2131151e-05,2.4417017e-05,1.7962862e-05
2022-03-28,,,,,,,,,,,,,,,,,,,,
2022-03-29,,,,,,,,,,,,,,,,,,,,
2022-03-30,,,,,,,,,,,,,,,,,,,,
2022-03-31,,,,,,,,,,,,,,,,,,,,
2022-04-01,,,,,,,,,,,,,,,,,,,,
2022-04-02,,,,,,,,,,,,,,,,,,,,
2022-04-03,,,,,,,,,,,,,,,,,,,,
2022-04-04,,,,,,,,,,,,,,,,,,,,
2022-04-05,,,,,,,,,,,,,,,,,,,,
2022-04-06,,,,,,,,,,,,,,,,,,,,
2022-04-07,,,,,,,,,,,,,,,,,,,,
2022-04-08,,,,,,,,,,,,,,,,,,,,
2022-04-09,,,,,,,,,,,,,,,,,,,,
2022-04-10,,,,,,,,,,,,,,,,,,,,
2022-04-11,0.51783144,0.23730975,0.23663871,0.7348542,0.26202595,-0.6257324,-0.03333543,0.18954308,2.252174e-06,2.8835227e-06,4.5697816e-06,5.934097e-06,9.446634e-06,1.3838376e-05,1.6087177e-05,1.8501196e-05,1.939928e-05,1.9626179e-05,1.9883732e-05,1.2674239e-05
2022-04-12,,,,,,,,,,,,,,,,,,,,
2022-04-13,,,,,,,,,,,,,,,,,,,,
2022-04-14,,,,,,,,,,,,,,,,,,,,
2022-04-15,,,,,,,,,,,,,,,,,,,,
2022-04-16,0.5773548,0.31710103,0.2938577,0.9062095,0.30734184,-0.5681049,0.04294342,0.25992647,3.0346032e-06,4.1466433e-06,5.538072e-06,5.904112e-06,9.973131e-06,1.6314832e-05,1.8774057e-05,2.1906846e-05,2.2103999e-05,2.2002867e-05,2.0168454e-05,1.2910106e-05
2022-04-17,,,,,,,,,,,,,,,,,,,,
2022-04-18,,,,,,,,,,,,,,,,,,,,
2022-04-19,,,,,,,,,,,,,,,,,,,,
2022-04-20,,,,,,,,,,,,,,,,,,,,
2022-04-21,,,,,,,,,,,,,,,,,,,,
2022-04-22,,,,,,,,,,,,,,,,,,,,
2022-04-23,,,,,,,,,,,,,,,,,,,,
2022-04-24,0.6507044,0.35659692,0.3338107,1.1086904,0.35323387,-0.5401954,0.10208561,0.36460787,3.3668232e-06,3.4578472e-06,5.5490596e-06,4.8451952e-06,9.952822e-06,1.807332e-05,2.0767013e-05,2.2823342e-05,2.388001e-05,2.3791898e-05,1.8611574e-05,1.0634883e-05
2022-04-25,,,,,,,,,,,,,,,,,,,,
2022-04-26,,,,,,,,,,,,,,,,,,,,
2022-04-27,,,,,,,,,,,,,,,,,,,,
2022-04-28,,,,,,,,,,,,,,,,,,,,
2022-04-29,0.68696404,0.43764323,0.3915108,1.272069,0.38730323,-0.4358973,0.22326234,0.46072873,3.1964814e-06,4.3086834e-06,6.64281e-06,4.934885e-06,1.06621455e-05,2.089519e-05,2.409297e-05,2.6667356e-05,2.7005934e-05,2.7399466e-05,1.6897362e-05,9.813658e-06
2022-04-30,,,,,,,,,,,,,,,,,,,,
2022-05-01,,,,,,,,,,,,,,,,,,,,
2022-05-02,,,,,,,,,,,,,,,,,,,,
2022-05-03,,,,,,,,,,,,,,,,,,,,
2022-05-04,0.5597665,0.3949611,0.31602556,1.206076,0.37093684,-0.30522946,0.20774597,0.33904308,1.561539e-05,7.0712163e-06,8.79513e-06,7.25734e-06,1.3832188e-05,2.5346546e-05,2.977687e-05,2.5201554e-05,3.2408592e-05,3.6018897e-05,1.6588185e-05,1.2410751e-05
2022-05-05,,,,,,,,,,,,,,,,,,,,
2022-05-06,,,,,,,,,,,,,,,,,,,,
2022-05-07,,,,,,,,,,,,,,,,,,,,
2022-05-08,,,,,,,,,,,,,,,,,,,,
2022-05-10,,,,,,,,,,,,,,,,,,,,
2022-05-12,,,,,,,,,,,,,,,,,,,,
2022-05-13,,,,,,,,,,,,,,,,,,,,
2022-05-15,,,,,,,,,,,,,,,,,,,,
2022-05-17,,,,,,,,,,,,,,,,,,,,
2022-05-18,,,,,,,,,,,,,,,,,,,,
2022-05-19,,,,,,,,,,,,,,,,,,,,
2022-05-20,,,,,,,,,,,,,,,,,,,,
2022-05-21,,,,,,,,,,,,,,,,,,,,
2022-05-22,,,,,,,,,,,,,,,,,,,,
2022-05-23,,,,,,,,,,,,,,,,,,,,
2022-05-24,,,,,,,,,,,,,,,,,,,,
2022-05-25,,,,,,,,,,,,,,,,,,,,
2022-05-27,,,,,,,,,,,,,,,,,,,,
2022-05-28,,,,,,,,,,,,,,,,,,,,
2022-05-30,,,,,,,,,,,,,,,,,,,,
2022-05-31,0.61381483,0.66122437,0.42557365,1.6747967,0.45575222,-0.14708827,0.3959137,0.6426053,6.86e-06,1.12948865e-05,1.1173654e-05,8.301086e-06,1.107e-05,2.486e-05,2.961e-05,3.4609853e-05,3.126e-05,3.194e-05,1.496e-05,7.52e-06
2022-06-01,,,,,,,,,,,,,,,,,,,,
2022-06-02,,,,,,,,,,,,,,,,,,,,
2022-06-04,,,,,,,,,,,,,,,,,,,,
2022-06-05,,,,,,,,,,,,,,,,,,,,
2022-06-06,,,,,,,,,,,,,,,,,,,,
2022-06-07,,,,,,,,,,,,,,,,,,,,
2022-06-08,,,,,,,,,,,,,,,,,,,,
2022-06-09,,,,,,,,,,,,,,,,,,,,
2022-06-11,,,,,,,,,,,,,,,,,,,,
2022-06-12,,,,,,,,,,,,,,,,,,,,
2022-06-13,,,,,,,,,,,,,,,,,,,,
2022-06-14,,,,,,,,,,,,,,,,,,,,
2022-06-16,,,,,,,,,,,,,,,,,,,,
2022-06-17,,,,,,,,,,,,,,,,,,,,
2022-06-19,,,,,,,,,,,,,,,,,,,,
2022-06-20,,,,,,,,,,,,,,,,,,,,
2022-06-21,,,,,,,,,,,,,,,,,,,,
2022-06-22,,,,,,,,,,,,,,,,,,,,
2022-06-24,,,,,,,,,,,,,,,,,,,,
2022-06-25,,,,,,,,,,,,,,,,,,,,
2022-06-26,,,,,,,,,,,,,,,,,,,,
2022-06-27,,,,,,,,,,,,,,,,,,,,
2022-06-29,,,,,,,,,,,,,,,,,,,,
2022-07-01,,,,,,,,,,,,,,,,,,,,
2022-07-02,,,,,,,,,,,,,,,,,,,,
2022-07-03,,,,,,,,,,,,,,,,,,,,
2022-07-04,,,,,,,,,,,,,,,,,,,,
2022-07-06,,,,,,,,,,,,,,,,,,,,
2022-07-07,,,,,,,,,,,,,,,,,,,,
2022-07-09,,,,,,,,,,,,,,,,,,,,
2022-07-10,,,,,,,,,,,,,,,,,,,,
2022-07-11,,,,,,,,,,,,,,,,,,,,
2022-07-12,,,,,,,,,,,,,,,,,,,,
2022-07-13,,,,,,,,,,,,,,,,,,,,
2022-07-14,,,,,,,,,,,,,,,,,,,,
2022-07-15,,,,,,,,,,,,,,,,,,,,
2022-07-16,,,,,,,,,,,,,,,,,,,,
2022-07-17,,,,,,,,,,,,,,,,,,,,
2022-07-18,,,,,,,,,,,,,,,,,,,,
2022-07-19,,,,,,,,,,,,,,,,,,,,
2022-07-21,,,,,,,,,,,,,,,,,,,,
2022-07-22,,,,,,,,,,,,,,,,,,,,
2022-07-24,,,,,,,,,,,,,,,,,,,,
2022-07-25,,,,,,,,,,,,,,,,,,,,
2022-07-26,,,,,,,,,,,,,,,,,,,,
2022-07-27,,,,,,,,,,,,,,,,,,,,
2022-07-28,,,,,,,,,,,,,,,,,,,,
2022-07-29,,,,,,,,,,,,,,,,,,,,
2022-07-30,,,,,,,,,,,,,,,,,,,,
2022-07-31,,,,,,,,,,,,,,,,,,,,
2022-08-01,,,,,,,,,,,,,,,,,,,,
2022-08-03,,,,,,,,,,,,,,,,,,,,
2022-08-04,,,,,,,,,,,,,,,,,,,,
2022-08-05,,,,,,,,,,,,,,,,,,,,
2022-08-06,,,,,,,,,,,,,,,,,,,,
2022-08-08,,,,,,,,,,,,,,,,,,,,
2022-08-10,,,,,,,,,,,,,,,,,,,,
2022-08-11,,,,,,,,,,,,,,,,,,,,
2022-08-13,,,,,,,,,,,,,,,,,,,,
2022-08-14,,,,,,,,,,,,,,,,,,,,
2022-08-15,,,,,,,,,,,,,,,,,,,,
2022-08-16,,,,,,,,,,,,,,,,,,,,
2022-08-17,,,,,,,,,,,,,,,,,,,,
2022-08-18,,,,,,,,,,,,,,,,,,,,
2022-08-19,,,,,,,,,,,,,,,,,,,,
2022-08-20,,,,,,,,,,,,,,,,,,,,
2022-08-21,,,,,,,,,,,,,,,,,,,,
2022-08-22,,,,,,,,,,,,,,,,,,,,
2022-08-23,,,,,,,,,,,,,,,,,,,,
2022-08-25,,,,,,,,,,,,,,,,,,,,
2022-08-26,,,,,,,,,,,,,,,,,,,,
2022-08-27,,,,,,,,,,,,,,,,,,,,
2022-08-28,,,,,,,,,,,,,,,,,,,,
2022-08-29,,,,,,,,,,,,,,,,,,,,
2022-08-30,,,,,,,,,,,,,,,,,,,,
2022-08-31,,,,,,,,,,,,,,,,,,,,
2022-09-02,,,,,,,,,,,,,,,,,,,,
2022-09-04,,,,,,,,,,,,,,,,,,,,
2022-09-05,,,,,,,,,,,,,,,,,,,,
2022-09-07,,,,,,,,,,,,,,,,,,,,
2022-09-08,,,,,,,,,,,,,,,,,,,,
2022-09-09,,,,,,,,,,,,,,,,,,,,
2022-09-10,,,,,,,,,,,,,,,,,,,,
2022-09-11,,,,,,,,,,,,,,,,,,,,
2022-09-12,,,,,,,,,,,,,,,,,,,,
2022-09-14,,,,,,,,,,,,,,,,,,,,
2022-09-15,,,,,,,,,,,,,,,,,,,,
2022-09-16,,,,,,,,,,,,,,,,,,,,
2022-09-17,,,,,,,,,,,,,,,,,,,,
2022-09-18,,,,,,,,,,,,,,,,,,,,
2022-09-19,,,,,,,,,,,,,,,,,,,,
2022-09-20,,,,,,,,,,,,,,,,,,,,
2022-09-21,,,,,,,,,,,,,,,,,,,,
2022-09-22,,,,,,,,,,,,,,,,,,,,
2022-09-23,,,,,,,,,,,,,,,,,,,,
2022-09-24,,,,,,,,,,,,,,,,,,,,
2022-09-25,,,,,,,,,,,,,,,,,,,,
2022-09-27,,,,,,,,,,,,,,,,,,,,
2022-09-28,,,,,,,,,,,,,,,,,,,,
2022-09-29,,,,,,,,,,,,,,,,,,,,
2022-09-30,,,,,,,,,,,,,,,,,,,,
2022-10-01,,,,,,,,,,,,,,,,,,,,
2022-10-02,,,,,,,,,,,,,,,,,,,,
2022-10-03,,,,,,,,,,,,,,,,,,,,
2022-10-04,,,,,,,,,,,,,,,,,,,,
2022-10-05,,,,,,,,,,,,,,,,,,,,
2022-10-06,,,,,,,,,,,,,,,,,,,,
2022-10-07,,,,,,,,,,,,,,,,,,,,
2022-10-08,,,,,,,,,,,,,,,,,,,,
2022-10-09,,,,,,,,,,,,,,,,,,,,
2022-10-10,,,,,,,,,,,,,,,,,,,,
2022-10-11,,,,,,,,,,,,,,,,,,,,
2022-10-12,,,,,,,,,,,,,,,,,,,,
2022-10-13,,,,,,,,,,,,,,,,,,,,
2022-10-14,,,,,,,,,,,,,,,,,,,,
2022-10-15,,,,,,,,,,,,,,,,,,,,
2022-10-16,0.7235602,0.41067547,0.37983388,1.7178568,0.45374808,-0.44664517,0.32538676,0.62044436,2.2057473e-06,3.1686502e-06,4.671123e-06,3.8668136e-06,8.384525e-06,1.8260393e-05,2.2270171e-05,2.4266945e-05,2.6051148e-05,2.6310881e-05,1.2210509e-05,5.586035e-06
2022-10-17,,,,,,,,,,,,,,,,,,,,
2022-10-18,,,,,,,,,,,,,,,,,,,,
2022-10-19,,,,,,,,,,,,,,,,,,,,
2022-10-20,,,,,,,,,,,,,,,,,,,,
2022-10-21,,,,,,,,,,,,,,,,,,,,
2022-10-22,,,,,,,,,,,,,,,,,,,,
2022-10-23,,,,,,,,,,,,,,,,,,,,
2022-10-24,,,,,,,,,,,,,,,,,,,,
2022-10-25,,,,,,,,,,,,,,,,,,,,
2022-10-26,0.6077049,0.45225704,0.38371593,1.2172258,0.37154865,-0.40303126,0.22241512,0.44673383,5.684599e-06,6.5363415e-06,8.455238e-06,7.6127194e-06,1.3280923e-05,2.4293851e-05,2.8642105e-05,3.0459263e-05,3.2717275e-05,3.385819e-05,1.9378043e-05,1.1775096e-05
2022-10-27,,,,,,,,,,,,,,,,,,,,
2022-10-28,,,,,,,,,,,,,,,,,,,,
2022-10-29,,,,,,,,,,,,,,,,,,,,
2022-10-30,,,,,,,,,,,,,,,,,,,,
2022-10-31,,,,,,,,,,,,,,,,,,,,
2022-11-01,,,,,,,,,,,,,,,,,,,,
2022-11-02,,,,,,,,,,,,,,,,,,,,
2022-11-03,,,,,,,,,,,,,,,,,,,,
2022-11-04,,,,,,,,,,,,,,,,,,,,
2022-11-05,0.7274591,0.3540853,0.34313804,1.4947758,0.41945702,-0.5761443,0.21015562,0.4863051,7.6570046e-07,2.102488e-06,3.6761348e-06,3.2986989e-06,7.5675084e-06,1.5592483e-05,1.8555904e-05,2.1120077e-05,2.2330343e-05,2.2686434e-05,1.3610867e-05,7.1713325e-06
2022-11-06,,,,,,,,,,,,,,,,,,,,
2022-11-07,,,,,,,,,,,,,,,,,,,,
2022-11-08,,,,,,,,,,,,,,,,,,,,
2022-11-09,,,,,,,,,,,,,,,,,,,,
2022-11-10,,,,,,,,,,,,,,,,,,,,
2022-11-11,,,,,,,,,,,,,,,,,,,,
2022-11-12,,,,,,,,,,,,,,,,,,,,
2022-11-13,,,,,,,,,,,,,,,,,,,,
2022-11-14,,,,,,,,,,,,,,,,,,,,
2022-11-15,,,,,,,,,,,,,,,,,,,,
2022-11-16,,,,,,,,,,,,,,,,,,,,
2022-11-17,,,,,,,,,,,,,,,,,,,,
2022-11-18,,,,,,,,,,,,,,,,,,,,
2022-11-19,,,,,,,,,,,,,,,,,,,,
2022-11-20,,,,,,,,,,,,,,,,,,,,
2022-11-21,,,,,,,,,,,,,,,,,,,,
2022-11-22,,,,,,,,,,,,,,,,,,,,
2022-11-23,,,,,,,,,,,,,,,,,,,,
2022-11-24,,,,,,,,,,,,,,,,,,,,
2022-11-25,,,,,,,,,,,,,,,,,,,,
2022-11-26,,,,,,,,,,,,,,,,,,,,
2022-11-27,0.63283986,0.23231485,0.24171011,0.8737665,0.28749058,-0.66897094,0.08484056,0.36493382,6.3075294e-07,1.0429317e-06,2.6642094e-06,3.6117183e-06,7.35508e-06,1.0941606e-05,1.317367e-05,1.5747697e-05,1.7116552e-05,1.7535358e-05,1.2966126e-05,7.0894844e-06
2022-11-28,,,,,,,,,,,,,,,,,,,,
2022-11-29,,,,,,,,,,,,,,,,,,,,
2022-11-30,,,,,,,,,,,,,,,,,,,,
2022-12-01,,,,,,,,,,,,,,,,,,,,
2022-12-02,,,,,,,,,,,,,,,,,,,,
2022-12-03,,,,,,,,,,,,,,,,,,,,
2022-12-04,,,,,,,,,,,,,,,,,,,,
2022-12-05,,,,,,,,,,,,,,,,,,,,
2022-12-06,,,,,,,,,,,,,,,,,,,,
2022-12-07,,,,,,,,,,,,,,,,,,,,
2022-12-08,,,,,,,,,,,,,,,,,,,,
2022-12-09,,,,,,,,,,,,,,,,,,,,
2022-12-10,,,,,,,,,,,,,,,,,,,,
2022-12-11,,,,,,,,,,,,,,,,,,,,
2022-12-12,,,,,,,,,,,,,,,,,,,,
2022-12-13,,,,,,,,,,,,,,,,,,,,
2022-12-14,,,,,,,,,,,,,,,,,,,,
2022-12-15,0.4680468,0.21496803,0.17657085,0.6313114,0.23147818,-0.4034917,0.109691486,0.3008989,5.1390793e-06,5.421622e-06,4.6594605e-06,5.0410654e-06,7.1924455e-06,9.813673e-06,1.152766e-05,1.3996834e-05,1.4674879e-05,1.4674606e-05,1.1188807e-05,7.4619334e-06
2022-12-16,,,,,,,,,,,,,,,,,,,,
2022-12-17,,,,,,,,,,,,,,,,,,,,
2022-12-18,,,,,,,,,,,,,,,,,,,,
2022-12-19,,,,,,,,,,,,,,,,,,,,
2022-12-20,,,,,,,,,,,,,,,,,,,,
2022-12-21,,,,,,,,,,,,,,,,,,,,
2022-12-22,,,,,,,,,,,,,,,,,,,,
2022-12-23,,,,,,,,,,,,,,,,,,,,
2022-12-24,,,,,,,,,,,,,,,,,,,,
2022-12-25,,,,,,,,,,,,,,,,,,,,
2022-12-26,,,,,,,,,,,,,,,,,,,,
2022-12-27,,,,,,,,,,,,,,,,,,,,
2022-12-28,,,,,,,,,,,,,,,,,,,,
2022-12-29,,,,,,,,,,,,,,,,,,,,
2022-12-30,,,,,,,,,,,,,,,,,,,,
2022-12-31,,,,,,,,,,,,,,,,,,,,
2023-01-01,,,,,,,,,,,,,,,,,,,,
2023-01-02,,,,,,,,,,,,,,,,,,,,
2023-01-03,,,,,,,,,,,,,,,,,,,,
2023-01-04,,,,,,,,,,,,,,,,,,,,
2023-01-05,,,,,,,,,,,,,,,,,,,,
2023-01-06,,,,,,,,,,,,,,,,,,,,
2023-01-07,,,,,,,,,,,,,,,,,,,,
2023-01-08,,,,,,,,,,,,,,,,,,,,
2023-01-09,,,,,,,,,,,,,,,,,,,,
2023-01-10,,,,,,,,,,,,,,,,,,,,
2023-01-11,,,,,,,,,,,,,,,,,,,,
2023-01-12,,,,,,,,,,,,,,,,,,,,
2023-01-13,,,,,,,,,,,,,,,,,,,,
2023-01-14,,,,,,,,,,,,,,,,,,,,
2023-01-15,,,,,,,,,,,,,,,,,,,,
2023-01-16,,,,,,,,,,,,,,,,,,,,
2023-01-17,,,,,,,,,,,,,,,,,,,,
2023-01-18,,,,,,,,,,,,,,,,,,,,
2023-01-19,0.31792536,0.25388518,0.18554431,0.37331814,0.15342103,-0.41113225,-0.03431195,0.08465673,1.540592e-05,1.334905e-05,1.38203595e-05,1.5629603e-05,1.945178e-05,2.3349296e-05,2.549883e-05,2.7673046e-05,2.9345725e-05,2.9806946e-05,2.9290377e-05,2.3553703e-05
2023-01-20,,,,,,,,,,,,,,,,,,,,
2023-01-21,,,,,,,,,,,,,,,,,,,,
2023-01-22,,,,,,,,,,,,,,,,,,,,
2023-01-23,,,,,,,,,,,,,,,,,,,,
2023-01-24,,,,,,,,,,,,,,,,,,,,
2023-01-25,,,,,,,,,,,,,,,,,,,,
2023-01-26,,,,,,,,,,,,,,,,,,,,
2023-01-27,,,,,,,,,,,,,,,,,,,,
2023-01-28,,,,,,,,,,,,,,,,,,,,
2023-01-29,,,,,,,,,,,,,,,,,,,,
2023-01-30,,,,,,,,,,,,,,,,,,,,
2023-01-31,,,,,,,,,,,,,,,,,,,,
2023-02-01,,,,,,,,,,,,,,,,,,,,
2023-02-02,,,,,,,,,,,,,,,,,,,,
2023-02-03,,,,,,,,,,,,,,,,,,,,
2023-02-04,,,,,,,,,,,,,,,,,,,,
2023-02-05,,,,,,,,,,,,,,,,,,,,
2023-02-06,,,,,,,,,,,,,,,,,,,,
2023-02-07,,,,,,,,,,,,,,,,,,,,
2023-02-08,0.5457734,0.18393308,0.18324995,0.7123229,0.2576603,-0.6388534,0.0010955663,0.20145518,1.7244402e-06,1.8578932e-06,2.8073673e-06,3.7731602e-06,6.190095e-06,8.846983e-06,1.0437155e-05,1.2719212e-05,1.3376636e-05,1.328814e-05,1.2680205e-05,8.438037e-06
2023-02-09,,,,,,,,,,,,,,,,,,,,
2023-02-10,0.48402357,0.19482593,0.17841065,0.6746377,0.24369252,-0.5816232,-0.052611195,0.14899716,2.3346652e-06,3.6714275e-06,4.0066025e-06,4.7527446e-06,7.0402666e-06,9.917744e-06,1.1605788e-05,1.3701129e-05,1.4286671e-05,1.462784e-05,1.5229098e-05,1.0151146e-05
2023-02-11,,,,,,,,,,,,,,,,,,,,
2023-02-12,,,,,,,,,,,,,,,,,,,,
2023-02-13,,,,,,,,,,,,,,,,,,,,
2023-02-14,,,,,,,,,,,,,,,,,,,,
2023-02-15,0.5354857,0.19709547,0.18779314,0.7447421,0.25936976,-0.6156552,-0.03456373,0.21135165,3.0089848e-06,2.691329e-06,3.3795395e-06,4.022735e-06,6.5586432e-06,9.391925e-06,1.1172048e-05,1.3287719e-05,1.385603e-05,1.3890438e-05,1.4178208e-05,8.599422e-06
2023-02-16,,,,,,,,,,,,,,,,,,,,
2023-02-17,,,,,,,,,,,,,,,,,,,,
2023-02-18,,,,,,,,,,,,,,,,,,,,
2023-02-19,,,,,,,,,,,,,,,,,,,,
2023-02-20,,,,,,,,,,,,,,,,,,,,
2023-02-21,,,,,,,,,,,,,,,,,,,,
2023-02-22,,,,,,,,,,,,,,,,,,,,
2023-02-23,,,,,,,,,,,,,,,,,,,,
2023-02-24,,,,,,,,,,,,,,,,,,,,
2023-02-25,,,,,,,,,,,,,,,,,,,,
2023-02-26,,,,,,,,,,,,,,,,,,,,
2023-02-27,,,,,,,,,,,,,,,,,,,,
2023-02-28,0.5023181,0.18341881,0.18372197,0.6895786,0.2467381,-0.64292765,-0.06360544,0.14879641,1.8376177e-06,2.1580743e-06,3.4079785e-06,4.5776046e-06,7.055863e-06,9.9506115e-06,1.1664389e-05,1.3755642e-05,1.437866e-05,1.4075609e-05,1.5654015e-05,1.02082495e-05
2023-03-01,,,,,,,,,,,,,,,,,,,,
2023-03-02,0.31756306,0.20673724,0.15803386,0.35885558,0.14811453,-0.3989687,-0.05010226,0.10262188,9.303921e-06,9.749529e-06,9.682069e-06,1.0518913e-05,1.2875725e-05,1.544167e-05,1.7094339e-05,1.9655492e-05,1.9701074e-05,1.9852267e-05,2.1700573e-05,1.6206073e-05
2023-03-03,,,,,,,,,,,,,,,,,,,,
2023-03-04,,,,,,,,,,,,,,,,,,,,
2023-03-05,,,,,,,,,,,,,,,,,,,,
2023-03-06,,,,,,,,,,,,,,,,,,,,
2023-03-07,,,,,,,,,,,,,,,,,,,,
2023-03-08,,,,,,,,,,,,,,,,,,,,
2023-03-09,,,,,,,,,,,,,,,,,,,,
2023-03-10,,,,,,,,,,,,,,,,,,,,
2023-03-11,,,,,,,,,,,,,,,,,,,,
2023-03-12,,,,,,,,,,,,,,,,,,,,
2023-03-13,,,,,,,,,,,,,,,,,,,,
2023-03-14,,,,,,,,,,,,,,,,,,,,
2023-03-15,,,,,,,,,,,,,,,,,,,,
2023-03-16,,,,,,,,,,,,,,,,,,,,
2023-03-17,,,,,,,,,,,,,,,,,,,,
2023-03-18,,,,,,,,,,,,,,,,,,,,
2023-03-19,,,,,,,,,,,,,,,,,,,,
2023-03-20,,,,,,,,,,,,,,,,,,,,
2023-03-21,,,,,,,,,,,,,,,,,,,,
2023-03-22,,,,,,,,,,,,,,,,,,,,
2023-03-23,,,,,,,,,,,,,,,,,,,,
2023-03-24,,,,,,,,,,,,,,,,,,,,
2023-03-25,,,,,,,,,,,,,,,,,,,,
2023-03-26,,,,,,,,,,,,,,,,,,,,
2023-03-27,0.46351478,0.25009343,0.2348289,0.59302765,0.22237833,-0.5686633,-0.034974802,0.17930003,4.9915884e-06,4.7459807e-06,6.0870825e-06,7.5962803e-06,1.1165474e-05,1.5062819e-05,1.7546583e-05,2.0638085e-05,2.1287795e-05,2.1625427e-05,2.21586e-05,1.4358702e-05
2023-03-28,,,,,,,,,,,,,,,,,,,,
2023-03-29,,,,,,,,,,,,,,,,,,,,
2023-03-30,0.42962646,0.16811247,0.1587224,0.49280003,0.1972718,-0.5716025,-0.09125676,0.12440911,4.1454064e-06,3.497723e-06,4.372343e-06,5.3501994e-06,8.128777e-06,1.05832505e-05,1.2110047e-05,1.3366516e-05,1.4628977e-05,1.4793318e-05,1.6034859e-05,1.04005785e-05
2023-03-31,,,,,,,,,,,,,,,,,,,,
2023-04-01,,,,,,,,,,,,,,,,,,,,
2023-04-02,,,,,,,,,,,,,,,,,,,,
2023-04-03,,,,,,,,,,,,,,,,,,,,
2023-04-04,0.4722056,0.23658958,0.2158862,0.64016867,0.23483644,-0.5910543,-0.079022825,0.108115256,4.1577578e-06,4.6705627e-06,5.44409e-06,6.5140052e-06,9.506513e-06,1.3178578e-05,1.5306065e-05,1.8055385e-05,1.8591205e-05,1.8476665e-05,2.1269874e-05,1.4617591e-05
2023-04-05,,,,,,,,,,,,,,,,,,,,
2023-04-06,0.46514362,0.21985136,0.20623995,0.6015643,0.22538209,-0.5935176,-0.097389616,0.11085169,4.001861e-06,4.1087906e-06,5.338836e-06,6.3131456e-06,9.39714e-06,1.29764e-05,1.4850073e-05,1.7237118e-05,1.7664512e-05,1.7604114e-05,2.1052721e-05,1.38645655e-05
2023-04-07,,,,,,,,,,,,,,,,,,,,
2023-04-08,,,,,,,,,,,,,,,,,,,,
2023-04-09,0.46922797,0.22150426,0.20607379,0.6250444,0.23325972,-0.56721985,-0.06440187,0.14880404,4.2957336e-06,4.179775e-06,5.353555e-06,6.1915694e-06,9.405782e-06,1.3194657e-05,1.5101193e-05,1.7065953e-05,1.8054701e-05,1.8292818e-05,1.9519095e-05,1.2722203e-05
2023-04-10,,,,,,,,,,,,,,,,,,,,
2023-04-11,,,,,,,,,,,,,,,,,,,,
2023-04-12,,,,,,,,,,,,,,,,,,,,
2023-04-13,,,,,,,,,,,,,,,,,,,,
2023-04-14,,,,,,,,,,,,,,,,,,,,
2023-04-15,,,,,,,,,,,,,,,,,,,,
2023-04-16,,,,,,,,,,,,,,,,,,,,
2023-04-17,,,,,,,,,,,,,,,,,,,,
2023-04-18,,,,,,,,,,,,,,,,,,,,
2023-04-19,0.5637499,0.26524404,0.25298122,0.8310623,0.28831312,-0.60226935,-0.029313864,0.20100403,3.0998583e-06,3.2719558e-06,4.849895e-06,5.1649063e-06,8.998751e-06,1.4231208e-05,1.6251288e-05,1.8404999e-05,1.908632e-05,1.908589e-05,1.9599825e-05,1.2307427e-05
2023-04-20,,,,,,,,,,,,,,,,,,,,
2023-04-21,0.54943144,0.29327422,0.2615877,0.84248936,0.29250732,-0.5506043,-0.009114423,0.20958322,3.7982431e-06,4.6708983e-06,5.807732e-06,5.7548846e-06,9.607487e-06,1.5359634e-05,1.753295e-05,1.9735044e-05,2.0223146e-05,2.0180567e-05,2.0184561e-05,1.2966527e-05
2023-04-22,,,,,,,,,,,,,,,,,,,,
2023-04-23,,,,,,,,,,,,,,,,,,,,
2023-04-24,,,,,,,,,,,,,,,,,,,,
2023-04-25,,,,,,,,,,,,,,,,,,,,
2023-04-26,,,,,,,,,,,,,,,,,,,,
2023-04-27,,,,,,,,,,,,,,,,,,,,
2023-04-28,,,,,,,,,,,,,,,,,,,,
2023-04-29,,,,,,,,,,,,,,,,,,,,
2023-04-30,,,,,,,,,,,,,,,,,,,,
2023-05-01,,,,,,,,,,,,,,,,,,,,
2023-05-02,,,,,,,,,,,,,,,,,,,,
2023-05-03,,,,,,,,,,,,,,,,,,,,
2023-05-04,,,,,,,,,,,,,,,,,,,,
2023-05-05,,,,,,,,,,,,,,,,,,,,
2023-05-06,,,,,,,,,,,,,,,,,,,,
2023-05-07,,,,,,,,,,,,,,,,,,,,
2023-05-08,,,,,,,,,,,,,,,,,,,,
2023-05-09,0.8078403,0.46093222,0.43543217,1.5892941,0.44100863,-0.4920466,0.25578755,0.5418751,2.1512237e-06,2.2836953e-06,5.2086684e-06,2.7299363e-06,9.390347e-06,2.1146856e-05,2.4150057e-05,2.5857367e-05,2.6612084e-05,2.659988e-05,1.52369885e-05,7.6273914e-06
2023-05-10,,,,,,,,,,,,,,,,,,,,
2023-05-11,,,,,,,,,,,,,,,,,,,,
2023-05-12,,,,,,,,,,,,,,,,,,,,
2023-05-13,,,,,,,,,,,,,,,,,,,,
2023-05-14,,,,,,,,,,,,,,,,,,,,
2023-05-15,,,,,,,,,,,,,,,,,,,,
2023-05-16,,,,,,,,,,,,,,,,,,,,
2023-05-17,,,,,,,,,,,,,,,,,,,,
2023-05-18,,,,,,,,,,,,,,,,,,,,
2023-05-19,,,,,,,,,,,,,,,,,,,,
2023-05-20,,,,,,,,,,,,,,,,,,,,
2023-05-21,,,,,,,,,,,,,,,,,,,,
2023-05-22,,,,,,,,,,,,,,,,,,,,
2023-05-23,,,,,,,,,,,,,,,,,,,,
2023-05-24,,,,,,,,,,,,,,,,,,,,
2023-05-25,,,,,,,,,,,,,,,,,,,,
2023-05-26,,,,,,,,,,,,,,,,,,,,
2023-05-27,,,,,,,,,,,,,,,,,,,,
2023-05-28,,,,,,,,,,,,,,,,,,,,
2023-05-29,,,,,,,,,,,,,,,,,,,,
2023-05-30,,,,,,,,,,,,,,,,,,,,
2023-06-01,,,,,,,,,,,,,,,,,,,,
2023-06-02,,,,,,,,,,,,,,,,,,,,
2023-06-04,,,,,,,,,,,,,,,,,,,,
2023-06-06,,,,,,,,,,,,,,,,,,,,
2023-06-07,,,,,,,,,,,,,,,,,,,,
2023-06-08,,,,,,,,,,,,,,,,,,,,
2023-06-09,,,,,,,,,,,,,,,,,,,,
2023-06-11,,,,,,,,,,,,,,,,,,,,
2023-06-12,,,,,,,,,,,,,,,,,,,,
2023-06-14,,,,,,,,,,,,,,,,,,,,
2023-06-15,,,,,,,,,,,,,,,,,,,,
2023-06-16,,,,,,,,,,,,,,,,,,,,
2023-06-17,,,,,,,,,,,,,,,,,,,,
2023-06-19,,,,,,,,,,,,,,,,,,,,
2023-06-20,,,,,,,,,,,,,,,,,,,,
2023-06-21,,,,,,,,,,,,,,,,,,,,
2023-06-22,,,,,,,,,,,,,,,,,,,,
2023-06-23,,,,,,,,,,,,,,,,,,,,
2023-06-24,,,,,,,,,,,,,,,,,,,,
2023-06-26,,,,,,,,,,,,,,,,,,,,
2023-06-27,,,,,,,,,,,,,,,,,,,,
2023-06-29,,,,,,,,,,,,,,,,,,,,
2023-06-30,,,,,,,,,,,,,,,,,,,,
2023-07-01,,,,,,,,,,,,,,,,,,,,
2023-07-02,,,,,,,,,,,,,,,,,,,,
2023-07-03,,,,,,,,,,,,,,,,,,,,
2023-07-04,,,,,,,,,,,,,,,,,,,,
2023-07-06,,,,,,,,,,,,,,,,,,,,
2023-07-07,,,,,,,,,,,,,,,,,,,,
2023-07-09,,,,,,,,,,,,,,,,,,,,
2023-07-10,,,,,,,,,,,,,,,,,,,,
2023-07-11,,,,,,,,,,,,,,,,,,,,
2023-07-12,,,,,,,,,,,,,,,,,,,,
2023-07-14,,,,,,,,,,,,,,,,,,,,
2023-07-15,,,,,,,,,,,,,,,,,,,,
2023-07-16,,,,,,,,,,,,,,,,,,,,
2023-07-17,,,,,,,,,,,,,,,,,,,,
2023-07-19,,,,,,,,,,,,,,,,,,,,
2023-07-20,,,,,,,,,,,,,,,,,,,,
2023-07-21,,,,,,,,,,,,,,,,,,,,
2023-07-22,,,,,,,,,,,,,,,,,,,,
2023-07-23,,,,,,,,,,,,,,,,,,,,
2023-07-24,,,,,,,,,,,,,,,,,,,,
2023-07-25,,,,,,,,,,,,,,,,,,,,
2023-07-26,,,,,,,,,,,,,,,,,,,,
2023-07-27,,,,,,,,,,,,,,,,,,,,
2023-07-28,,,,,,,,,,,,,,,,,,,,
2023-07-29,,,,,,,,,,,,,,,,,,,,
2023-07-30,,,,,,,,,,,,,,,,,,,,
2023-07-31,,,,,,,,,,,,,,,,,,,,
2023-08-01,,,,,,,,,,,,,,,,,,,,
2023-08-02,,,,,,,,,,,,,,,,,,,,
2023-08-03,,,,,,,,,,,,,,,,,,,,
2023-08-04,,,,,,,,,,,,,,,,,,,,
2023-08-05,,,,,,,,,,,,,,,,,,,,
2023-08-06,,,,,,,,,,,,,,,,,,,,
2023-08-07,,,,,,,,,,,,,,,,,,,,
2023-08-08,,,,,,,,,,,,,,,,,,,,
2023-08-09,,,,,,,,,,,,,,,,,,,,
2023-08-10,,,,,,,,,,,,,,,,,,,,
2023-08-11,,,,,,,,,,,,,,,,,,,,
2023-08-12,,,,,,,,,,,,,,,,,,,,
2023-08-13,,,,,,,,,,,,,,,,,,,,
2023-08-14,,,,,,,,,,,,,,,,,,,,
2023-08-15,,,,,,,,,,,,,,,,,,,,
2023-08-16,,,,,,,,,,,,,,,,,,,,
2023-08-17,,,,,,,,,,,,,,,,,,,,
2023-08-18,,,,,,,,,,,,,,,,,,,,
2023-08-20,,,,,,,,,,,,,,,,,,,,
2023-08-21,,,,,,,,,,,,,,,,,,,,
2023-08-23,,,,,,,,,,,,,,,,,,,,
2023-08-24,,,,,,,,,,,,,,,,,,,,
2023-08-25,,,,,,,,,,,,,,,,,,,,
2023-08-26,,,,,,,,,,,,,,,,,,,,
2023-08-27,,,,,,,,,,,,,,,,,,,,
2023-08-28,,,,,,,,,,,,,,,,,,,,
2023-08-29,,,,,,,,,,,,,,,,,,,,
2023-08-30,,,,,,,,,,,,,,,,,,,,
2023-08-31,,,,,,,,,,,,,,,,,,,,
2023-09-01,,,,,,,,,,,,,,,,,,,,
2023-09-02,,,,,,,,,,,,,,,,,,,,
2023-09-03,,,,,,,,,,,,,,,,,,,,
2023-09-04,,,,,,,,,,,,,,,,,,,,
2023-09-05,,,,,,,,,,,,,,,,,,,,
2023-09-07,,,,,,,,,,,,,,,,,,,,
2023-09-09,,,,,,,,,,,,,,,,,,,,
2023-09-10,,,,,,,,,,,,,,,,,,,,
2023-09-12,,,,,,,,,,,,,,,,,,,,
2023-09-13,,,,,,,,,,,,,,,,,,,,
2023-09-14,,,,,,,,,,,,,,,,,,,,
2023-09-15,,,,,,,,,,,,,,,,,,,,
2023-09-17,,,,,,,,,,,,,,,,,,,,
2023-09-18,,,,,,,,,,,,,,,,,,,,
2023-09-19,,,,,,,,,,,,,,,,,,,,
2023-09-20,,,,,,,,,,,,,,,,,,,,
2023-09-21,,,,,,,,,,,,,,,,,,,,
2023-09-22,,,,,,,,,,,,,,,,,,,,
2023-09-24,,,,,,,,,,,,,,,,,,,,
2023-09-25,,,,,,,,,,,,,,,,,,,,
2023-09-27,,,,,,,,,,,,,,,,,,,,
2023-09-29,,,,,,,,,,,,,,,,,,,,
2023-09-30,,,,,,,,,,,,,,,,,,,,
2023-10-01,,,,,,,,,,,,,,,,,,,,
2023-10-02,,,,,,,,,,,,,,,,,,,,
2023-10-03,,,,,,,,,,,,,,,,,,,,
2023-10-04,,,,,,,,,,,,,,,,,,,,
2023-10-05,,,,,,,,,,,,,,,,,,,,
2023-10-06,,,,,,,,,,,,,,,,,,,,
2023-10-07,,,,,,,,,,,,,,,,,,,,
2023-10-09,,,,,,,,,,,,,,,,,,,,
2023-10-10,,,,,,,,,,,,,,,,,,,,
2023-10-11,,,,,,,,,,,,,,,,,,,,
2023-10-12,,,,,,,,,,,,,,,,,,,,
2023-10-13,,,,,,,,,,,,,,,,,,,,
2023-10-14,,,,,,,,,,,,,,,,,,,,
2023-10-15,,,,,,,,,,,,,,,,,,,,
2023-10-16,,,,,,,,,,,,,,,,,,,,
2023-10-17,,,,,,,,,,,,,,,,,,,,
2023-10-18,,,,,,,,,,,,,,,,,,,,
2023-10-19,,,,,,,,,,,,,,,,,,,,
2023-10-20,,,,,,,,,,,,,,,,,,,,
2023-10-21,0.5119996,0.2921402,0.22575423,1.1365128,0.3605948,-0.290462,0.19024545,0.21813975,7.392959e-06,6.6184175e-06,6.6016783e-06,5.7081984e-06,8.210272e-06,1.4723595e-05,1.7364982e-05,1.7557484e-05,1.8914472e-05,2.1619391e-05,1.1978349e-05,1.1353494e-05
2023-10-22,,,,,,,,,,,,,,,,,,,,
2023-10-23,,,,,,,,,,,,,,,,,,,,
2023-10-24,,,,,,,,,,,,,,,,,,,,
2023-10-25,,,,,,,,,,,,,,,,,,,,
2023-10-26,,,,,,,,,,,,,,,,,,,,
2023-10-27,,,,,,,,,,,,,,,,,,,,
2023-10-28,,,,,,,,,,,,,,,,,,,,
2023-10-29,,,,,,,,,,,,,,,,,,,,
2023-10-30,,,,,,,,,,,,,,,,,,,,
2023-10-31,,,,,,,,,,,,,,,,,,,,
2023-11-01,,,,,,,,,,,,,,,,,,,,
2023-11-02,,,,,,,,,,,,,,,,,,,,
2023-11-03,,,,,,,,,,,,,,,,,,,,
2023-11-04,,,,,,,,,,,,,,,,,,,,
2023-11-05,,,,,,,,,,,,,,,,,,,,
2023-11-06,,,,,,,,,,,,,,,,,,,,
2023-11-07,0.68082565,0.28050622,0.28823557,1.2055041,0.367339,-0.5352878,0.26025388,0.538997,1.0158121e-08,1.1627482e-06,3.2217874e-06,3.4745378e-06,7.367272e-06,1.33132335e-05,1.5836926e-05,1.8127022e-05,1.9205048e-05,1.9742407e-05,1.05342515e-05,5.3427907e-06
2023-11-08,,,,,,,,,,,,,,,,,,,,
2023-11-09,,,,,,,,,,,,,,,,,,,,
2023-11-10,0.59943736,0.3178248,0.2956955,0.9055078,0.30870685,-0.4419967,0.21960883,0.47829795,4.224692e-06,3.7154095e-06,5.14609e-06,5.1954207e-06,9.945129e-06,1.6029351e-05,1.8802924e-05,2.1284968e-05,2.298489e-05,2.3556022e-05,1.3469587e-05,7.2898742e-06
2023-11-11,,,,,,,,,,,,,,,,,,,,
2023-11-12,,,,,,,,,,,,,,,,,,,,
2023-11-13,,,,,,,,,,,,,,,,,,,,
2023-11-14,,,,,,,,,,,,,,,,,,,,
2023-11-15,,,,,,,,,,,,,,,,,,,,
2023-11-16,,,,,,,,,,,,,,,,,,,,
2023-11-17,,,,,,,,,,,,,,,,,,,,
2023-11-18,,,,,,,,,,,,,,,,,,,,
2023-11-19,,,,,,,,,,,,,,,,,,,,
2023-11-20,,,,,,,,,,,,,,,,,,,,
2023-11-21,,,,,,,,,,,,,,,,,,,,
2023-11-22,,,,,,,,,,,,,,,,,,,,
2023-11-23,,,,,,,,,,,,,,,,,,,,
2023-11-24,,,,,,,,,,,,,,,,,,,,
2023-11-25,,,,,,,,,,,,,,,,,,,,
2023-11-26,,,,,,,,,,,,,,,,,,,,
2023-11-27,,,,,,,,,,,,,,,,,,,,
2023-11-28,,,,,,,,,,,,,,,,,,,,
2023-11-29,,,,,,,,,,,,,,,,,,,,
2023-11-30,,,,,,,,,,,,,,,,,,,,
2023-12-01,,,,,,,,,,,,,,,,,,,,
2023-12-02,,,,,,,,,,,,,,,,,,,,
2023-12-03,,,,,,,,,,,,,,,,,,,,
2023-12-04,,,,,,,,,,,,,,,,,,,,
2023-12-05,,,,,,,,,,,,,,,,,,,,
2023-12-06,,,,,,,,,,,,,,,,,,,,
2023-12-07,,,,,,,,,,,,,,,,,,,,
2023-12-08,,,,,,,,,,,,,,,,,,,,
2023-12-09,,,,,,,,,,,,,,,,,,,,
2023-12-10,,,,,,,,,,,,,,,,,,,,
2023-12-11,,,,,,,,,,,,,,,,,,,,
2023-12-12,,,,,,,,,,,,,,,,,,,,
2023-12-13,,,,,,,,,,,,,,,,,,,,
2023-12-14,,,,,,,,,,,,,,,,,,,,
2023-12-15,,,,,,,,,,,,,,,,,,,,
2023-12-16,,,,,,,,,,,,,,,,,,,,
2023-12-17,,,,,,,,,,,,,,,,,,,,
2023-12-18,,,,,,,,,,,,,,,,,,,,
2023-12-19,,,,,,,,,,,,,,,,,,,,
2023-12-20,,,,,,,,,,,,,,,,,,,,
2023-12-21,,,,,,,,,,,,,,,,,,,,
2023-12-22,,,,,,,,,,,,,,,,,,,,
2023-12-23,,,,,,,,,,,,,,,,,,,,
2023-12-24,,,,,,,,,,,,,,,,,,,,
2023-12-25,,,,,,,,,,,,,,,,,,,,
2023-12-26,,,,,,,,,,,,,,,,,,,,
2023-12-27,,,,,,,,,,,,,,,,,,,,
2023-12-28,,,,,,,,,,,,,,,,,,,,
2023-12-29,,,,,,,,,,,,,,,,,,,,
2023-12-30,,,,,,,,,,,,,,,,,,,,
2023-12-31,,,,,,,,,,,,,,,,,,,,
2024-01-01,,,,,,,,,,,,,,,,,,,,
2024-01-02,,,,,,,,,,,,,,,,,,,,
2024-01-03,,,,,,,,,,,,,,,,,,,,
2024-01-04,,,,,,,,,,,,,,,,,,,,
2024-01-05,,,,,,,,,,,,,,,,,,,,
2024-01-06,,,,,,,,,,,,,,,,,,,,
2024-01-07,,,,,,,,,,,,,,,,,,,,
2024-01-08,,,,,,,,,,,,,,,,,,,,
2024-01-09,0.3866319,0.23259316,0.16187298,0.55538255,0.20316505,-0.06813123,0.29794082,0.41456267,8.9051355e-06,8.658739e-06,7.1967584e-06,6.817844e-06,8.5926e-06,1.1418608e-05,1.2927074e-05,1.5371063e-05,1.531858e-05,1.4605395e-05,8.24067e-06,6.290611e-06
2024-01-10,,,,,,,,,,,,,,,,,,,,
2024-01-11,,,,,,,,,,,,,,,,,,,,
2024-01-12,,,,,,,,,,,,,,,,,,,,
2024-01-13,,,,,,,,,,,,,,,,,,,,
2024-01-14,,,,,,,,,,,,,,,,,,,,
2024-01-15,,,,,,,,,,,,,,,,,,,,
2024-01-16,,,,,,,,,,,,,,,,,,,,
2024-01-17,,,,,,,,,,,,,,,,,,,,
2024-01-18,,,,,,,,,,,,,,,,,,,,
2024-01-19,,,,,,,,,,,,,,,,,,,,
2024-01-20,,,,,,,,,,,,,,,,,,,,
2024-01-21,,,,,,,,,,,,,,,,,,,,
2024-01-22,,,,,,,,,,,,,,,,,,,,
2024-01-23,,,,,,,,,,,,,,,,,,,,
2024-01-24,0.2728838,0.14357865,0.10608367,0.37994507,0.15435188,-0.29939374,-0.0062801274,0.13071504,1.065182e-05,7.1729037e-06,7.1607014e-06,7.570006e-06,9.415716e-06,1.1485303e-05,1.297009e-05,1.3118887e-05,1.5562584e-05,2.1631848e-05,1.3555656e-05,1.10610845e-05
2024-01-25,,,,,,,,,,,,,,,,,,,,
2024-01-26,,,,,,,,,,,,,,,,,,,,
2024-01-27,,,,,,,,,,,,,,,,,,,,
2024-01-28,,,,,,,,,,,,,,,,,,,,
2024-01-29,,,,,,,,,,,,,,,,,,,,
2024-01-30,,,,,,,,,,,,,,,,,,,,
2024-01-31,,,,,,,,,,,,,,,,,,,,
2024-02-01,,,,,,,,,,,,,,,,,,,,
2024-02-02,,,,,,,,,,,,,,,,,,,,
2024-02-03,,,,,,,,,,,,,,,,,,,,
2024-02-04,,,,,,,,,,,,,,,,,,,,
2024-02-05,,,,,,,,,,,,,,,,,,,,
2024-02-06,,,,,,,,,,,,,,,,,,,,
2024-02-07,,,,,,,,,,,,,,,,,,,,
2024-02-08,,,,,,,,,,,,,,,,,,,,
2024-02-09,,,,,,,,,,,,,,,,,,,,
2024-02-10,,,,,,,,,,,,,,,,,,,,
2024-02-11,,,,,,,,,,,,,,,,,,,,
2024-02-12,,,,,,,,,,,,,,,,,,,,
2024-02-13,,,,,,,,,,,,,,,,,,,,
2024-02-14,,,,,,,,,,,,,,,,,,,,
2024-02-15,,,,,,,,,,,,,,,,,,,,
2024-02-16,,,,,,,,,,,,,,,,,,,,
2024-02-17,,,,,,,,,,,,,,,,,,,,
2024-02-18,,,,,,,,,,,,,,,,,,,,
2024-02-19,,,,,,,,,,,,,,,,,,,,
2024-02-20,,,,,,,,,,,,,,,,,,,,
2024-02-21,,,,,,,,,,,,,,,,,,,,
2024-02-22,,,,,,,,,,,,,,,,,,,,
2024-02-23,,,,,,,,,,,,,,,,,,,,
2024-02-24,,,,,,,,,,,,,,,,,,,,
2024-02-25,,,,,,,,,,,,,,,,,,,,
2024-02-26,,,,,,,,,,,,,,,,,,,,
2024-02-27,,,,,,,,,,,,,,,,,,,,
2024-02-28,,,,,,,,,,,,,,,,,,,,
2024-02-29,,,,,,,,,,,,,,,,,,,,
2024-03-01,,,,,,,,,,,,,,,,,,,,
2024-03-02,,,,,,,,,,,,,,,,,,,,
2024-03-03,,,,,,,,,,,,,,,,,,,,
2024-03-04,,,,,,,,,,,,,,,,,,,,
2024-03-05,,,,,,,,,,,,,,,,,,,,
2024-03-06,,,,,,,,,,,,,,,,,,,,
2024-03-07,,,,,,,,,,,,,,,,,,,,
2024-03-08,,,,,,,,,,,,,,,,,,,,
2024-03-09,,,,,,,,,,,,,,,,,,,,
2024-03-10,,,,,,,,,,,,,,,,,,,,
2024-03-11,,,,,,,,,,,,,,,,,,,,
2024-03-12,,,,,,,,,,,,,,,,,,,,
2024-03-13,,,,,,,,,,,,,,,,,,,,
2024-03-14,,,,,,,,,,,,,,,,,,,,
2024-03-15,,,,,,,,,,,,,,,,,,,,
2024-03-16,,,,,,,,,,,,,,,,,,,,
2024-03-17,,,,,,,,,,,,,,,,,,,,
2024-03-18,,,,,,,,,,,,,,,,,,,,
2024-03-19,,,,,,,,,,,,,,,,,,,,
2024-03-20,,,,,,,,,,,,,,,,,,,,
2024-03-21,,,,,,,,,,,,,,,,,,,,
2024-03-22,,,,,,,,,,,,,,,,,,,,
2024-03-23,,,,,,,,,,,,,,,,,,,,
2024-03-24,,,,,,,,,,,,,,,,,,,,
2024-03-25,,,,,,,,,,,,,,,,,,,,
2024-03-26,,,,,,,,,,,,,,,,,,,,
2024-03-27,,,,,,,,,,,,,,,,,,,,
2024-03-28,,,,,,,,,,,,,,,,,,,,
2024-03-29,,,,,,,,,,,,,,,,,,,,
2024-03-30,,,,,,,,,,,,,,,,,,,,
2024-03-31,,,,,,,,,,,,,,,,,,,,
2024-04-01,,,,,,,,,,,,,,,,,,,,
2024-04-02,,,,,,,,,,,,,,,,,,,,
2024-04-03,,,,,,,,,,,,,,,,,,,,
2024-04-04,,,,,,,,,,,,,,,,,,,,
2024-04-05,,,,,,,,,,,,,,,,,,,,
2024-04-06,,,,,,,,,,,,,,,,,,,,
2024-04-07,,,,,,,,,,,,,,,,,,,,
2024-04-08,,,,,,,,,,,,,,,,,,,,
2024-04-09,,,,,,,,,,,,,,,,,,,,
2024-04-10,,,,,,,,,,,,,,,,,,,,
2024-04-11,,,,,,,,,,,,,,,,,,,,
2024-04-12,,,,,,,,,,,,,,,,,,,,
2024-04-13,,,,,,,,,,,,,,,,,,,,
2024-04-14,,,,,,,,,,,,,,,,,,,,
2024-04-15,,,,,,,,,,,,,,,,,,,,
2024-04-16,,,,,,,,,,,,,,,,,,,,
2024-04-17,,,,,,,,,,,,,,,,,,,,
2024-04-18,,,,,,,,,,,,,,,,,,,,
2024-04-19,,,,,,,,,,,,,,,,,,,,
2024-04-20,,,,,,,,,,,,,,,,,,,,
2024-04-21,,,,,,,,,,,,,,,,,,,,
2024-04-22,,,,,,,,,,,,,,,,,,,,
2024-04-23,,,,,,,,,,,,,,,,,,,,
2024-04-24,,,,,,,,,,,,,,,,,,,,
2024-04-25,,,,,,,,,,,,,,,,,,,,
2024-04-26,,,,,,,,,,,,,,,,,,,,
2024-04-27,,,,,,,,,,,,,,,,,,,,
2024-04-28,,,,,,,,,,,,,,,,,,,,
2024-04-29,,,,,,,,,,,,,,,,,,,,
2024-04-30,,,,,,,,,,,,,,,,,,,,
2024-05-01,,,,,,,,,,,,,,,,,,,,
2024-05-02,,,,,,,,,,,,,,,,,,,,
2024-05-03,,,,,,,,,,,,,,,,,,,,
2024-05-04,,,,,,,,,,,,,,,,,,,,
2024-05-05,,,,,,,,,,,,,,,,,,,,
2024-05-06,,,,,,,,,,,,,,,,,,,,
2024-05-07,,,,,,,,,,,,,,,,,,,,
2024-05-08,,,,,,,,,,,,,,,,,,,,
2024-05-09,,,,,,,,,,,,,,,,,,,,
2024-05-10,,,,,,,,,,,,,,,,,,,,
2024-05-11,,,,,,,,,,,,,,,,,,,,
2024-05-12,,,,,,,,,,,,,,,,,,,,
2024-05-13,,,,,,,,,,,,,,,,,,,,
2024-05-14,,,,,,,,,,,,,,,,,,,,
2024-05-15,,,,,,,,,,,,,,,,,,,,
2024-05-16,,,,,,,,,,,,,,,,,,,,
2024-05-17,,,,,,,,,,,,,,,,,,,,
2024-05-18,,,,,,,,,,,,,,,,,,,,
2024-05-19,,,,,,,,,,,,,,,,,,,,
2024-05-20,,,,,,,,,,,,,,,,,,,,
2024-05-21,,,,,,,,,,,,,,,,,,,,
2024-05-22,,,,,,,,,,,,,,,,,,,,
2024-05-23,,,,,,,,,,,,,,,,,,,,
2024-05-24,,,,,,,,,,,,,,,,,,,,
2024-05-25,,,,,,,,,,,,,,,,,,,,
2024-05-26,,,,,,,,,,,,,,,,,,,,
2024-05-27,,,,,,,,,,,,,,,,,,,,
2024-05-28,,,,,,,,,,,,,,,,,,,,
2024-05-29,,,,,,,,,,,,,,,,,,,,
2024-05-30,,,,,,,,,,,,,,,,,,,,
2024-05-31,,,,,,,,,,,,,,,,,,,,
2024-06-01,,,,,,,,,,,,,,,,,,,,
2024-06-02,,,,,,,,,,,,,,,,,,,,
2024-06-03,,,,,,,,,,,,,,,,,,,,
2024-06-04,,,,,,,,,,,,,,,,,,,,
2024-06-05,,,,,,,,,,,,,,,,,,,,
2024-06-06,,,,,,,,,,,,,,,,,,,,
2024-06-07,,,,,,,,,,,,,,,,,,,,
2024-06-08,,,,,,,,,,,,,,,,,,,,
2024-06-09,,,,,,,,,,,,,,,,,,,,
2024-06-10,,,,,,,,,,,,,,,,,,,,
2024-06-11,,,,,,,,,,,,,,,,,,,,
2024-06-12,,,,,,,,,,,,,,,,,,,,
2024-06-13,,,,,,,,,,,,,,,,,,,,
2024-06-14,,,,,,,,,,,,,,,,,,,,
2024-06-15,,,,,,,,,,,,,,,,,,,,
2024-06-16,,,,,,,,,,,,,,,,,,,,
2024-06-17,,,,,,,,,,,,,,,,,,,,
2024-06-18,,,,,,,,,,,,,,,,,,,,
2024-06-19,,,,,,,,,,,,,,,,,,,,
2024-06-20,,,,,,,,,,,,,,,,,,,,
2024-06-21,,,,,,,,,,,,,,,,,,,,
2024-06-22,,,,,,,,,,,,,,,,,,,,
2024-06-23,,,,,,,,,,,,,,,,,,,,
2024-06-24,,,,,,,,,,,,,,,,,,,,
2024-06-25,,,,,,,,,,,,,,,,,,,,
2024-06-26,,,,,,,,,,,,,,,,,,,,
2024-06-27,,,,,,,,,,,,,,,,,,,,
2024-06-28,,,,,,,,,,,,,,,,,,,,
2024-06-29,,,,,,,,,,,,,,,,,,,,
2024-06-30,,,,,,,,,,,,,,,,,,,,
2024-07-01,,,,,,,,,,,,,,,,,,,,
2024-07-02,,,,,,,,,,,,,,,,,,,,
2024-07-03,,,,,,,,,,,,,,,,,,,,
2024-07-04,,,,,,,,,,,,,,,,,,,,
2024-07-05,,,,,,,,,,,,,,,,,,,,
2024-07-06,,,,,,,,,,,,,,,,,,,,
2024-07-07,,,,,,,,,,,,,,,,,,,,
2024-07-08,,,,,,,,,,,,,,,,,,,,
2024-07-09,,,,,,,,,,,,,,,,,,,,
2024-07-10,,,,,,,,,,,,,,,,,,,,
2024-07-11,,,,,,,,,,,,,,,,,,,,
2024-07-12,,,,,,,,,,,,,,,,,,,,
2024-07-13,,,,,,,,,,,,,,,,,,,,
2024-07-14,,,,,,,,,,,,,,,,,,,,
2024-07-15,,,,,,,,,,,,,,,,,,,,
2024-07-16,,,,,,,,,,,,,,,,,,,,
2024-07-17,,,,,,,,,,,,,,,,,,,,
2024-07-18,,,,,,,,,,,,,,,,,,,,
2024-07-19,,,,,,,,,,,,,,,,,,,,
2024-07-20,,,,,,,,,,,,,,,,,,,,
2024-07-21,,,,,,,,,,,,,,,,,,,,
2024-07-22,,,,,,,,,,,,,,,,,,,,
2024-07-23,,,,,,,,,,,,,,,,,,,,
2024-07-24,,,,,,,,,,,,,,,,,,,,
2024-07-25,,,,,,,,,,,,,,,,,,,,
2024-07-26,,,,,,,,,,,,,,,,,,,,
2024-07-27,,,,,,,,,,,,,,,,,,,,
2024-07-28,,,,,,,,,,,,,,,,,,,,
2024-07-29,,,,,,,,,,,,,,,,,,,,
2024-07-30,,,,,,,,,,,,,,,,,,,,
2024-07-31,,,,,,,,,,,,,,,,,,,,
2024-08-01,,,,,,,,,,,,,,,,,,,,
2024-08-02,,,,,,,,,,,,,,,,,,,,
2024-08-03,,,,,,,,,,,,,,,,,,,,
2024-08-04,,,,,,,,,,,,,,,,,,,,
2024-08-05,,,,,,,,,,,,,,,,,,,,
2024-08-06,,,,,,,,,,,,,,,,,,,,
2024-08-07,,,,,,,,,,,,,,,,,,,,
2024-08-08,,,,,,,,,,,,,,,,,,,,
2024-08-09,,,,,,,,,,,,,,,,,,,,
2024-08-10,,,,,,,,,,,,,,,,,,,,
2024-08-11,,,,,,,,,,,,,,,,,,,,
2024-08-12,,,,,,,,,,,,,,,,,,,,
2024-08-13,,,,,,,,,,,,,,,,,,,,
2024-08-14,,,,,,,,,,,,,,,,,,,,
2024-08-15,,,,,,,,,,,,,,,,,,,,
2024-08-16,,,,,,,,,,,,,,,,,,,,
2024-08-17,,,,,,,,,,,,,,,,,,,,
2024-08-18,,,,,,,,,,,,,,,,,,,,
2024-08-19,,,,,,,,,,,,,,,,,,,,
2024-08-20,,,,,,,,,,,,,,,,,,,,
2024-08-21,,,,,,,,,,,,,,,,,,,,
2024-08-22,,,,,,,,,,,,,,,,,,,,
2024-08-23,,,,,,,,,,,,,,,,,,,,
2024-08-24,,,,,,,,,,,,,,,,,,,,
2024-08-25,,,,,,,,,,,,,,,,,,,,
2024-08-26,,,,,,,,,,,,,,,,,,,,
2024-08-27,,,,,,,,,,,,,,,,,,,,
2024-08-28,,,,,,,,,,,,,,,,,,,,
2024-08-29,,,,,,,,,,,,,,,,,,,,
2024-08-30,,,,,,,,,,,,,,,,,,,,
2024-08-31,,,,,,,,,,,,,,,,,,,,
2024-09-01,,,,,,,,,,,,,,,,,,,,
2024-09-02,,,,,,,,,,,,,,,,,,,,
2024-09-03,,,,,,,,,,,,,,,,,,,,
2024-09-04,,,,,,,,,,,,,,,,,,,,
2024-09-05,,,,,,,,,,,,,,,,,,,,
2024-09-06,,,,,,,,,,,,,,,,,,,,
2024-09-07,,,,,,,,,,,,,,,,,,,,
2024-09-08,,,,,,,,,,,,,,,,,,,,
2024-09-09,,,,,,,,,,,,,,,,,,,,
2024-09-10,,,,,,,,,,,,,,,,,,,,
2024-09-11,,,,,,,,,,,,,,,,,,,,
2024-09-12,,,,,,,,,,,,,,,,,,,,
2024-09-13,,,,,,,,,,,,,,,,,,,,
2024-09-14,,,,,,,,,,,,,,,,,,,,
2024-09-15,,,,,,,,,,,,,,,,,,,,
2024-09-16,,,,,,,,,,,,,,,,,,,,
2024-09-17,,,,,,,,,,,,,,,,,,,,
2024-09-18,,,,,,,,,,,,,,,,,,,,
2024-09-19,,,,,,,,,,,,,,,,,,,,
2024-09-20,,,,,,,,,,,,,,,,,,,,
2024-09-21,,,,,,,,,,,,,,,,,,,,
2024-09-22,,,,,,,,,,,,,,,,,,,,
2024-09-23,,,,,,,,,,,,,,,,,,,,
2024-09-24,,,,,,,,,,,,,,,,,,,,
2024-09-25,,,,,,,,,,,,,,,,,,,,
2024-09-26,,,,,,,,,,,,,,,,,,,,
2024-09-27,,,,,,,,,,,,,,,,,,,,
2024-09-28,,,,,,,,,,,,,,,,,,,,
2024-09-29,,,,,,,,,,,,,,,,,,,,
2024-09-30,,,,,,,,,,,,,,,,,,,,
2024-10-01,,,,,,,,,,,,,,,,,,,,
2024-10-02,,,,,,,,,,,,,,,,,,,,
2024-10-03,,,,,,,,,,,,,,,,,,,,
2024-10-04,,,,,,,,,,,,,,,,,,,,
2024-10-05,,,,,,,,,,,,,,,,,,,,
2024-10-06,,,,,,,,,,,,,,,,,,,,
2024-10-07,,,,,,,,,,,,,,,,,,,,
2024-10-08,,,,,,,,,,,,,,,,,,,,
2024-10-09,,,,,,,,,,,,,,,,,,,,
2024-10-10,,,,,,,,,,,,,,,,,,,,
2024-10-11,,,,,,,,,,,,,,,,,,,,
2024-10-12,,,,,,,,,,,,,,,,,,,,
2024-10-13,,,,,,,,,,,,,,,,,,,,
2024-10-14,,,,,,,,,,,,,,,,,,,,
2024-10-15,,,,,,,,,,,,,,,,,,,,
2024-10-16,,,,,,,,,,,,,,,,,,,,
2024-10-17,,,,,,,,,,,,,,,,,,,,
2024-10-18,,,,,,,,,,,,,,,,,,,,
2024-10-19,,,,,,,,,,,,,,,,,,,,
2024-10-20,,,,,,,,,,,,,,,,,,,,
2024-10-21,,,,,,,,,,,,,,,,,,,,
2024-10-22,,,,,,,,,,,,,,,,,,,,
2024-10-23,,,,,,,,,,,,,,,,,,,,
2024-10-24,,,,,,,,,,,,,,,,,,,,
2024-10-25,,,,,,,,,,,,,,,,,,,,
2024-10-26,,,,,,,,,,,,,,,,,,,,
2024-10-27,,,,,,,,,,,,,,,,,,,,
2024-10-28,,,,,,,,,,,,,,,,,,,,
2024-10-29,,,,,,,,,,,,,,,,,,,,
2024-10-30,,,,,,,,,,,,,,,,,,,,
2024-10-31,,,,,,,,,,,,,,,,,,,,
2024-11-01,,,,,,,,,,,,,,,,,,,,
2024-11-02,,,,,,,,,,,,,,,,,,,,
2024-11-03,,,,,,,,,,,,,,,,,,,,
2024-11-04,,,,,,,,,,,,,,,,,,,,
2024-11-05,,,,,,,,,,,,,,,,,,,,
2024-11-06,,,,,,,,,,,,,,,,,,,,
2024-11-07,,,,,,,,,,,,,,,,,,,,
2024-11-08,,,,,,,,,,,,,,,,,,,,
2024-11-09,,,,,,,,,,,,,,,,,,,,
2024-11-10,,,,,,,,,,,,,,,,,,,,
2024-11-11,,,,,,,,,,,,,,,,,,,,
2024-11-12,,,,,,,,,,,,,,,,,,,,
2024-11-13,,,,,,,,,,,,,,,,,,,,
2024-11-14,,,,,,,,,,,,,,,,,,,,
2024-11-15,,,,,,,,,,,,,,,,,,,,
2024-11-16,,,,,,,,,,,,,,,,,,,,
2024-11-17,,,,,,,,,,,,,,,,,,,,
2024-11-18,,,,,,,,,,,,,,,,,,,,
2024-11-19,,,,,,,,,,,,,,,,,,,,
2024-11-20,,,,,,,,,,,,,,,,,,,,
2024-11-21,,,,,,,,,,,,,,,,,,,,
2024-11-22,,,,,,,,,,,,,,,,,,,,
2024-11-23,,,,,,,,,,,,,,,,,,,,
2024-11-24,,,,,,,,,,,,,,,,,,,,
2024-11-25,,,,,,,,,,,,,,,,,,,,
2024-11-26,,,,,,,,,,,,,,,,,,,,
2024-11-27,,,,,,,,,,,,,,,,,,,,
2024-11-28,,,,,,,,,,,,,,,,,,,,
2024-11-29,,,,,,,,,,,,,,,,,,,,
2024-11-30,,,,,,,,,,,,,,,,,,,,
2024-12-01,,,,,,,,,,,,,,,,,,,,
2024-12-02,,,,,,,,,,,,,,,,,,,,
2024-12-03,,,,,,,,,,,,,,,,,,,,
2024-12-04,,,,,,,,,,,,,,,,,,,,
2024-12-05,,,,,,,,,,,,,,,,,,,,
2024-12-06,,,,,,,,,,,,,,,,,,,,
2024-12-07,,,,,,,,,,,,,,,,,,,,
2024-12-08,,,,,,,,,,,,,,,,,,,,
2024-12-09,,,,,,,,,,,,,,,,,,,,
2024-12-10,,,,,,,,,,,,,,,,,,,,
2024-12-11,,,,,,,,,,,,,,,,,,,,
2024-12-12,,,,,,,,,,,,,,,,,,,,
2024-12-13,,,,,,,,,,,,,,,,,,,,
2024-12-14,,,,,,,,,,,,,,,,,,,,
2024-12-15,,,,,,,,,,,,,,,,,,,,
2024-12-16,,,,,,,,,,,,,,,,,,,,
2024-12-17,,,,,,,,,,,,,,,,,,,,
2024-12-18,,,,,,,,,,,,,,,,,,,,
2024-12-19,,,,,,,,,,,,,,,,,,,,
2024-12-20,,,,,,,,,,,,,,,,,,,,
2024-12-21,,,,,,,,,,,,,,,,,,,,
2024-12-22,,,,,,,,,,,,,,,,,,,,
2024-12-23,,,,,,,,,,,,,,,,,,,,
2024-12-24,,,,,,,,,,,,,,,,,,,,
2024-12-25,,,,,,,,,,,,,,,,,,,,
2024-12-26,,,,,,,,,,,,,,,,,,,,
2024-12-27,,,,,,,,,,,,,,,,,,,,
2024-12-28,,,,,,,,,,,,,,,,,,,,
2024-12-29,,,,,,,,,,,,,,,,,,,,
2024-12-30,,,,,,,,,,,,,,,,,,,,
2024-12-31,,,,,,,,,,,,,,,,,,,,
