date,NDVI,EVI,EVI2,CLr,MNDVI,MNDWI,LSWI,NDII,B1,B2,B3,B4,B5,B6,B7,B8,B8A,B9,B11,B12
2017-07-06,0.63212705,0.43252244974980447,0.42555052,1.3322845,0.39690566,-0.59215707,0.069977105,0.35455248,0.015157378,0.038423873,0.07313437,0.07363009,0.1364514,0.27911285,0.31803566,0.33054352,0.350138,0.36157724,0.2862362,0.15648623
2017-07-07,0.6341807,0.43495334424324,0.4274156,1.3375763,0.3978561,-0.5916329,0.07219271,0.35694486,0.015960436,0.038480137,0.073100165,0.073298976,0.13645151,0.27973092,0.31875634,0.33139208,0.35090056,0.36207703,0.28565726,0.1559934
2017-07-08,0.63636196,0.4375208023916702,0.42938852,1.343203,0.39886457,-0.59101987,0.07465689,0.35948867,0.016841834,0.038535547,0.07305763,0.07294522,0.13644314,0.28038242,0.319503,0.3322961,0.35168308,0.36258894,0.28497368,0.15546253
2017-07-09,0.6386529,0.4402058570207902,0.43145424,1.349118,0.39992306,-0.59033024,0.077335104,0.36216286,0.01779069,0.03859023,0.07300793,0.07257198,0.13642745,0.28106275,0.32027206,0.3332479,0.3524828,0.3631113,0.28419995,0.1548989
2017-07-10,0.641036,0.44298954095629517,0.43359783,1.3552749,0.40102345,-0.5895764,0.08019284,0.3649464,0.018796124,0.0386443,0.07295221,0.072182395,0.1364056,0.28176722,0.32105985,0.33423975,0.35329694,0.36364236,0.28335065,0.1543078
2017-07-11,0.6434934,0.4458528870238803,0.43580428,1.3616271,0.40215772,-0.5887708,0.08319558,0.36781827,0.019847255,0.038697872,0.07289164,0.0717796,0.13637881,0.2824912,0.32186282,0.33526397,0.3541227,0.36418054,0.2824403,0.1536945
2017-07-12,0.64600754,0.4487769280492409,0.43805864,1.3681281,0.4033178,-0.5879257,0.08630879,0.3707574,0.020933203,0.03875107,0.07282736,0.07136675,0.13634823,0.2832301,0.3226773,0.33631283,0.35495734,0.36472407,0.28148344,0.1530643
2017-07-13,0.6485606,0.45174269685807206,0.44034594,1.3747314,0.40449563,-0.58705336,0.089497946,0.37374285,0.022043088,0.03880401,0.072760545,0.07094698,0.13631505,0.28397918,0.32349977,0.33737862,0.3557981,0.36527133,0.28049463,0.15242246
2017-07-14,0.6511349,0.45473122627606893,0.44265124,1.3813906,0.4056831,-0.58616626,0.09272853,0.3767535,0.02316603,0.038856808,0.072692335,0.07052344,0.13628046,0.28473383,0.32432655,0.33845368,0.35664216,0.3658206,0.27948833,0.15177429
2017-07-15,0.65371275,0.4577235491289268,0.4449595,1.388059,0.40687218,-0.58527666,0.095966026,0.37976837,0.02429115,0.03890958,0.07262389,0.070099264,0.13624562,0.28548944,0.32515404,0.33953026,0.35748678,0.3663702,0.27847916,0.15112506
2017-07-16,0.6562764,0.46070069824234083,0.4472558,1.3946903,0.40805486,-0.58439696,0.0991759,0.3827664,0.025407564,0.03896245,0.072556384,0.06967761,0.13621174,0.28624132,0.32597867,0.3406007,0.3583292,0.36691844,0.2774816,0.15048006
2017-07-17,0.65880823,0.4636437064420062,0.44952512,1.4012377,0.409223,-0.5835395,0.10232364,0.38572657,0.026504392,0.039015528,0.07249095,0.06926162,0.13617998,0.28698483,0.32679677,0.34165725,0.35916662,0.36746368,0.2765102,0.14984457
2017-07-18,0.66129047,0.4665336065536181,0.45175254,1.4076551,0.41036853,-0.5827165,0.1053747,0.3886279,0.027570756,0.039068937,0.072428755,0.06885442,0.13615154,0.28771535,0.3276048,0.34269226,0.35999626,0.3680042,0.2755795,0.14922388
2017-07-19,0.6637054,0.4693514314028717,0.45392308,1.4138956,0.41148347,-0.58194053,0.108294584,0.39144927,0.028595775,0.039122798,0.072370954,0.068459176,0.13612756,0.2884282,0.3283991,0.34369797,0.36081538,0.36853832,0.27470404,0.14862326
2017-07-20,0.66603535,0.47207821381546233,0.45602173,1.419913,0.41255966,-0.5812238,0.11104875,0.39416972,0.029568568,0.03917722,0.07231871,0.06807902,0.13610928,0.28911874,0.32917607,0.3446667,0.3616212,0.36906436,0.27389836,0.148048
2017-07-21,0.6682626,0.47469498661706777,0.45803356,1.4256606,0.41358912,-0.5805786,0.11360268,0.3967682,0.030478254,0.039232325,0.072273165,0.06771709,0.13609783,0.28978232,0.32993212,0.34559077,0.36241093,0.36958066,0.27317697,0.14750339
2017-07-22,0.67036015,0.47719601515583354,0.45997617,1.4315553,0.41465074,-0.58030695,0.115517356,0.3990603,0.031216066,0.039284576,0.072239846,0.067385964,0.13609335,0.29043087,0.33072752,0.34647387,0.36326283,0.37016803,0.2728087,0.14707285
2017-07-23,0.67239976,0.4796499012601543,0.4618958,1.4376112,0.4157446,-0.58025765,0.11707069,0.4011857,0.03185903,0.039334822,0.0722127,0.067070104,0.13609166,0.29107642,0.3315534,0.34734172,0.36415875,0.37080353,0.27264655,0.14670803
2017-07-24,0.67432,0.4819830689712128,0.463727,1.4435049,0.4168124,-0.5803794,0.11827129,0.40312198,0.03240001,0.039384708,0.07219453,0.06677786,0.13609743,0.29169655,0.33237538,0.34816244,0.36506155,0.37145355,0.27265894,0.14640222
2017-07-25,0.6760657,0.48412937761388,0.46541074,1.4489415,0.41780096,-0.58062357,0.11913073,0.40485063,0.032833535,0.039435748,0.07218776,0.066516615,0.13611482,0.29227093,0.33316195,0.34890726,0.36593723,0.3720872,0.2728152,0.14614868
2017-07-26,0.6775882,0.4860301217967137,0.46689448,1.453655,0.41866228,-0.5809438,0.119663544,0.40635705,0.033155814,0.039489314,0.07219452,0.066292815,0.13614757,0.2927814,0.33388457,0.34955063,0.3667548,0.37267625,0.27308542,0.14594057
2017-07-27,0.6788453,0.48763403141196,0.46813193,1.4574082,0.41935354,-0.58129644,0.11988726,0.40763035,0.03336471,0.039546654,0.072216585,0.06611195,0.13619892,0.29321197,0.3345176,0.35007018,0.3674863,0.37319505,0.27344045,0.14577103
2017-07-28,0.6798011,0.48889727163555213,0.46908337,1.459993,0.41983706,-0.5816402,0.11982239,0.40866366,0.03345976,0.03960887,0.07225545,0.06597857,0.13627167,0.2935488,0.33503836,0.35044667,0.3681068,0.3736207,0.27385205,0.14563312
2017-07-29,0.6804261,0.4897834429271115,0.46971545,1.4612298,0.4200803,-0.5819363,0.1194924,0.40945387,0.03344217,0.039676942,0.07231222,0.06589628,0.13636814,0.29378015,0.3354271,0.35066408,0.36859444,0.3739329,0.27429277,0.14551985
2017-07-30,0.6806974,0.49026358102994627,0.47000113,1.4609681,0.42005596,-0.58214855,0.118923746,0.41000178,0.0333148,0.03975171,0.07238774,0.06586774,0.13649015,0.29389647,0.33566692,0.35070947,0.36893034,0.3741141,0.27473596,0.14542417
2017-07-31,0.6805982,0.49031615697105313,0.46991998,1.4590861,0.41974187,-0.58224326,0.11814586,0.410312,0.0330822,0.03983387,0.07248248,0.06589465,0.1366391,0.2938904,0.33574393,0.35057315,0.3690987,0.37414935,0.27515575,0.145339
2017-08-01,0.68121773,0.49290478865301374,0.47251558,1.4556668,0.41922495,-0.5839908,0.11666985,0.41048843,0.03231731,0.039989226,0.072983675,0.06636285,0.13779889,0.29575628,0.33787912,0.35271117,0.3715969,0.3765378,0.2776301,0.14627932
2017-08-02,0.6821596,0.4969593492445218,0.47668818,1.4505835,0.41845623,-0.58671904,0.114717275,0.4105094,0.031182742,0.040194917,0.073752925,0.067134626,0.13961889,0.29877692,0.34126726,0.35624066,0.37551868,0.3803729,0.28138375,0.14787287
2017-08-03,0.6830608,0.5014904898480053,0.4814197,1.4437423,0.41739446,-0.5898026,0.11249984,0.41035935,0.029832093,0.040429562,0.074661024,0.06808081,0.1417722,0.30228642,0.34516105,0.3603426,0.38002273,0.38481265,0.28569406,0.14977248
2017-08-04,0.68192333,0.5012771127365621,0.48133305,1.4341905,0.41575575,-0.58979416,0.11109327,0.40994012,0.02895955,0.04060181,0.075078815,0.06855536,0.14258833,0.30283704,0.34567922,0.36073083,0.38073087,0.38549283,0.2868095,0.1501769
2017-08-05,0.6790471,0.49703161300975496,0.47715962,1.4222195,0.4136037,-0.5871868,0.11037744,0.40928033,0.028504424,0.040718734,0.07507736,0.068633825,0.14227621,0.30087757,0.34333026,0.357975,0.37821773,0.38298142,0.28521323,0.14931752
2017-08-06,0.67472434,0.48944094382986914,0.4696032,1.4081316,0.41100347,-0.5824499,0.11024388,0.40841264,0.028410554,0.040787123,0.0747244,0.06838737,0.14103487,0.29683843,0.33860186,0.3526216,0.37303418,0.37782258,0.28136498,0.14741442
2017-08-07,0.66923976,0.4791666164219133,0.45933995,1.3922403,0.40802178,-0.5760292,0.110595785,0.40737373,0.028626317,0.040813476,0.07408431,0.067882724,0.13905337,0.29113168,0.33196107,0.34519395,0.36570716,0.37053663,0.27570134,0.14467634
2017-08-08,0.6628704,0.4668447000736188,0.44701827,1.3748702,0.40472698,-0.56834626,0.111348026,0.40620428,0.029104622,0.04080401,0.07321817,0.06718224,0.13651085,0.28415096,0.32385418,0.33619225,0.3567398,0.36162007,0.2686355,0.14130077
2017-08-09,0.6558857,0.4530858221354398,0.43325907,1.3563576,0.40118885,-0.5597993,0.11242711,0.404949,0.02980291,0.040764645,0.07218369,0.066343874,0.13357651,0.27627155,0.31470677,0.32609355,0.34661135,0.3515456,0.26055744,0.13747384
2017-08-10,0.64854753,0.43847516802055353,0.41865548,1.3370494,0.39747888,-0.55076253,0.11377121,0.40365663,0.03068315,0.040701024,0.07103527,0.06542114,0.13040961,0.2678503,0.30492374,0.31535175,0.33577728,0.34076214,0.2518338,0.13337034
2017-08-11,0.6415722,0.42489748384776843,0.40512574,1.3172129,0.39367357,-0.5424391,0.115062974,0.40244004,0.031612877,0.0406245,0.06998977,0.064643525,0.12762237,0.26013252,0.29590344,0.30550382,0.32582012,0.3308285,0.24378195,0.129613
2017-08-12,0.6349008,0.4122635058449796,0.39260593,1.2968818,0.38978228,-0.53494895,0.11608566,0.40116787,0.032512233,0.040538926,0.06904486,0.06401627,0.12519823,0.25307763,0.28761855,0.29650122,0.31671453,0.32172766,0.23648937,0.12623186
2017-08-13,0.62857765,0.4005972933049059,0.38112155,1.2763585,0.3858611,-0.5283402,0.116820805,0.39983183,0.03336433,0.040447358,0.068192504,0.06352706,0.12311547,0.24667506,0.28006604,0.28834265,0.30845523,0.31345612,0.22996286,0.12322747
2017-08-14,0.62264794,0.3899274190789692,0.3707017,1.2559483,0.38196662,-0.52265996,0.11725013,0.39842623,0.034152836,0.040352724,0.06742559,0.06316409,0.121354036,0.24091752,0.2732468,0.28102982,0.30104104,0.30601418,0.22421202,0.120601065
2017-08-15,0.6171585,0.38028696957729435,0.36137903,1.2359586,0.37815595,-0.5179542,0.117355555,0.39694795,0.03486199,0.040257834,0.0667379,0.062916026,0.11989547,0.23580101,0.26716533,0.2745675,0.29447487,0.29940608,0.2192492,0.11835466
2017-08-16,0.61215705,0.37171354476870877,0.3531897,1.2166992,0.37448668,-0.5142678,0.117119215,0.3953963,0.03547657,0.040165372,0.06612414,0.062772,0.11872298,0.23132485,0.26183006,0.2689634,0.28876376,0.29363987,0.21508953,0.11649098
2017-08-17,0.60769284,0.3642492581807434,0.34617344,1.1984825,0.37101695,-0.5116448,0.116523445,0.39377317,0.035981927,0.040077902,0.065579936,0.06272163,0.11782138,0.22749163,0.25725296,0.26422828,0.28391883,0.28872752,0.21175085,0.11501352
2017-08-18,0.60381645,0.3579407368996314,0.3403735,1.1816231,0.3678054,-0.510128,0.115550764,0.392083,0.036363963,0.039997865,0.06510182,0.06275505,0.11717713,0.22430725,0.25344995,0.26037592,0.2799553,0.28468487,0.20925377,0.113926485
2017-08-19,0.60057944,0.35283912157030933,0.33583674,1.166438,0.3649111,-0.50975937,0.11418391,0.3903327,0.036609136,0.039927572,0.06468722,0.06286284,0.11677831,0.2217809,0.25044057,0.2574231,0.27689257,0.28153154,0.20762171,0.113234855
2017-08-20,0.59803486,0.34900006639641634,0.33261353,1.1532468,0.3623938,-0.51057965,0.11240582,0.3885318,0.036704466,0.039869223,0.064334504,0.06303608,0.11661465,0.21992506,0.24824819,0.25538963,0.2747541,0.27929118,0.20688076,0.11294433
2017-08-21,0.596237,0.3464837391402947,0.33075783,1.142371,0.36031356,-0.51262856,0.11019963,0.38669226,0.036637522,0.039824888,0.06404295,0.06326631,0.116677485,0.21875551,0.24689989,0.25429833,0.27356744,0.27799115,0.20705985,0.113061346
2017-08-22,0.59502226,0.34508805178923224,0.3300859,1.1328859,0.3585053,-0.5157065,0.10765533,0.3847789,0.03638916,0.03980311,0.06382187,0.06357376,0.116976745,0.21820758,0.24629098,0.25405827,0.27321595,0.27752665,0.20802966,0.11355438
2017-08-23,0.59438294,0.3448037376542249,0.3305879,1.1247503,0.3569637,-0.51978105,0.10478785,0.38279414,0.035945926,0.039807655,0.063675046,0.06395923,0.117512025,0.21827899,0.24641621,0.254664,0.2736918,0.27789283,0.2097773,0.11441997
2017-08-24,0.5945241,0.3456127330967721,0.33228034,1.1185122,0.3558407,-0.52491385,0.10168354,0.3808164,0.03522545,0.03984228,0.063558005,0.06436005,0.11820053,0.21887906,0.24718091,0.25602907,0.2748868,0.2789907,0.21217608,0.1155872
2017-08-25,0.59535575,0.3475083435026679,0.33514214,1.1138735,0.35506663,-0.5310264,0.09833677,0.3788249,0.034239903,0.039910745,0.06349431,0.06480202,0.11907584,0.22004133,0.2486149,0.25817913,0.27683234,0.28085238,0.21525349,0.11707682
2017-08-26,0.5967909,0.3504834218490888,0.3391521,1.1105313,0.35457227,-0.5380374,0.09474567,0.3768022,0.03300017,0.040016796,0.06350737,0.06531034,0.12017139,0.22179897,0.2507471,0.2611387,0.27955893,0.28350917,0.21903399,0.11890797
2017-08-27,0.5987451,0.3545303687045942,0.34428895,1.1081783,0.35428885,-0.54586273,0.09091222,0.37473446,0.031515863,0.040164176,0.06362046,0.0659096,0.121520475,0.22418472,0.25360557,0.26493123,0.28309587,0.28699136,0.2235392,0.12109818
2017-08-28,0.6011365,0.3596411322291256,0.35053134,1.1065015,0.35414797,-0.55441535,0.086842194,0.37261128,0.02979531,0.040356632,0.063856736,0.066623814,0.123156235,0.22723086,0.25721744,0.26957908,0.28747153,0.29132843,0.22878782,0.12366336
2017-08-29,0.603886,0.3658072081740075,0.35785785,1.1051836,0.35408175,-0.5636054,0.08254517,0.37042567,0.027845556,0.04059789,0.06423919,0.067476355,0.12511168,0.23096932,0.2616089,0.27510357,0.29271317,0.29654884,0.23479566,0.1266178
2017-08-30,0.6069171,0.373019639881947,0.36624697,1.1039021,0.35402274,-0.57334024,0.07803455,0.3681742,0.02567237,0.040891685,0.06479067,0.06849003,0.12741967,0.23543154,0.26680535,0.28152493,0.29884705,0.30268025,0.24157557,0.12997422
2017-08-31,0.610156,0.3812690182870336,0.37567714,1.1023297,0.3539039,-0.58352435,0.07332754,0.36585686,0.023280242,0.041241735,0.06553392,0.069687,0.13011292,0.24064858,0.2728312,0.28886223,0.30589834,0.30974936,0.2491375,0.13374366
2017-09-01,0.6120124,0.38643095924711685,0.38190153,1.0998911,0.35351497,-0.5915699,0.0691655,0.3633453,0.021271031,0.04156164,0.06595667,0.07055679,0.13186572,0.24388795,0.27662593,0.29373077,0.31042278,0.31431168,0.25458276,0.13652323
2017-09-02,0.611971,0.38728499515328024,0.38365573,1.0961777,0.35274753,-0.59664357,0.0657851,0.36060765,0.01982274,0.041828614,0.06592403,0.07096388,0.13231105,0.24436715,0.2773051,0.29514673,0.3114233,0.31537145,0.2570608,0.13790537
2017-09-03,0.6094922,0.382536863337943,0.37959993,1.0907716,0.35149112,-0.5978647,0.063439704,0.35761327,0.019122763,0.042018242,0.0652915,0.070762664,0.13105747,0.24125405,0.2739284,0.2920645,0.30784002,0.31187007,0.2556664,0.13745576
2017-09-04,0.6063172,0.3767774408386021,0.37445512,1.0844781,0.349979,-0.59826994,0.061191794,0.3544553,0.01860847,0.042203225,0.0646084,0.07052346,0.1295786,0.23758171,0.26991013,0.28825557,0.30352685,0.30764225,0.25369754,0.13675724
2017-09-05,0.6025357,0.37031750274203723,0.3685355,1.0772237,0.3481982,-0.59805036,0.058972854,0.35114145,0.018262684,0.042384967,0.063917786,0.07029403,0.12799002,0.23357011,0.2654954,0.2839859,0.29876187,0.30296153,0.25139192,0.1359231
2017-09-06,0.5982539,0.3635002489473754,0.36218923,1.0689471,0.3461398,-0.5974202,0.056709517,0.34768265,0.018064078,0.042565025,0.06326556,0.07012497,0.12641664,0.22945929,0.2609521,0.2795466,0.29384905,0.298127,0.24900843,0.13507622
2017-09-07,0.5935947,0.35670130416609097,0.35579842,1.0596,0.3437988,-0.5966175,0.05432353,0.34409326,0.017987177,0.0427451,0.06270052,0.07006974,0.124992676,0.22550939,0.25657088,0.27525398,0.28911814,0.29346338,0.24682714,0.13434918
2017-09-08,0.5886977,0.3503287179220054,0.34977928,1.049147,0.34117433,-0.5959036,0.051731773,0.3403908,0.018002365,0.042927034,0.0622743,0.070184655,0.12386169,0.22200072,0.25266513,0.27144969,0.28492478,0.28932092,0.24514931,0.13388418
2017-09-09,0.5837192,0.3448229645512878,0.34458187,1.0375654,0.33826965,-0.5955632,0.04884625,0.33659622,0.018075876,0.043112833,0.06204142,0.07052888,0.12317655,0.21923363,0.24957098,0.26850048,0.28165036,0.28607547,0.2442974,0.13383304
2017-09-10,0.57883215,0.3406569432024543,0.3406903,1.0248446,0.33509195,-0.59590447,0.045574088,0.33273372,0.018169802,0.043304633,0.062059265,0.071164444,0.12309947,0.21752866,0.24764729,0.2667984,0.27970228,0.28412843,0.24461508,0.1343573
2017-09-11,0.5735878,0.3365051244307734,0.3367536,1.0111139,0.3316475,-0.5960809,0.042186774,0.32874778,0.018378846,0.043496437,0.062159017,0.07190704,0.12316237,0.2159735,0.24587423,0.26523226,0.2779232,0.2823401,0.24512134,0.1349936
2017-09-12,0.5680046,0.3323667707136927,0.3327741,0.9964252,0.32795015,-0.596101,0.03869028,0.3246448,0.01869703,0.04368824,0.06233642,0.07275112,0.12335797,0.21456037,0.24424398,0.263795,0.2763044,0.2807022,0.24580644,0.13573614
2017-09-13,0.56210655,0.3282409338079304,0.32875478,0.9808462,0.32401773,-0.59597576,0.035092298,0.320433,0.01911667,0.043880045,0.06258601,0.07368953,0.123676926,0.21327929,0.2427465,0.2624775,0.2748346,0.2792042,0.24665774,0.13657741
2017-09-14,0.55592275,0.32412645474947577,0.32469934,0.9644594,0.319872,-0.5957186,0.031402227,0.31612247,0.019628368,0.044071846,0.062901095,0.074713536,0.12410782,0.212118,0.24136949,0.26126868,0.27349997,0.27783304,0.24765988,0.1375083
2017-09-15,0.54948765,0.3200219638535884,0.32061213,0.94736207,0.31553867,-0.59534556,0.027631167,0.3117251,0.020221027,0.04426365,0.06327379,0.07581282,0.124637164,0.21106207,0.24009842,0.26015544,0.2722842,0.27657354,0.24879466,0.13851799
2017-09-16,0.542841,0.31592588071479877,0.31649822,0.92966676,0.31104743,-0.59487486,0.023791939,0.30725467,0.020881834,0.044455454,0.06369497,0.07697546,0.12524937,0.21009484,0.23891652,0.2591227,0.27116856,0.27540794,0.2500411,0.13959402
2017-09-17,0.5360279,0.3118364142069081,0.31236324,0.91150075,0.30643192,-0.59432733,0.019899061,0.30272672,0.021596272,0.044647258,0.064154305,0.078187965,0.12592678,0.2091974,0.2378048,0.25815326,0.27013165,0.2743163,0.25137538,0.14072223
2017-09-18,0.5290987,0.3077515624829885,0.3082136,0.8930065,0.30172977,-0.5937262,0.015968764,0.29815865,0.022348113,0.044839058,0.064640254,0.07943526,0.12664968,0.20834865,0.23674203,0.257228,0.26914966,0.2732762,0.25277096,0.14188686
2017-09-19,0.52210903,0.30366911297538246,0.30405632,0.87434137,0.29698247,-0.5930972,0.012018992,0.29356968,0.023119427,0.045030862,0.06514005,0.08070065,0.12739624,0.20752522,0.23570475,0.2563257,0.26819625,0.27226296,0.25419843,0.14307044
2017-09-20,0.5151199,0.29958664239570354,0.2998991,0.8556778,0.29223558,-0.59246844,0.0080693895,0.2889809,0.02389057,0.045222666,0.06563974,0.08196588,0.12814261,0.20670159,0.23466724,0.25542322,0.2672426,0.27124947,0.25562564,0.14425386
2017-09-21,0.5081976,0.2955015167348359,0.29575035,0.837203,0.28753856,-0.5918705,0.004141315,0.28441522,0.024640191,0.04541447,0.06612411,0.08321111,0.12886281,0.20584993,0.23360156,0.25449532,0.26625738,0.27020633,0.25701758,0.14541632
2017-09-22,0.50141364,0.2914108912629343,0.29161906,0.81911945,0.28294483,-0.5913364,0.00025783395,0.27989733,0.025345236,0.04560627,0.066576764,0.08441488,0.1295288,0.20494027,0.23247755,0.2535148,0.26520666,0.26910174,0.25833648,0.1465354
2017-09-23,0.49484402,0.28726108801763783,0.28742093,0.80149776,0.27851176,-0.59096944,-0.0035562797,0.27545384,0.026044598,0.04579081,0.066934265,0.0854816,0.12998995,0.20376883,0.23108126,0.2522995,0.2638658,0.26771703,0.2594352,0.147542
2017-09-24,0.48827383,0.28307874172904995,0.28316236,0.7837818,0.2740787,-0.5906461,-0.0073703933,0.2710103,0.026784888,0.04597068,0.06726233,0.08650166,0.13037361,0.20248711,0.22956829,0.2509859,0.26240382,0.26621372,0.26046538,0.14851968
2017-09-25,0.48170334,0.2788806850057696,0.27887458,0.76602036,0.26964566,-0.5903438,-0.011184507,0.2665668,0.027544936,0.04614829,0.06757617,0.087499194,0.13071987,0.20115216,0.22799896,0.24962485,0.26088342,0.26465315,0.2614625,0.1494834
2017-09-26,0.47513282,0.27468250359649965,0.2745866,0.74825853,0.2652126,-0.5900416,-0.014998621,0.2621233,0.028305141,0.046325885,0.06788991,0.08849654,0.13106583,0.1998168,0.22642918,0.24826342,0.25936255,0.2630921,0.26245934,0.15044701
2017-09-27,0.4685626,0.2704985363900467,0.270325,0.7305379,0.26077953,-0.5897204,-0.018812735,0.25767976,0.029047469,0.04650552,0.068216495,0.089514285,0.13144563,0.19852957,0.22491038,0.24694493,0.25789458,0.26158285,0.26348612,0.15142325
2017-09-28,0.46199286,0.266341875415321,0.26611415,0.71289635,0.2563465,-0.5893626,-0.022626849,0.25323626,0.029755456,0.04668907,0.0685678,0.090571165,0.13189046,0.1973349,0.22348951,0.24570891,0.25652817,0.26017317,0.2645704,0.15242375
2017-09-29,0.45542383,0.2622243658413367,0.261976,0.69536823,0.25191343,-0.5889524,-0.026440961,0.24879274,0.030414207,0.046878245,0.06895453,0.091684185,0.13242848,0.19627288,0.22220904,0.24459115,0.25530744,0.25890616,0.2657371,0.15345904
2017-09-30,0.44844505,0.258001795281473,0.25785837,0.6772268,0.24723986,-0.5883252,-0.030554319,0.24402812,0.030889196,0.047096815,0.06952809,0.09308567,0.13338085,0.19568762,0.22143383,0.2438647,0.2546002,0.2581646,0.2674021,0.15476586
2017-10-01,0.44120342,0.25373880471914384,0.25380427,0.65876967,0.24241169,-0.58752215,-0.034860045,0.23905706,0.031211948,0.047338177,0.07024629,0.094711475,0.13466412,0.19550075,0.22108074,0.24347173,0.25432393,0.25785968,0.26944456,0.1562713
2017-10-02,0.43383554,0.24949497520654362,0.24985269,0.6402722,0.23750886,-0.58658236,-0.039258644,0.23398636,0.031412568,0.04759609,0.071069315,0.09650102,0.13619922,0.19563726,0.22107007,0.24335656,0.25439963,0.2579065,0.27175066,0.15790701
2017-10-03,0.4267034,0.24539872031456372,0.2460651,0.6223525,0.23272371,-0.5856447,-0.043497413,0.2290698,0.031633735,0.047845326,0.0718556,0.098254174,0.13770752,0.19580396,0.22108409,0.24329379,0.25452095,0.25797743,0.27391937,0.15943721
2017-10-04,0.41983935,0.2414731110722741,0.24246281,0.60511094,0.22808212,-0.584708,-0.04754894,0.22434299,0.03186201,0.0480873,0.07260722,0.09996859,0.13919137,0.19601169,0.22113663,0.24329351,0.2546982,0.25808358,0.27595615,0.1608639
2017-10-05,0.41327137,0.2377379785886065,0.23906371,0.5886347,0.22360694,-0.58377135,-0.05138922,0.21983747,0.032085344,0.04832332,0.07332609,0.10164196,0.14065246,0.19626921,0.2212392,0.24336368,0.25493935,0.25823385,0.27786624,0.16218932
2017-10-06,0.4070231,0.23420991405235445,0.23588222,0.5729977,0.21931808,-0.5828346,-0.05499767,0.21558069,0.032293085,0.048554584,0.07401388,0.103272006,0.14209174,0.19658317,0.2214009,0.24351025,0.25525022,0.25843504,0.2796547,0.16341597
2017-10-07,0.40111387,0.2309022687321735,0.23292935,0.5582605,0.21523237,-0.58189785,-0.058357123,0.21159598,0.03247596,0.04878219,0.0746721,0.1048565,0.14350945,0.19695812,0.2216285,0.24373707,0.2556344,0.25869182,0.2813265,0.1645466
2017-10-08,0.39555869,0.22782515397658096,0.23021267,0.54447037,0.21136366,-0.5809618,-0.061453823,0.20790258,0.0326261,0.04900712,0.075302035,0.106393225,0.14490515,0.19739653,0.22192633,0.24404597,0.25609314,0.25900668,0.2828863,0.16558424
2017-10-09,0.39036813,0.224985441213956,0.22773632,0.53166133,0.20772278,-0.5800276,-0.06427743,0.20451567,0.032737017,0.049230255,0.07590478,0.10788002,0.1462777,0.1978988,0.22229639,0.2444367,0.25662562,0.25937998,0.28433862,0.16653216
2017-10-10,0.38554856,0.2223867619525397,0.22550102,0.51985425,0.20431757,-0.57909673,-0.066821024,0.2014463,0.032803614,0.049452364,0.07648122,0.10931475,0.14762524,0.19846322,0.22273831,0.2449069,0.25722867,0.25980997,0.2856879,0.16739388
2017-10-11,0.3811019,0.22002950778043498,0.22350402,0.50905645,0.20115283,-0.5781714,-0.0690811,0.19870144,0.032822188,0.049674112,0.077032074,0.11069531,0.14894521,0.19908598,0.22324935,0.24545224,0.25789693,0.26029265,0.28693825,0.1681732
2017-10-12,0.3770258,0.2179108303656067,0.22173917,0.4992623,0.19823036,-0.577254,-0.07105756,0.19628397,0.03279043,0.04989605,0.07755781,0.11201965,0.15023436,0.19976118,0.22382434,0.24606624,0.25862274,0.260822,0.2880937,0.16887416
2017-10-13,0.37331355,0.2160246414558815,0.22019687,0.49045265,0.19554894,-0.57634765,-0.072753735,0.19419268,0.03270741,0.050118625,0.07805873,0.11328574,0.15148874,0.20048086,0.2244558,0.24674042,0.2593963,0.26138976,0.28915805,0.16950105
2017-10-14,0.3699541,0.2143616128789479,0.21886411,0.48259515,0.19310437,-0.5754557,-0.07417637,0.19242226,0.032573603,0.05034218,0.07853493,0.11449159,0.15270366,0.20123494,0.22513387,0.24746418,0.26020557,0.2619856,0.29013494,0.17005846
2017-10-15,0.36693206,0.2129091765423563,0.2177244,0.4756442,0.1908894,-0.5745823,-0.07533561,0.1909633,0.032390866,0.05056695,0.07898631,0.11563524,0.15387377,0.20201126,0.22584626,0.24822493,0.2610362,0.26259696,0.29102784,0.17055118
2017-10-16,0.36422774,0.211651524433519,0.21675786,0.4695409,0.18889381,-0.5737316,-0.07624504,0.1898023,0.032162443,0.050793048,0.079412565,0.11671476,0.15499301,0.20279557,0.22657838,0.24900794,0.26187164,0.26320925,0.29184005,0.17098428
2017-10-17,0.36181703,0.2105696086197101,0.21594118,0.46421304,0.18710431,-0.57290864,-0.076921634,0.18892169,0.031892978,0.051020503,0.07981318,0.11772828,0.1560546,0.20357153,0.22731322,0.24979648,0.26269314,0.2638056,0.29257464,0.1713631
2017-10-18,0.35967156,0.20964114124806563,0.21524756,0.4595752,0.18550466,-0.57211876,-0.077385806,0.18829979,0.031588502,0.051249217,0.08018746,0.118673936,0.15705107,0.2043207,0.2280314,0.25057173,0.26347968,0.2643671,0.29323453,0.17169324
2017-10-19,0.35775858,0.2088405945455834,0.21464682,0.45552865,0.18407556,-0.57136774,-0.07766137,0.18791081,0.031256434,0.051478993,0.08053451,0.11954992,0.15797424,0.20502254,0.22871117,0.2513128,0.26420802,0.26487264,0.29382244,0.17198053
2017-10-20,0.3569029,0.208729328581186,0.2146599,0.45308688,0.18328145,-0.5717881,-0.07851959,0.18718296,0.03044536,0.051239654,0.08040903,0.11996122,0.15845613,0.2053299,0.22904576,0.25170493,0.2646016,0.2650204,0.2945879,0.17258747
2017-10-21,0.3567553,0.2090645758265727,0.2150517,0.45172262,0.18292318,-0.57298434,-0.079725385,0.18627587,0.02932985,0.050698597,0.07996836,0.120046504,0.1586154,0.20533396,0.22910963,0.25182736,0.26472232,0.2648845,0.29544505,0.17339315
2017-10-22,0.3569834,0.20961486399985765,0.2155973,0.45092312,0.18281062,-0.5745892,-0.08106544,0.18533163,0.028074525,0.050011538,0.079358704,0.11993485,0.15856119,0.20511585,0.22896788,0.25175005,0.2646238,0.26453003,0.29631403,0.17428567
2017-10-23,0.35727182,0.2101600160655703,0.21608204,0.45018995,0.18276261,-0.5762637,-0.082348146,0.18447495,0.026834065,0.049322512,0.07871509,0.11974565,0.15839306,0.20474666,0.2286763,0.2515337,0.26435113,0.2640131,0.2971208,0.17516217
2017-10-24,0.35732326,0.2105610990748334,0.2164314,0.44924194,0.18260695,-0.57760334,-0.08340368,0.1838131,0.025665231,0.048773915,0.07822475,0.119688936,0.1583676,0.20452434,0.22853221,0.25144103,0.26420134,0.26363575,0.29794458,0.17599097
2017-10-25,0.35685647,0.21064109967329422,0.21648937,0.44766918,0.18218043,-0.5782979,-0.08408391,0.1834359,0.02467694,0.048489366,0.078019045,0.1198943,0.15861426,0.20456949,0.22864647,0.25157642,0.26427928,0.2635111,0.29876643,0.17670558
2017-10-26,0.35560703,0.21023554661291163,0.21611252,0.44507986,0.18132883,-0.57806385,-0.08426249,0.18341571,0.023966592,0.048581,0.07821938,0.12048349,0.15925594,0.20499684,0.22912514,0.25203875,0.26468593,0.26374772,0.299576,0.17724964
2017-10-27,0.35332754,0.20919251075195566,0.21516992,0.44110024,0.17990687,-0.57664394,-0.0838348,0.18380749,0.023620075,0.04914943,0.07893709,0.12157036,0.16040893,0.20591526,0.23006938,0.25292134,0.26551867,0.26444975,0.30037153,0.17757693
2017-10-28,0.3497874,0.20737260505500785,0.21354319,0.43537465,0.17777827,-0.5738077,-0.08271794,0.18464871,0.023711765,0.050283782,0.08027355,0.12326092,0.16218297,0.20742777,0.23157546,0.25431213,0.26687095,0.26571694,0.30115965,0.17765136
2017-10-29,0.34477305,0.2046489845929609,0.2111265,0.42756543,0.17481574,-0.5693512,-0.080850795,0.18595944,0.024304524,0.052061673,0.08232009,0.12565333,0.16468121,0.2096315,0.23373485,0.25629354,0.26883253,0.26764444,0.3019556,0.17744702
2017-10-30,0.33808774,0.20090734654301912,0.20782657,0.41735303,0.17090093,-0.56309676,-0.07819394,0.18774231,0.0254497,0.05454922,0.08515803,0.12883784,0.1680002,0.21261777,0.23663408,0.2589425,0.27148932,0.27032307,0.30278313,0.1769481
2017-10-31,0.330119,0.19625984348995273,0.20366202,0.40548253,0.16625682,-0.55510145,-0.074316256,0.19042616,0.027354596,0.057770282,0.08866276,0.13259688,0.17182115,0.21604614,0.2399032,0.26199737,0.27446976,0.27336362,0.30313072,0.17583491
2017-11-01,0.3208709,0.19068017250042826,0.19859393,0.39197826,0.16088077,-0.5453019,-0.0691002,0.19410925,0.030096788,0.061758928,0.09283793,0.13691673,0.17610718,0.21987095,0.24348618,0.2654262,0.27771878,0.27670807,0.3028792,0.17401955
2017-11-02,0.30930364,0.18340940450697704,0.19193323,0.3754708,0.15417992,-0.5336652,-0.062442616,0.19888026,0.033745322,0.06653717,0.097673714,0.1417705,0.18080762,0.22403309,0.24731413,0.26918548,0.2811694,0.2802855,0.30190828,0.17102611
2017-11-03,0.29553238,0.1746193376354842,0.18387014,0.35606435,0.14623412,-0.52004784,-0.054476578,0.2046043,0.038203217,0.072141744,0.10329064,0.14731583,0.1861396,0.22876604,0.2516392,0.27345794,0.2850617,0.28435293,0.30050313,0.16715355
2017-11-04,0.27990252,0.16455174981274456,0.17461874,0.33422074,0.13723864,-0.50443614,-0.045192923,0.21128803,0.043476135,0.07857842,0.10969417,0.15355757,0.19210754,0.2340738,0.25646487,0.27824718,0.2893987,0.2889137,0.2986607,0.16252798
2017-11-05,0.2627544,0.1534445063165452,0.1643904,0.31039432,0.12738575,-0.48684388,-0.03460082,0.21892479,0.049558412,0.085841425,0.11687884,0.16049089,0.19870701,0.2399524,0.26178765,0.28354955,0.29417735,0.29396442,0.29638404,0.15727465
2017-11-06,0.24442309,0.14153155977566578,0.15339382,0.28503186,0.11686485,-0.46731272,-0.022727752,0.22749455,0.056433048,0.09391339,0.12482824,0.16810125,0.20592478,0.24638982,0.2675971,0.28935432,0.29938835,0.2994948,0.29368228,0.15151793
2017-11-07,0.2252386,0.1290429501698783,0.14183496,0.2585726,0.105862424,-0.44591197,-0.009619535,0.23696394,0.0640717,0.10276539,0.13351502,0.17636442,0.21373868,0.25336608,0.27387583,0.29564354,0.30501625,0.3054877,0.2905706,0.14538127
2017-11-08,0.20552579,0.11620480482994719,0.12991707,0.23144835,0.09456202,-0.42273873,0.004659693,0.24728626,0.07243469,0.11235691,0.14290088,0.18524653,0.2221178,0.26085323,0.28059947,0.30239198,0.3110394,0.3119191,0.28707027,0.13898727
2017-11-09,0.18560432,0.10323933843762938,0.117840745,0.20408334,0.08314426,-0.3979178,0.020027464,0.25840142,0.08147102,0.12263588,0.1529366,0.19470397,0.23102231,0.26881525,0.28773665,0.30956736,0.31742996,0.31875807,0.2832087,0.13245763
2017-11-10,0.16578877,0.09036485302567411,0.10580381,0.1768943,0.07178689,-0.3716018,0.03638299,0.27023602,0.09111833,0.13353865,0.163562,0.20468348,0.24040358,0.27720818,0.29524913,0.31713012,0.3241539,0.32596692,0.27901933,0.12591311
2017-11-11,0.14638852,0.07779573797782321,0.094001435,0.15029047,0.060664695,-0.34397098,0.05360715,0.28270328,0.101302944,0.14498997,0.17470597,0.21512209,0.2502041,0.28598005,0.30309165,0.32503355,0.33117104,0.33350104,0.27454168,0.11947365
2017-11-12,0.12770784,0.0657424700288108,0.08262607,0.12467353,0.04994956,-0.31523338,0.071562506,0.29570314,0.111939855,0.15690307,0.18628646,0.22594717,0.26035753,0.29507092,0.31121194,0.33322376,0.33843496,0.34130895,0.26982138,0.11325826
2017-11-13,0.11004585,0.054411613264363466,0.07186745,0.10043769,0.039810456,-0.2856248,0.090093285,0.30912212,0.122932695,0.16917956,0.19821048,0.23707639,0.2707887,0.30441284,0.31955087,0.34163964,0.34589314,0.34933233,0.2649101,0.107385054
2017-11-14,0.09369651,0.04400581912120027,0.061912622,0.077969626,0.030413426,-0.25540873,0.109025404,0.3228334,0.13417378,0.18170951,0.21037409,0.24841772,0.28141358,0.31392983,0.32804227,0.35021293,0.35348675,0.357506,0.25986564,0.10197129
2017-11-15,0.07894866,0.034723826387032634,0.052945916,0.057648502,0.021921609,-0.22487648,0.12816642,0.33669683,0.1455441,0.1943714,0.2226624,0.2598695,0.29213932,0.32353795,0.33661306,0.35886815,0.3611509,0.36575788,0.25475186,0.0971333
2017-11-16,0.066085964,0.02676046120056449,0.04514897,0.03984597,0.0144952135,-0.19434696,0.14730562,0.35055894,0.15691328,0.20703211,0.23494965,0.27132025,0.30286413,0.3331453,0.34518313,0.36752266,0.36881438,0.3740091,0.24963866,0.09298655
2017-11-17,0.055386953,0.02030663705149213,0.0387007,0.024926158,0.008291536,-0.16416697,0.16621391,0.36425287,0.16813964,0.21954702,0.24709903,0.282649,0.31347752,0.34265187,0.35366547,0.3760866,0.37639996,0.38217384,0.2446021,0.089645594
2017-11-18,0.047125027,0.0155493547805043,0.033777338,0.013245697,0.0034649563,-0.13471095,0.1846439,0.37759843,0.17907013,0.23175986,0.25896287,0.29372495,0.32386005,0.3519498,0.3619661,0.38446295,0.3838241,0.39015946,0.23972428,0.087224126
2017-11-19,0.04156842,0.012671702579282174,0.030552395,0.0051536937,0.00016693406,-0.106381126,0.20232987,0.39040208,0.1895404,0.24350284,0.27038255,0.30440766,0.33388346,0.36092317,0.36998406,0.39254752,0.3909971,0.39786652,0.23509337,0.08583491
2017-11-20,0.037789356,0.011037433146860827,0.028430386,-0.00056343456,-0.0021264846,-0.07805129,0.22001584,0.4032057,0.20001069,0.2552458,0.2818022,0.31509036,0.34390688,0.36989653,0.37800202,0.40063205,0.3981701,0.40557355,0.23046248,0.08509739
2017-11-21,0.03569553,0.0105819791287773,0.027354037,-0.004029011,-0.0034674678,-0.049721457,0.2377018,0.41600934,0.21048096,0.26698878,0.29322186,0.32577306,0.3539303,0.37886986,0.38601997,0.40871662,0.40534312,0.4132806,0.22583157,0.0849777
2017-11-22,0.03591577,0.012943308379889015,0.027846565,-0.004574711,-0.0035272227,-0.022876948,0.25428212,0.42826104,0.21749961,0.27574268,0.3017942,0.33382225,0.36138794,0.38547143,0.3918273,0.4146098,0.41045663,0.41900158,0.22136179,0.08551013
2017-11-23,0.03803806,0.017405321120010912,0.029604806,-0.0026896452,-0.0025291073,0.0030127112,0.27015162,0.44015795,0.22229938,0.282575,0.3085361,0.34017846,0.36719617,0.3905483,0.39621347,0.4190942,0.41424617,0.4234458,0.2169956,0.08661371
2017-11-24,0.041642413,0.023275858497852277,0.03232393,0.0011222055,-0.00070163555,0.028441405,0.285678,0.45188355,0.22602795,0.28847972,0.31439438,0.34571737,0.37220812,0.3948891,0.3999136,0.4228985,0.41739655,0.42727366,0.2126794,0.08819973
2017-11-25,0.04630089,0.029886702591016775,0.03569745,0.0063419905,0.0017215245,0.053866442,0.30120164,0.4636078,0.22974801,0.29437706,0.32024562,0.3512498,0.37721378,0.39922404,0.4036083,0.42669743,0.42054185,0.43109664,0.20836361,0.090171725
2017-11-26,0.051577594,0.03659357640600242,0.039417207,0.012435992,0.00450155,0.07970854,0.31703576,0.47548702,0.23443726,0.3011137,0.32689637,0.3575217,0.38293985,0.40422493,0.4079237,0.4311117,0.42426544,0.4354773,0.20400257,0.092425495
2017-11-27,0.057028655,0.042776143878201583,0.043173388,0.018855622,0.0073944638,0.10635183,0.3334663,0.48766395,0.24098833,0.30946267,0.33508298,0.36521414,0.3900499,0.4105052,0.41343153,0.436708,0.42909995,0.4409292,0.19955462,0.09484905
2017-11-28,0.062202245,0.047838009871901004,0.04665451,0.025037423,0.010151134,0.13414387,0.35075194,0.50026774,0.25020888,0.32012337,0.3454717,0.37494335,0.39914435,0.4186198,0.42064908,0.4439991,0.4355273,0.44791716,0.19498205,0.09732268
2017-11-29,0.066076584,0.05120672018028178,0.049106,0.029723492,0.012191345,0.16562776,0.3705262,0.51399356,0.2670423,0.33748528,0.36220393,0.39054492,0.41392025,0.4320234,0.43276924,0.45629758,0.44654968,0.4591775,0.19015636,0.10001134
2017-11-30,0.06838464,0.05233376152541935,0.050370708,0.03256334,0.013372058,0.20028067,0.39249262,0.52873635,0.2906188,0.36075637,0.38453946,0.4113324,0.43372303,0.45009765,0.44922537,0.47298902,0.46162936,0.4742483,0.18508162,0.102675356
2017-12-01,0.06883757,0.050694561558283543,0.050278943,0.033174876,0.013537052,0.23759821,0.41636202,0.54439175,0.32008752,0.38916373,0.4117553,0.43663538,0.45791277,0.47223866,0.4694636,0.49347538,0.48024115,0.49267593,0.17976353,0.10507452
2017-12-02,0.067124724,0.045788488858738555,0.04864848,0.031144394,0.012516924,0.27709436,0.4418525,0.5608561,0.35461652,0.42195356,0.4431457,0.4657994,0.48586413,0.497857,0.49294278,0.5171749,0.5018724,0.514015,0.17420949,0.106968045
2017-12-03,0.06439318,0.03817377538850612,0.046202578,0.0280033,0.0109652635,0.3183015,0.46868953,0.5780264,0.39339286,0.4583911,0.47802198,0.49818605,0.51696646,0.5263777,0.51913476,0.5435221,0.5260232,0.5378283,0.16842845,0.10865705
2017-12-04,0.060723845,0.027702060541993083,0.043003947,0.023856062,0.008932235,0.36077037,0.4966058,0.59580034,0.43562248,0.49776065,0.5157128,0.5331731,0.5506237,0.55724007,0.5475239,0.5719679,0.5522061,0.563687,0.16243106,0.110059194
2017-12-05,0.056202188,0.014267372458061416,0.039119124,0.018810783,0.0064697266,0.4040702,0.5253414,0.6140762,0.48053032,0.53936565,0.5555639,0.5701541,0.58625454,0.58989817,0.5776077,0.6019795,0.57994634,0.5911703,0.15622957,0.111101255
2017-12-06,0.050918255,-0.002193871979971674,0.034618482,0.012979183,0.0036313492,0.4477885,0.5546435,0.63275313,0.52736026,0.58252853,0.59693825,0.6085387,0.623292,0.6238202,0.60889614,0.63304037,0.6087817,0.6198658,0.14983787,0.11171915
2017-12-07,0.04489119,-0.02308558367920395,0.029495835,0.0064680246,0.00046781191,0.49198472,0.58473635,0.6522568,0.575069,0.626276,0.6389817,0.64754224,0.6609988,0.6582773,0.640731,0.6643123,0.6380621,0.64940244,0.14299312,0.11154089
2017-12-08,0.038247123,-0.0478927409335256,0.023857916,-0.00060064154,-0.0029621783,0.53612125,0.61521405,0.67229974,0.62304765,0.6700811,0.6811752,0.68668157,0.6989035,0.69284225,0.6727127,0.6954322,0.66742224,0.67937243,0.1358119,0.11063384
2017-12-09,0.031114899,-0.07609199034988075,0.017813295,-0.008101344,-0.0065983054,0.5796901,0.64568985,0.6926082,0.67069864,0.7134282,0.7230112,0.7254845,0.7365449,0.7270971,0.7044499,0.7260448,0.6965043,0.709377,0.12840556,0.10906666
2017-12-10,0.023626067,-0.10715164684826743,0.011472402,-0.015905198,-0.010378644,0.6222127,0.6757957,0.712922,0.71743584,0.75581324,0.76399374,0.76348966,0.77347183,0.76063305,0.7355597,0.75580305,0.72495824,0.7390264,0.120880224,0.10690932
2017-12-11,0.01591489,-0.14053169366173762,0.0049475073,-0.023879899,-0.014239661,0.66324013,0.7051824,0.7329945,0.7626846,0.79674315,0.803638,0.80024666,0.8092433,0.79305065,0.76566744,0.78436774,0.75244164,0.76794,0.11333681,0.1042331
2017-12-12,0.008118343,-0.17568378233639712,-0.0016472675,-0.03188973,-0.018116215,0.7023531,0.73351973,0.752593,0.8058815,0.8357364,0.84147066,0.83531564,0.8434282,0.8239595,0.79440683,0.8114077,0.7786198,0.7957461,0.10587099,0.1011106
2017-12-13,0.00037610717,-0.2120512327314058,-0.008195952,-0.039795548,-0.021941556,0.73916185,0.7604962,0.77149814,0.84647477,0.8723226,0.87702996,0.8682679,0.87560564,0.8529787,0.8214199,0.8365997,0.8031657,0.82208216,0.09857324,0.09761572
2017-12-14,-0.007169422,-0.24906903301897723,-0.014580727,-0.047454808,-0.02564732,0.773306,0.7858193,0.7895043,0.88392377,0.906043,0.90986544,0.89868546,0.90536475,0.8797363,0.8463571,0.85962856,0.82575977,0.84659475,0.09152878,0.09382368
2017-12-15,-0.0143731395,-0.28616383968437914,-0.020681925,-0.054721538,-0.029163543,0.80445504,0.80921537,0.8064195,0.9176995,0.93644977,0.939538,0.9261611,0.9323047,0.9038697,0.86887705,0.8801871,0.8460904,0.86893934,0.08481765,0.089811
2017-12-16,-0.02108723,-0.32275397752593304,-0.02637803,-0.061446354,-0.032418646,0.83230776,0.83042943,0.82206535,0.94728434,0.96310663,0.9656201,0.9502986,0.9560347,0.9250255,0.8886468,0.897976,0.8638534,0.8887806,0.07851463,0.08565552
2017-12-17,-0.027161164,-0.3582494396550142,-0.03154568,-0.06747645,-0.035339445,0.8565927,0.8492256,0.83627725,0.97217184,0.9855886,0.9876955,0.9707124,0.9761742,0.94285965,0.90534174,0.91270405,0.8787524,0.9057921,0.0726893,0.08143639
2017-12-18,-0.03244171,-0.39205188749605224,-0.036059655,-0.07265561,-0.037851144,0.87706786,0.8653868,0.8489041,0.9918672,1.003482,1.0053595,0.987028,0.9923525,0.95703715,0.9186456,0.92408806,0.89049864,0.91965675,0.06740601,0.07723407
2017-12-19,-0.03677291,-0.42355465078653026,-0.039792903,-0.0768242,-0.03987734,0.89352083,0.8787146,0.8598083,1.005887,1.0163845,1.0182186,0.99888164,1.004209,0.9672323,0.9282505,0.93185264,0.898811,0.9300662,0.062723905,0.073130324
2017-12-20,-0.039996117,-0.4521427275769855,-0.042616505,-0.07981917,-0.04134002,0.90576875,0.88902986,0.8688663,1.0137591,1.023905,1.0258911,1.0059203,1.0113934,0.9731286,0.9338566,0.9357306,0.90341604,0.9367213,0.05869687,0.06920825
2017-12-21,-0.041949958,-0.47719278423100897,-0.044399705,-0.08147404,-0.04215957,0.9136583,0.89617187,0.8759678,1.0150229,1.025664,1.0280061,1.0078019,1.0135653,0.9744189,0.9351728,0.9354626,0.904048,0.93933207,0.055373605,0.06555222
2017-12-22,-0.042470347,-0.4980731554252457,-0.045009896,-0.08161895,-0.04225475,0.9170659,0.899999,0.88101625,1.0092292,1.0212927,1.0242049,1.0041952,1.0103943,0.9708051,0.93191606,0.9307974,0.90044874,0.9376173,0.052797575,0.062247943
2017-12-23,-0.042423386,-0.5165218527133315,-0.045137342,-0.081223145,-0.04208973,0.9179496,0.9019163,0.8846915,1.0007093,1.0145645,1.0180738,0.99841875,1.0051054,0.96527576,0.92686635,0.9245196,0.8952136,0.93404937,0.05078437,0.059274964
2017-12-24,-0.041943364,-0.5325899616815302,-0.0448883,-0.08044597,-0.041740935,0.9168486,0.90226907,0.8871485,0.9904397,1.0063485,1.0104339,0.9912333,0.9984312,0.9585152,0.92065585,0.9172844,0.8889368,0.9291725,0.04930154,0.056689996
2017-12-25,-0.041180264,-0.5463626249736143,-0.044381883,-0.0794637,-0.04129295,0.914368,0.90144885,0.88856965,0.97949314,0.99759847,1.0021877,0.9834752,0.9911775,0.9512754,0.9139795,0.90980923,0.8822709,0.9235889,0.04830742,0.054549154
2017-12-26,-0.04029978,-0.5579590422908659,-0.043750055,-0.07846957,-0.040838487,0.9111791,0.8998932,0.8891643,0.9690386,0.9893534,0.99431914,0.9760566,0.9842234,0.944376,0.9075948,0.90287316,0.8759268,0.9179587,0.04775117,0.052907936
2017-12-27,-0.039483305,-0.5675324703920759,-0.043137636,-0.07767376,-0.040478412,0.9080195,0.89808595,0.8891694,0.9603418,0.9827372,0.98789364,0.9699653,0.9785212,0.93870425,0.9023224,0.8973173,0.87067395,0.913,0.047572758,0.051821247
2017-12-28,-0.03892793,-0.5752702230935446,-0.042702287,-0.077303424,-0.04032172,0.9056928,0.8965567,0.8888488,0.9547647,0.9789585,0.9840584,0.96626484,0.9750965,0.9352152,0.8990455,0.89404476,0.86734015,0.909489,0.047702953,0.051343385
2017-12-29,-0.038846444,-0.581393671269081,-0.04261454,-0.07760262,-0.040485557,0.9050688,0.8958814,0.8884937,0.95376575,0.97931117,0.98404205,0.96609455,0.97504824,0.9349313,0.89871013,0.8940206,0.86681145,0.90825975,0.04806334,0.051528037
2017-12-30,-0.0386908,-0.5861582428500037,-0.0424478,-0.07789336,-0.04064485,0.90399915,0.8947448,0.8876217,0.9530676,0.9799734,0.98425597,0.96613115,0.9751822,0.9348554,0.8985528,0.8943288,0.8664798,0.9069978,0.04869729,0.05202421
2017-12-31,-0.038476795,-0.5898534228251404,-0.042218905,-0.07817746,-0.040800564,0.9025788,0.8932451,0.88634294,0.95260614,0.9808791,0.9846512,0.96633065,0.9754595,0.9349432,0.89853543,0.8948983,0.86630327,0.9057102,0.049546517,0.05276555
2018-01-01,-0.038222086,-0.5928027532408272,-0.041946653,-0.07845692,-0.040953785,0.9009138,0.8914922,0.88478047,0.9523098,0.98195475,0.9851728,0.9666437,0.9758368,0.9351452,0.89861584,0.89565027,0.8662348,0.90440464,0.050545894,0.05367787
2018-01-02,-0.037946183,-0.59536383320091,-0.041651838,-0.078733966,-0.04110571,0.89912146,0.8896075,0.8830703,0.9520994,0.98311883,0.9857603,0.96701586,0.9762662,0.93540657,0.8987471,0.89649713,0.8662227,0.90308976,0.051623426,0.054679204
2018-01-03,-0.03767047,-0.5979283188667439,-0.041357215,-0.07901103,-0.041257642,0.8973302,0.8877239,0.88136137,0.9518882,0.98428214,0.98634714,0.96738756,0.9766951,0.93566746,0.89887786,0.8973431,0.86621,0.90177494,0.052700277,0.055679753
2018-01-04,-0.037418175,-0.6009219234571925,-0.041087538,-0.07929077,-0.041411012,0.8956798,0.88598603,0.87981576,0.951582,0.9853477,0.9868613,0.96769387,0.97706646,0.93586266,0.8989524,0.8980842,0.8661351,0.9004705,0.05369074,0.056581926
2018-01-05,-0.037214395,-0.6048044172486291,-0.04086953,-0.07957603,-0.041567355,0.8943208,0.8845499,0.8786082,0.95107913,0.98621076,0.98722476,0.9678648,0.97731864,0.9359218,0.8989106,0.89860797,0.8659314,0.8991874,0.05450226,0.05728032
2018-01-06,-0.03708607,-0.6100696275749359,-0.040731896,-0.07986989,-0.04172832,0.89341533,0.88358325,0.87792665,0.9502701,0.9867589,0.9873538,0.9678252,0.97738546,0.93576926,0.89868766,0.8987937,0.86552715,0.8979375,0.055035423,0.057661723
2018-01-07,-0.03695775,-0.6153348379012428,-0.040594257,-0.08016375,-0.041889288,0.8925099,0.88261664,0.8772451,0.9494611,0.9873071,0.9874829,0.9677856,0.9774523,0.93561673,0.8984647,0.8989794,0.8651229,0.8966876,0.055568583,0.058043126
2018-01-08,-0.036829427,-0.6206000482275494,-0.040456623,-0.08045761,-0.042050254,0.89160436,0.88165,0.87656355,0.9486521,0.9878552,0.987612,0.96774596,0.97751904,0.9354642,0.8982417,0.89916515,0.8647187,0.8954377,0.056101747,0.058424532
2018-01-09,-0.036701106,-0.6258652585538561,-0.040318985,-0.08075147,-0.042211223,0.8906989,0.8806833,0.875882,0.94784313,0.9884034,0.9877411,0.9677063,0.97758585,0.9353117,0.8980188,0.8993509,0.86431444,0.8941878,0.05663491,0.058805935
2018-01-10,-0.03657278,-0.631130468880163,-0.04018135,-0.08104533,-0.04237219,0.88979346,0.87971663,0.8752005,0.9470341,0.9889515,0.9878702,0.96766675,0.9776526,0.9351592,0.8977958,0.8995366,0.8639102,0.89293796,0.05716807,0.05918734
2018-01-11,-0.03644446,-0.6363956792064698,-0.04004371,-0.08133919,-0.042533156,0.888888,0.87875,0.87451893,0.9462251,0.9894996,0.9879993,0.9676271,0.9777194,0.9350067,0.8975729,0.89972234,0.863506,0.89168805,0.057701234,0.059568744
2018-01-12,-0.036316138,-0.6416608895327766,-0.039906077,-0.081633046,-0.04269412,0.8879825,0.87778336,0.8738374,0.9454161,0.9900478,0.98812836,0.96758753,0.97778624,0.93485415,0.8973499,0.89990807,0.8631018,0.8904382,0.058234397,0.059950147
2018-01-13,-0.036187816,-0.6469260998590834,-0.03976844,-0.08192691,-0.042855088,0.88707703,0.8768167,0.87315583,0.94460714,0.99059594,0.98825747,0.9675479,0.977853,0.9347016,0.8971269,0.9000938,0.86269754,0.8891883,0.058767557,0.060331553
2018-01-14,-0.03605949,-0.65219131018539,-0.039630804,-0.08222077,-0.043016054,0.8861716,0.87585,0.8724743,0.9437981,0.9911441,0.9883866,0.96750826,0.9779198,0.9345491,0.896904,0.9002795,0.8622933,0.88793844,0.05930072,0.060712956
2018-01-15,-0.03593117,-0.6574565205116968,-0.039493166,-0.08251463,-0.043177024,0.88526607,0.87488335,0.87179273,0.9429891,0.99169225,0.9885157,0.9674687,0.9779866,0.93439656,0.896681,0.9004652,0.86188906,0.88668853,0.059833884,0.061094362
2018-01-16,-0.03580285,-0.6627217308380037,-0.03935553,-0.08280849,-0.04333799,0.8843606,0.87391675,0.8711112,0.9421801,0.99224037,0.9886448,0.96742904,0.9780534,0.9342441,0.8964581,0.9006509,0.8614848,0.8854387,0.060367044,0.061475765
2018-01-17,-0.035674527,-0.6679869411643106,-0.039217893,-0.083102345,-0.043498956,0.88345516,0.8729501,0.87042964,0.94137114,0.99278855,0.9887739,0.96738946,0.9781202,0.93409157,0.8962351,0.90083665,0.8610806,0.8841888,0.060900208,0.06185717
2018-01-18,-0.035546206,-0.6732521514906171,-0.03908026,-0.083396204,-0.04365992,0.88254964,0.8719834,0.8697481,0.9405621,0.9933367,0.9889029,0.9673498,0.97818696,0.93393904,0.8960122,0.9010224,0.86067635,0.88293886,0.06143337,0.062238574
2018-01-19,-0.03541788,-0.6785173618169239,-0.03894262,-0.08369007,-0.043820888,0.8816442,0.87101674,0.86906654,0.9397531,0.99388486,0.98903203,0.9673102,0.9782538,0.9337865,0.8957892,0.9012081,0.8602721,0.881689,0.06196653,0.06261998
2018-01-20,-0.03528956,-0.6837825721432307,-0.038804986,-0.08398393,-0.043981858,0.88073874,0.8700501,0.868385,0.9389441,0.994433,0.98916113,0.9672706,0.9783206,0.933634,0.8955662,0.90139383,0.8598679,0.8804391,0.062499695,0.06300138
2018-01-21,-0.03516124,-0.6890477824695375,-0.03866735,-0.08427779,-0.044142824,0.8798332,0.86908346,0.86770344,0.93813515,0.9949811,0.98929024,0.967231,0.97838736,0.93348145,0.8953433,0.90157956,0.85946363,0.87918925,0.06303286,0.06338279
2018-01-22,-0.035032917,-0.6943129927958442,-0.038529713,-0.084571645,-0.04430379,0.87892777,0.8681168,0.8670219,0.93732613,0.9955293,0.98941934,0.9671914,0.9784542,0.9333289,0.8951203,0.9017653,0.8590594,0.87793934,0.06356602,0.06376419
2018-01-23,-0.03490459,-0.699578203122151,-0.038392078,-0.0848655,-0.044464756,0.8780223,0.8671501,0.86634034,0.9365171,0.9960774,0.98954844,0.96715176,0.97852093,0.9331764,0.8948974,0.901951,0.85865515,0.8766895,0.064099185,0.064145595
2018-01-24,-0.03477627,-0.7048434134484578,-0.03825444,-0.08515937,-0.044625722,0.8771168,0.86618346,0.8656588,0.9357081,0.9966256,0.9896775,0.9671121,0.97858775,0.93302387,0.8946744,0.9021367,0.8582509,0.8754396,0.06463234,0.064527
2018-01-25,-0.03464795,-0.7101086237747646,-0.038116805,-0.08545323,-0.044786688,0.87621135,0.86521685,0.86497724,0.93489915,0.9971737,0.9898066,0.96707255,0.97865456,0.9328714,0.89445144,0.9023224,0.85784674,0.87418973,0.065165505,0.06490841
2018-01-26,-0.034519628,-0.7153738341010714,-0.037979167,-0.085747086,-0.044947658,0.8753059,0.8642502,0.8642957,0.93409014,0.99772185,0.9899357,0.9670329,0.9787213,0.9327189,0.8942285,0.90250814,0.8574425,0.8729398,0.06569867,0.06528981
2018-01-27,-0.034391303,-0.7206390444273781,-0.037841532,-0.086040944,-0.045108624,0.87440044,0.8632835,0.86361414,0.9332811,0.99827003,0.9900648,0.9669933,0.97878814,0.93256634,0.89400554,0.90269387,0.85703826,0.8716899,0.06623183,0.06567121
2018-01-28,-0.03426298,-0.7259042547536849,-0.037703894,-0.0863348,-0.04526959,0.8734949,0.86231685,0.8629326,0.9324721,0.99881816,0.9901939,0.9669537,0.97885495,0.9324138,0.8937826,0.9028796,0.856634,0.87044007,0.066764995,0.066052616
2018-01-29,-0.03413466,-0.7311694650799916,-0.03756626,-0.08662867,-0.045430556,0.87258947,0.8613502,0.8622511,0.93166316,0.99936634,0.990323,0.96691406,0.9789217,0.9322613,0.89355963,0.9030653,0.8562298,0.86919016,0.06729816,0.06643402
2018-01-30,-0.03400634,-0.7364346754062985,-0.037428625,-0.08692253,-0.045591522,0.871684,0.86038357,0.8615695,0.93085414,0.99991447,0.99045205,0.9668745,0.9789885,0.93210876,0.89333665,0.90325105,0.85582554,0.8679403,0.067831315,0.06681543
2018-01-31,-0.033878013,-0.7416998857326051,-0.037290987,-0.087216385,-0.04575249,0.8707785,0.8594169,0.860888,0.9300451,1.0004627,0.99058115,0.96683484,0.9790553,0.93195623,0.89311373,0.9034368,0.8554213,0.8666904,0.06836448,0.06719683
2018-02-01,-0.033749692,-0.7469650960589119,-0.037153352,-0.08751024,-0.045913458,0.86987305,0.85845023,0.8602064,0.9292361,1.0010108,0.99071026,0.9667952,0.9791221,0.93180376,0.89289075,0.9036225,0.85501707,0.86544055,0.06889764,0.067578234
2018-02-02,-0.03362137,-0.7522303063852188,-0.037015714,-0.0878041,-0.046074424,0.8689676,0.85748357,0.8595249,0.92842716,1.0015589,0.99083936,0.9667556,0.9791889,0.93165123,0.89266783,0.90380824,0.8546128,0.86419064,0.069430806,0.06795964
2018-02-03,-0.03349305,-0.7574955167115256,-0.03687808,-0.08809797,-0.04623539,0.8680621,0.85651696,0.8588433,0.92761815,1.002107,0.99096847,0.966716,0.9792557,0.9314987,0.89244485,0.9039939,0.8542086,0.8629408,0.06996397,0.06834105
2018-02-04,-0.033364728,-0.7627607270378323,-0.03674044,-0.088391826,-0.046396356,0.8671566,0.8555503,0.8581618,0.92680913,1.0026553,0.99109757,0.9666764,0.9793225,0.9313462,0.8922219,0.90417963,0.85380435,0.8616909,0.07049713,0.06872245
2018-02-05,-0.033236403,-0.768025937364139,-0.036602806,-0.088685684,-0.046557326,0.8662512,0.8545836,0.8574802,0.9260001,1.0032034,0.9912266,0.9666368,0.97938925,0.93119365,0.89199895,0.90436536,0.8534001,0.86044097,0.07103029,0.06910385
2018-02-06,-0.03310808,-0.7732911476904458,-0.036465168,-0.08897954,-0.046718292,0.86534566,0.85361695,0.8567987,0.92519116,1.0037515,0.9913557,0.96659714,0.97945607,0.9310411,0.89177597,0.9045511,0.8529959,0.8591911,0.07156345,0.069485255
2018-02-07,-0.03297976,-0.7785563580167527,-0.036327533,-0.0892734,-0.046879258,0.8644402,0.8526503,0.8561171,0.92438215,1.0042996,0.9914848,0.96655756,0.9795229,0.9308886,0.89155304,0.9047368,0.85259163,0.8579412,0.072096616,0.06986666
2018-02-08,-0.03285144,-0.7838215683430594,-0.036189895,-0.08956727,-0.047040224,0.86353475,0.8516837,0.8554356,0.92357314,1.0048478,0.9916139,0.9665179,0.97958964,0.9307361,0.89133006,0.90492254,0.85218745,0.85669136,0.07262978,0.07024807
2018-02-09,-0.032723114,-0.789086778669366,-0.03605226,-0.089861125,-0.04720119,0.8626293,0.850717,0.85475403,0.9227641,1.005396,0.991743,0.96647835,0.97965646,0.9305836,0.89110714,0.9051083,0.8517832,0.85544145,0.07316294,0.07062947
2018-02-10,-0.032594793,-0.7943519889956729,-0.035914622,-0.09015498,-0.047362156,0.8617238,0.84975034,0.8540725,0.92195517,1.0059441,0.99187213,0.9664387,0.9797233,0.93043107,0.89088416,0.905294,0.851379,0.8541916,0.07369611,0.07101087
2018-02-11,-0.03246647,-0.7996171993219798,-0.035776988,-0.09044884,-0.047523126,0.8608183,0.8487837,0.85339093,0.92114615,1.0064923,0.9920012,0.9663991,0.97979003,0.93027854,0.8906612,0.9054797,0.85097474,0.8529417,0.07422926,0.071392275
2018-02-12,-0.03233815,-0.8048824096482865,-0.03563935,-0.0907427,-0.047684092,0.8599129,0.847817,0.8527094,0.92033714,1.0070404,0.9921303,0.9663595,0.97985685,0.930126,0.89043826,0.90566546,0.8505705,0.8516918,0.07476243,0.07177368
2018-02-13,-0.032209825,-0.8101476199745933,-0.035501715,-0.091036566,-0.04784506,0.85900736,0.8468504,0.85202783,0.9195281,1.0075885,0.9922594,0.96631986,0.9799236,0.9299735,0.8902153,0.9058511,0.85016626,0.85044193,0.07529559,0.07215509
2018-02-14,-0.032081503,-0.8154128303009001,-0.035364076,-0.091330424,-0.048006024,0.8581019,0.8458837,0.8513463,0.9187192,1.0081367,0.9923885,0.9662803,0.9799904,0.92982095,0.88999236,0.90603685,0.849762,0.849192,0.07582875,0.07253649
2018-02-15,-0.031953182,-0.8206780406272068,-0.035226442,-0.09162428,-0.04816699,0.85719645,0.84491706,0.85066473,0.91791016,1.0086849,0.9925176,0.96624064,0.98005724,0.9296685,0.8897694,0.9062226,0.8493578,0.8479422,0.07636192,0.07291789
2018-02-16,-0.03182486,-0.8259432509535136,-0.035088804,-0.09191814,-0.04832796,0.85629094,0.8439504,0.8499832,0.91710114,1.009233,0.9926467,0.966201,0.980124,0.92951596,0.88954645,0.9064083,0.84895355,0.84669226,0.07689508,0.073299296
2018-02-17,-0.03169654,-0.8312084612798203,-0.03495117,-0.092212,-0.048488926,0.8553855,0.8429838,0.84930164,0.91629213,1.0097811,0.99277574,0.96616143,0.9801908,0.9293634,0.8893235,0.90659404,0.8485493,0.8454424,0.07742824,0.07368071
2018-02-18,-0.031568214,-0.8364736716061271,-0.034813534,-0.092505865,-0.048649892,0.85448,0.8420171,0.8486201,0.9154832,1.0103292,0.99290484,0.9661218,0.9802576,0.9292109,0.8891005,0.90677977,0.84814507,0.8441925,0.0779614,0.07406211
2018-02-19,-0.031439893,-0.8417388819324337,-0.034675896,-0.09279972,-0.04881086,0.8535745,0.84105045,0.8479386,0.91467416,1.0108775,0.99303395,0.9660822,0.9803244,0.9290584,0.8888776,0.9069655,0.8477408,0.84294266,0.07849456,0.07444351
2018-02-20,-0.03131157,-0.8470040922587407,-0.03453826,-0.09309358,-0.048971824,0.85266906,0.8400838,0.847257,0.91386515,1.0114256,0.99316305,0.9660426,0.9803912,0.92890584,0.8886546,0.9071512,0.8473366,0.84169275,0.07902773,0.074824914
2018-02-21,-0.031183248,-0.8522693025850474,-0.034400623,-0.09338744,-0.049132794,0.8517636,0.8391171,0.8465755,0.91305614,1.0119737,0.99329215,0.96600294,0.98045796,0.9287533,0.88843167,0.90733695,0.84693235,0.84044284,0.07956089,0.07520632
2018-02-22,-0.031054927,-0.8575345129113542,-0.03426299,-0.0936813,-0.04929376,0.85085815,0.8381505,0.8458939,0.9122472,1.0125219,0.99342126,0.96596336,0.9805248,0.92860085,0.8882087,0.9075227,0.8465282,0.839193,0.080094054,0.07558773
2018-02-23,-0.030926604,-0.862799723237661,-0.03412535,-0.093975164,-0.049454726,0.84995264,0.83718383,0.8452124,0.91143817,1.01307,0.9935503,0.9659237,0.9805916,0.9284483,0.8879857,0.90770835,0.84612393,0.8379431,0.08062721,0.07596913
2018-02-24,-0.030798282,-0.8680649335639679,-0.033987716,-0.09426902,-0.049615692,0.8490472,0.83621716,0.8445308,0.91062915,1.0136182,0.9936794,0.9658841,0.98065835,0.9282958,0.8877628,0.9078941,0.8457197,0.8366932,0.081160374,0.07635053
2018-02-25,-0.03066996,-0.8733301438902745,-0.033850078,-0.09456288,-0.04977666,0.84814173,0.8352505,0.8438493,0.90982014,1.0141664,0.9938085,0.9658445,0.98072517,0.92814326,0.8875398,0.9080798,0.84531546,0.8354433,0.08169354,0.076731935
2018-02-26,-0.030541638,-0.8785953542165814,-0.033712443,-0.09485674,-0.049937624,0.8472362,0.8342839,0.8431677,0.9090112,1.0147145,0.9939376,0.9658049,0.9807919,0.92799073,0.8873169,0.90826553,0.8449112,0.83419347,0.0822267,0.077113345
2018-02-27,-0.030413315,-0.8838605645428881,-0.03357481,-0.0951506,-0.050098594,0.84633076,0.8333172,0.8424862,0.9082022,1.0152626,0.9940667,0.9657653,0.98085874,0.9278382,0.8870939,0.90845126,0.844507,0.83294356,0.082759865,0.07749475
2018-02-28,-0.030284993,-0.8891257748691949,-0.03343717,-0.09544446,-0.05025956,0.8454253,0.83235055,0.8418046,0.90739316,1.0158107,0.9941958,0.96572566,0.98092556,0.9276857,0.8868709,0.908637,0.84410274,0.8316937,0.08329303,0.07787615
2018-03-01,-0.030156672,-0.8943909851955016,-0.033299536,-0.09573832,-0.050420526,0.8445198,0.8313839,0.8411231,0.90658414,1.016359,0.99432486,0.965686,0.9809923,0.92753315,0.886648,0.9088227,0.8436985,0.8304438,0.083826184,0.07825755
2018-03-02,-0.030028349,-0.8996561955218085,-0.033161897,-0.09603218,-0.050581492,0.84361434,0.8304172,0.8404415,0.9057752,1.0169071,0.99445397,0.96564645,0.98105913,0.9273806,0.886425,0.90900844,0.84329426,0.8291939,0.08435935,0.078638956
2018-03-03,-0.029900027,-0.9049214058481152,-0.033024263,-0.09632604,-0.05074246,0.8427089,0.8294506,0.83976,0.9049662,1.0174552,0.9945831,0.9656068,0.98112595,0.92722815,0.8862021,0.9091942,0.84289,0.82794404,0.08489251,0.079020366
2018-03-04,-0.029771704,-0.910186616174422,-0.032886624,-0.0966199,-0.05090343,0.8418034,0.82848394,0.8390784,0.90415716,1.0180033,0.9947122,0.96556723,0.9811927,0.9270756,0.8859791,0.90937984,0.8424858,0.82669413,0.085425675,0.07940177
2018-03-05,-0.029643383,-0.9154518265007288,-0.03274899,-0.096913755,-0.051064394,0.8408979,0.8275173,0.8383969,0.90334815,1.0185515,0.9948413,0.9655276,0.9812595,0.9269231,0.8857562,0.90956557,0.84208155,0.8254443,0.08595884,0.07978317
2018-03-06,-0.02951506,-0.9207170368270354,-0.03261135,-0.09720762,-0.05122536,0.83999246,0.8265506,0.8377153,0.9025392,1.0190997,0.9949704,0.96548796,0.9813263,0.92677057,0.8855332,0.9097513,0.8416773,0.8241944,0.086492,0.080164574
2018-03-07,-0.029386738,-0.9259822471533422,-0.032473717,-0.09750148,-0.051386327,0.83908695,0.82558393,0.8370338,0.9017302,1.0196478,0.9950994,0.9654484,0.9813931,0.92661804,0.88531023,0.909937,0.84127307,0.8229445,0.08702516,0.08054598
2018-03-08,-0.029258415,-0.9312474574796491,-0.03233608,-0.09779534,-0.051547293,0.8381815,0.8246173,0.8363522,0.90092117,1.020196,0.9952285,0.96540874,0.9814599,0.9264655,0.8850873,0.91012275,0.8408689,0.8216946,0.08755832,0.08092739
2018-03-09,-0.029130094,-0.9365126678059558,-0.032198444,-0.098089196,-0.05170826,0.83727604,0.82365066,0.8356707,0.90011215,1.0207441,0.99535763,0.96536916,0.9815267,0.92631304,0.88486433,0.9103085,0.84046465,0.82044476,0.088091485,0.08130879
2018-03-10,-0.02900177,-0.9417778781322625,-0.032060806,-0.098383054,-0.05186923,0.8363706,0.822684,0.8349892,0.8993032,1.0212922,0.99548674,0.9653295,0.9815935,0.9261605,0.8846414,0.9104942,0.8400604,0.81919485,0.08862465,0.08169019
2018-03-11,-0.02887345,-0.9470430884585692,-0.03192317,-0.09867692,-0.052030195,0.8354651,0.8217173,0.8343076,0.8984942,1.0218405,0.99561584,0.9652899,0.98166025,0.926008,0.8844184,0.91067994,0.8396562,0.81794494,0.08915781,0.082071595
2018-03-12,-0.028745126,-0.952308298784876,-0.031785533,-0.09897078,-0.05219116,0.8345596,0.8207507,0.8336261,0.89768517,1.0223886,0.99574494,0.9652503,0.98172706,0.92585546,0.88419545,0.91086566,0.83925194,0.8166951,0.089690976,0.082453005
2018-03-13,-0.028616805,-0.957573509111183,-0.0316479,-0.09926464,-0.052352127,0.83365417,0.81978405,0.8329445,0.89687616,1.0229367,0.995874,0.9652107,0.9817939,0.9257029,0.8839725,0.9110514,0.8388477,0.8154452,0.09022413,0.08283441
2018-03-14,-0.028350728,-0.9634114896107103,-0.031362858,-0.09946888,-0.052461747,0.8324141,0.8184667,0.83194625,0.89585,1.0234998,0.9959391,0.9651037,0.9818144,0.92553425,0.8837992,0.91141754,0.8385508,0.81421053,0.09094348,0.083381705
2018-03-15,-0.027996093,-0.9696176795073079,-0.030983055,-0.099615514,-0.052538358,0.83095896,0.8169241,0.8307444,0.89468426,1.0240726,0.99596304,0.96495336,0.98180515,0.92535514,0.8836578,0.9118998,0.8383229,0.8129856,0.09178251,0.08403566
2018-03-16,-0.027598707,-0.9760016256645605,-0.030557508,-0.09973433,-0.05259903,0.82940006,0.81527257,0.8294442,0.89345104,1.0246501,0.9959671,0.9647822,0.98178154,0.92517096,0.8835318,0.91243804,0.8381283,0.8117654,0.09267932,0.084741086
2018-03-17,-0.027200982,-0.9823869825857863,-0.030131599,-0.099852934,-0.05265958,0.82784027,0.8136202,0.8281433,0.89221734,1.0252275,0.995971,0.9646108,0.9817578,0.9249868,0.8834059,0.9129767,0.837934,0.8105452,0.093576595,0.08544693
2018-03-18,-0.026841937,-0.9886115124140389,-0.029747076,-0.09999669,-0.052734546,0.8263744,0.8120663,0.82693124,0.8910446,1.0258008,0.9959929,0.96445835,0.9817471,0.9248072,0.8832661,0.9134647,0.83770955,0.80932075,0.09442159,0.08610619
2018-03-19,-0.0265572,-0.994527084932106,-0.029442068,-0.1001888,-0.052837208,0.8250891,0.81070155,0.82589006,0.889989,1.026366,0.99604934,0.96434224,0.98176134,0.9246363,0.8830995,0.9138554,0.8374272,0.8080881,0.095166154,0.086675964
2018-03-20,-0.026379,-0.9999996775625098,-0.029251061,-0.10045021,-0.052979585,0.82406247,0.809608,0.82509387,0.8891014,1.0269196,0.99615526,0.9642782,0.9818114,0.9244779,0.8828945,0.9141064,0.8370618,0.80684376,0.09576672,0.08711743
2018-03-21,-0.02633618,-1.0049093753675074,-0.029204918,-0.100799695,-0.05317242,0.8233647,0.80885893,0.8246089,0.8884272,1.0274584,0.99632406,0.9642804,0.9819069,0.9243354,0.8826408,0.9141801,0.83659095,0.80558443,0.09618433,0.08739587
2018-03-22,-0.02645419,-1.0091503710490897,-0.029330866,-0.10125381,-0.053425208,0.8230575,0.80851924,0.8244937,0.8880065,1.0279797,0.9965676,0.9643613,0.98205644,0.92421186,0.88232905,0.9140431,0.8359948,0.8043074,0.09638456,0.08748062
2018-03-23,-0.02675508,-1.0126309649489824,-0.029652508,-0.10182689,-0.05374616,0.8231944,0.80864507,0.824799,0.8878742,1.0284811,0.99689615,0.9645316,0.98226744,0.92410976,0.8819514,0.9136665,0.8352561,0.80301017,0.09633763,0.08734513
2018-03-24,-0.027257511,-1.0152735650486462,-0.03018981,-0.10253109,-0.05414224,0.8238208,0.8092838,0.8255676,0.88805956,1.0289607,0.9973183,0.9648005,0.98254615,0.9240313,0.88150114,0.91302586,0.8343604,0.80169076,0.0960183,0.086966924
2018-03-25,-0.027976757,-1.0170146869692758,-0.030959113,-0.10337634,-0.05461913,0.8249739,0.81047446,0.82683474,0.88858676,1.0294166,0.99784124,0.96517545,0.9828977,0.9239784,0.8809728,0.91210115,0.83329576,0.8003474,0.09540594,0.08632762
2018-03-26,-0.028924689,-1.0178049539717997,-0.03197312,-0.104370356,-0.055181265,0.8266823,0.8122471,0.82862765,0.88947445,1.0298475,0.9984704,0.9656622,0.9833261,0.92395234,0.88036203,0.9108768,0.8320529,0.7989788,0.09448451,0.08541291
2018-03-27,-0.03010979,-1.0176090969568827,-0.03324091,-0.10551866,-0.055831805,0.82896674,0.8146235,0.8309659,0.89073604,1.0302527,0.9992098,0.96626496,0.9838341,0.9239541,0.8796658,0.90934175,0.83062524,0.79758406,0.093242526,0.08421258
2018-03-28,-0.03153715,-1.0164059544649224,-0.03476793,-0.10682458,-0.056572646,0.83183956,0.8176164,0.83386105,0.8923796,1.0306315,1.0000618,0.96698624,0.9844235,0.9239844,0.8788822,0.90748936,0.8290089,0.79616266,0.09167312,0.0827205
2018-03-29,-0.033208463,-1.014188472676052,-0.036555994,-0.10828919,-0.057404418,0.8353049,0.8212303,0.8373171,0.8944077,1.0309838,1.0010271,0.96782684,0.9850949,0.9240433,0.87801075,0.9053173,0.8272024,0.7947143,0.089774005,0.08093464
2018-03-30,-0.03512204,-1.0109637054101384,-0.038603287,-0.10991141,-0.05832649,0.83935857,0.82546073,0.84133023,0.8968177,1.0313097,1.0021049,0.96878594,0.9858477,0.9241307,0.877052,0.90282786,0.8252071,0.79323924,0.087547466,0.07885702
2018-03-31,-0.03727278,-1.0067528141267834,-0.04090436,-0.11168792,-0.059336968,0.8439883,0.8302949,0.84588856,0.89960164,1.0316098,1.003293,0.96986103,0.98668015,0.92424595,0.8760078,0.9000277,0.823027,0.79173803,0.08500038,0.07649378
2018-04-01,-0.039652213,-1.0015910679253233,-0.043450143,-0.1136132,-0.060432684,0.8491734,0.8357111,0.8509727,0.9027461,1.031885,1.0045873,0.97104794,0.9875895,0.92438805,0.8748812,0.8969279,0.8206688,0.7902116,0.08214422,0.07385514
2018-04-02,-0.042248454,-0.9955278435448286,-0.04622792,-0.11567953,-0.06160922,0.8548851,0.84167916,0.85655534,0.9062323,1.0321366,1.0059824,0.97234094,0.9885716,0.92455566,0.8736764,0.893544,0.8181416,0.78866124,0.07899503,0.070955396
2018-04-03,-0.04509355,-0.988626625364105,-0.049322445,-0.117966436,-0.06291167,0.8614246,0.84851813,0.8629353,0.91281724,1.0347152,1.0095177,0.9754925,0.99134165,0.92625594,0.8737633,0.89125663,0.81667453,0.78845346,0.075424895,0.0676746
2018-04-04,-0.04815194,-0.980965005401692,-0.05267764,-0.12042982,-0.06431494,0.86862576,0.8560527,0.8699505,0.92147815,1.0387839,1.0144534,0.97986484,0.99527895,0.92894775,0.8746613,0.88960415,0.8158475,0.7891029,0.07151209,0.06408463
2018-04-05,-0.051385842,-0.9726346833158639,-0.056236293,-0.123025596,-0.06579392,0.8763225,0.86410767,0.8774391,0.9312557,1.0435642,1.0200992,0.98486215,0.9998042,0.9321268,0.87592477,0.88816327,0.81527287,0.7901582,0.067335814,0.060258042
2018-04-06,-0.054839604,-0.9652057335017383,-0.059979837,-0.1255545,-0.06723211,0.88465995,0.8728844,0.88554144,0.93821836,1.0461576,1.0239338,0.9882493,1.0026658,0.9337753,0.8758326,0.88502914,0.81321424,0.7896739,0.06280094,0.056125715
2018-04-07,-0.058440853,-0.958275118362377,-0.06383458,-0.12802787,-0.06863702,0.89336115,0.88207376,0.89398897,0.942617,1.0466796,1.0260355,0.99011403,1.0039786,0.93401617,0.8744768,0.8803969,0.80984265,0.78781235,0.058051102,0.05181241
2018-04-08,-0.06222545,-0.9490869587865898,-0.06782455,-0.13082758,-0.070234194,0.9017964,0.8909323,0.9021965,0.9448422,1.044652,1.0259778,0.9901717,1.0035762,0.9326681,0.8713779,0.87398946,0.8049452,0.78437144,0.053377558,0.047547888
2018-04-09,-0.06608201,-0.9381967834288697,-0.07184077,-0.13382359,-0.07194791,0.90983295,0.89932823,0.9100269,0.9450675,1.0404131,1.024025,0.9886434,1.0016716,0.9299591,0.86683786,0.86617166,0.7988268,0.779635,0.04886325,0.04341275
2018-04-10,-0.06990169,-0.9261511067177078,-0.07577651,-0.13689122,-0.07370562,0.917337,0.9071282,0.91734296,0.94345856,1.0342917,1.0204308,0.98574156,0.99847037,0.92610854,0.861147,0.8572972,0.79178166,0.7738744,0.04459146,0.039487407
2018-04-11,-0.073904745,-0.914893120300776,-0.079754524,-0.14050516,-0.075605966,0.9252677,0.9149067,0.9244898,0.941024,1.0276362,1.016435,0.98259854,0.9950295,0.9220844,0.8553715,0.8484676,0.78476936,0.76805,0.04042141,0.035743784
2018-04-12,-0.07787072,-0.9044492774955656,-0.08359141,-0.14433943,-0.077522695,0.93309814,0.92227405,0.93115747,0.9376099,1.0203867,1.0119164,0.9790771,0.9912316,0.91781753,0.84949714,0.8397433,0.7778209,0.76215756,0.036517177,0.032300647
2018-04-13,-0.08158971,-0.8948716403355655,-0.08711163,-0.14808805,-0.07933687,0.94032735,0.9288567,0.93704796,0.9330752,1.0124986,1.0067683,0.97505414,0.9869727,0.9132485,0.84351796,0.83119243,0.770973,0.7561975,0.033037636,0.02927393
2018-04-14,-0.08505274,-0.8854464409811559,-0.090351164,-0.1515889,-0.081007786,0.94694245,0.9347814,0.94231254,0.92759204,1.0039219,1.0009874,0.9705137,0.9822259,0.9083501,0.8373668,0.82264125,0.7641199,0.7501541,0.029879205,0.026547484
2018-04-15,-0.08812702,-0.8760441828422005,-0.093210064,-0.1546125,-0.082451984,0.9526299,0.93984914,0.94680536,0.92113394,0.99463594,0.9945223,0.96538806,0.9769325,0.90308917,0.83103305,0.8140996,0.7572665,0.744031,0.027114697,0.024164144
2018-04-16,-0.090693705,-0.8665468704048254,-0.09559987,-0.15695155,-0.08359456,0.95711046,0.9438853,0.95040005,0.9136928,0.98463553,0.9873376,0.959625,0.9710484,0.89744264,0.82451254,0.8055807,0.75042063,0.73783654,0.024807146,0.022159811
2018-04-17,-0.09264794,-0.8568480092314193,-0.09744357,-0.15842104,-0.08436917,0.96013886,0.94674015,0.9529898,0.90527874,0.97392994,0.9794144,0.95318824,0.9645436,0.89139766,0.81780773,0.7971005,0.7435935,0.7315832,0.023009796,0.02056346
2018-04-18,-0.093898796,-0.8468526059606333,-0.09867568,-0.15885817,-0.084718026,0.96150374,0.9482883,0.9544875,0.8959207,0.9625434,0.9707498,0.9460569,0.95740277,0.8849517,0.81092757,0.78867847,0.7367995,0.72528785,0.021766111,0.019397143
2018-04-19,-0.09436933,-0.8364771683073812,-0.09924215,-0.15812236,-0.08459193,0.9610281,0.9484292,0.95482546,0.88566566,0.95051503,0.9613569,0.9382259,0.94962496,0.8781123,0.8038878,0.7803371,0.7300561,0.71897185,0.021109771,0.018675981
2018-04-20,-0.09399653,-0.8256497050628392,-0.099100426,-0.1560953,-0.083950244,0.9585688,0.9470869,0.95395553,0.8745793,0.93789864,0.9512652,0.92970586,0.94122356,0.8708973,0.7967106,0.77210194,0.723384,0.7126608,0.02106467,0.018408174
2018-04-21,-0.09273136,-0.8143097260944462,-0.098219424,-0.15268087,-0.08276088,0.9540168,0.9442099,0.95184916,0.8627456,0.924763,0.9405203,0.9205228,0.9322265,0.8633346,0.7894248,0.76400185,0.71680725,0.7063847,0.021644922,0.01859499
2018-04-22,-0.09053872,-0.802408242345904,-0.09657956,-0.14780523,-0.08100033,0.94729716,0.9397716,0.9484975,0.850267,0.9111918,0.92918384,0.9107186,0.92267597,0.85546243,0.78206575,0.75606865,0.7103528,0.7001781,0.022854852,0.019230774
2018-04-23,-0.087397486,-0.7899077658371763,-0.094172694,-0.14141673,-0.078653656,0.93836904,0.93376976,0.9439109,0.83726436,0.8972834,0.91733366,0.9003509,0.9126288,0.8473292,0.77467555,0.7483375,0.7040509,0.69407964,0.024689004,0.020302946
2018-04-24,-0.08330049,-0.7767823096644894,-0.09100219,-0.13348596,-0.07571446,0.9272255,0.9262271,0.9381196,0.82387704,0.883151,0.9050638,0.88949275,0.9021561,0.8389934,0.7673027,0.7408466,0.6979351,0.6881325,0.027132139,0.021791996
2018-04-25,-0.07825452,-0.7630173880003327,-0.087082885,-0.12400579,-0.07218496,0.9138938,0.91719055,0.93117326,0.8102627,0.8689229,0.8924845,0.87823296,0.8913435,0.8305239,0.76000243,0.73363715,0.69204205,0.6823843,0.030159231,0.023671493
2018-04-26,-0.07228031,-0.7486100160934579,-0.08244108,-0.11299126,-0.06807587,0.8984353,0.9067321,0.92314106,0.7965975,0.85474193,0.879722,0.866676,0.88029087,0.8219996,0.7528365,0.72675383,0.6864115,0.67688686,0.033735473,0.025908073
2018-04-27,-0.06541255,-0.7335687102688789,-0.07711457,-0.10047968,-0.06340654,0.8809454,0.894948,0.91411185,0.783076,0.840766,0.86691886,0.854942,0.86911273,0.81350976,0.7458733,0.72024417,0.68108654,0.6716965,0.03781627,0.028461453
2018-04-28,-0.057699915,-0.7179134879278728,-0.07115262,-0.08653059,-0.058204837,0.86155343,0.8819594,0.90419394,0.7699113,0.82716775,0.8542336,0.84316677,0.8579379,0.8051537,0.7391877,0.7141591,0.6761133,0.6668738,0.042347256,0.031284418
2018-04-29,-0.049205005,-0.7016758675479786,-0.06461597,-0.07122576,-0.052507218,0.840423,0.8679118,0.8935152,0.7573347,0.81413466,0.84184116,0.83150166,0.84690964,0.79704106,0.7328614,0.7085523,0.6715412,0.6624839,0.04726426,0.034322824
2018-04-30,-0.04000439,-0.6848988686829985,-0.057576858,-0.054669194,-0.0463587,0.8177515,0.8529757,0.8822232,0.74559623,0.80186903,0.82993233,0.82011384,0.83618563,0.78929156,0.7269825,0.7034811,0.6674229,0.6585961,0.05249334,0.037515614
2018-05-01,-0.030188601,-0.6676370119629969,-0.050118975,-0.036987122,-0.039812863,0.7937708,0.83734596,0.87048477,0.73496413,0.7905882,0.8187143,0.80918604,0.82593805,0.7820352,0.7216456,0.6990056,0.66381407,0.6552842,0.057950772,0.040794794
2018-05-02,-0.01986212,-0.6499563190943005,-0.042337496,-0.018328022,-0.032931853,0.76874644,0.82124215,0.85848653,0.72572505,0.7805241,0.80841035,0.79891664,0.81635344,0.7754121,0.7169522,0.6951892,0.66077363,0.6526264,0.063543044,0.04408544
2018-05-03,-0.009143388,-0.6319343128594991,-0.034339085,0.0011374081,-0.025786387,0.74297816,0.80490834,0.84643465,0.7181843,0.7719236,0.79925984,0.78951967,0.80763274,0.7695727,0.71301013,0.6920983,0.6583638,0.6507052,0.06916686,0.04730571
2018-05-04,0.0019005699,-0.6136600171174446,-0.026102202,0.02133984,-0.018385561,0.71633244,0.7881189,0.8340932,0.70882267,0.76180273,0.78869057,0.778793,0.7976144,0.76259243,0.7080488,0.6879229,0.65496796,0.6477216,0.0749144,0.05055799
2018-05-05,0.013142624,-0.5952339568032518,-0.017715383,0.042100463,-0.010796583,0.6890396,0.77102166,0.82157177,0.69685215,0.7494834,0.7761425,0.76626664,0.7858292,0.7540288,0.70163494,0.6821828,0.6501599,0.64321226,0.08072319,0.053802803
2018-05-06,0.024442855,-0.5767681579282977,-0.009276149,0.06322043,-0.00309397,0.66135573,0.7537805,0.80899113,0.68143445,0.7342446,0.7610214,0.7514431,0.77177984,0.74341244,0.6933082,0.67436755,0.64348674,0.63668454,0.08652459,0.056997154
2018-05-07,0.035765123,-0.5563628622563843,-0.0008360445,0.08426648,0.0045141885,0.63313293,0.736055,0.7960665,0.6658752,0.7183316,0.7452949,0.7361193,0.7573087,0.73238873,0.68439144,0.6660355,0.6363777,0.6297279,0.09248605,0.06029124
2018-05-08,0.046978213,-0.5335580140326376,0.0075055957,0.10493664,0.01190161,0.6045523,0.71788764,0.7828188,0.6504694,0.7018225,0.72906405,0.7204251,0.742559,0.7210643,0.67490286,0.65723264,0.6288876,0.62241215,0.098597944,0.0636929
2018-05-09,0.05808994,-0.5111894148780859,0.015776712,0.12542248,0.019236881,0.57631135,0.69994044,0.7697208,0.63532776,0.6856331,0.713142,0.7050193,0.72807604,0.7099751,0.66565865,0.6486654,0.6216074,0.6153141,0.1046402,0.06706093
2018-05-10,0.068991706,-0.48972447450972345,0.023901744,0.14552647,0.026464133,0.5487737,0.6824492,0.75693303,0.6207332,0.6701062,0.6978597,0.6902105,0.7141456,0.69937307,0.65692055,0.640586,0.614762,0.60866714,0.11053821,0.07035932
2018-05-11,0.079566866,-0.4696652255865449,0.031799532,0.16503651,0.033523347,0.52233016,0.66566724,0.7446278,0.6069896,0.6556095,0.6835726,0.6763305,0.7010747,0.68952876,0.6489698,0.63326555,0.60859305,0.6027217,0.116211824,0.073549375
2018-05-12,0.09014203,-0.4496059766633662,0.039697323,0.18454656,0.040582564,0.49588665,0.64888525,0.7323225,0.593246,0.6411128,0.6692855,0.6624505,0.68800384,0.6796845,0.64101905,0.62594503,0.602424,0.5967763,0.12188545,0.07673942
2018-05-13,0.10071719,-0.4295467277401875,0.047595114,0.2040566,0.04764178,0.46944314,0.63210326,0.72001725,0.5795024,0.6266161,0.65499836,0.6485705,0.67493296,0.6698403,0.63306826,0.61862457,0.596255,0.59083086,0.12755907,0.07992948
2018-05-14,0.11129234,-0.4094874788170088,0.055492904,0.22356664,0.054700997,0.44299963,0.6153213,0.707712,0.5657588,0.6121195,0.6407113,0.6346905,0.6618621,0.659996,0.6251175,0.61130404,0.590086,0.5848854,0.1332327,0.083119534
2018-05-15,0.1218675,-0.38942822989383014,0.063390695,0.24307668,0.061760213,0.41655612,0.5985393,0.69540673,0.5520152,0.5976228,0.6264242,0.6208105,0.64879113,0.6501517,0.61716676,0.6039836,0.58391696,0.57894,0.13890631,0.08630959
2018-05-16,0.13244265,-0.3693689809706515,0.07128848,0.2625867,0.068819426,0.3901126,0.5817573,0.6831015,0.5382716,0.5831261,0.6121371,0.6069305,0.63572025,0.6403074,0.609216,0.5966631,0.57774794,0.57299453,0.14457993,0.08949964
2018-05-17,0.14301781,-0.34930973204747284,0.079186276,0.28209677,0.07587864,0.3636691,0.5649753,0.6707962,0.524528,0.56862944,0.59784997,0.5930505,0.6226494,0.6304632,0.6012652,0.5893426,0.5715789,0.56704915,0.15025356,0.09268969
2018-05-18,0.15359297,-0.32925048312429417,0.08708406,0.3016068,0.08293786,0.3372256,0.54819334,0.658491,0.5107844,0.5541328,0.58356285,0.57917047,0.6095785,0.62061894,0.5933144,0.58202213,0.5654099,0.5611037,0.15592718,0.09587975
2018-05-19,0.16416813,-0.3091912342011155,0.09498185,0.32111686,0.089997075,0.31078207,0.53141135,0.64618576,0.4970408,0.53963614,0.56927574,0.5652905,0.59650755,0.61077464,0.5853636,0.5747016,0.5592409,0.55515826,0.1616008,0.0990698
2018-05-20,0.1747433,-0.28913198527793676,0.10287964,0.3406269,0.09705629,0.28433856,0.5146294,0.6338805,0.4832972,0.52513945,0.5549887,0.5514105,0.58343667,0.6009304,0.5774129,0.56738114,0.55307186,0.5492128,0.16727443,0.10225985
2018-05-21,0.18531846,-0.2690727363547581,0.11077743,0.36013693,0.10411551,0.25789505,0.4978474,0.62157524,0.4695536,0.51064277,0.54070157,0.5375305,0.5703658,0.5910861,0.5694621,0.5600607,0.5469029,0.54326737,0.17294805,0.10544991
2018-05-22,0.19589362,-0.24901348743157944,0.11867522,0.379647,0.111174725,0.23145156,0.48106545,0.60927,0.45581,0.4961461,0.52641445,0.52365047,0.5572949,0.58124185,0.56151134,0.55274016,0.5407339,0.537322,0.17862168,0.10863996
2018-05-23,0.20646876,-0.22895423850840077,0.12657301,0.39915702,0.11823394,0.20500804,0.46428347,0.5969647,0.4420664,0.48164943,0.51212734,0.5097705,0.54422396,0.57139754,0.55356055,0.5454197,0.53456485,0.53137654,0.1842953,0.11183001
2018-05-24,0.21704392,-0.2088949895852221,0.1344708,0.41866705,0.12529315,0.17856453,0.44750148,0.58465946,0.4283228,0.46715277,0.49784026,0.4958905,0.5311531,0.5615533,0.54560983,0.53809917,0.52839583,0.5254311,0.18996891,0.11502007
2018-05-25,0.22761908,-0.18883574066204342,0.14236858,0.4381771,0.13235237,0.15212102,0.4307195,0.5723542,0.41457918,0.4526561,0.48355314,0.48201048,0.5180822,0.55170906,0.53765905,0.5307787,0.5222268,0.51948565,0.19564255,0.11821012
2018-05-26,0.23819424,-0.16877649173886475,0.15026638,0.45768714,0.13941158,0.12567751,0.4139375,0.56004894,0.4008356,0.43815944,0.46926606,0.4681305,0.5050113,0.54186475,0.52970827,0.5234582,0.5160578,0.51354027,0.20131616,0.12140017
2018-05-27,0.2487694,-0.14871724281568605,0.15816417,0.4771972,0.1464708,0.099234,0.39715555,0.54774374,0.387092,0.42366275,0.45497894,0.45425048,0.4919404,0.5320205,0.5217575,0.5161377,0.50988877,0.5075948,0.20698978,0.124590226
2018-05-28,0.25934455,-0.12865799389250737,0.16606195,0.49670723,0.15353002,0.07279049,0.38037357,0.5354385,0.37334839,0.4091661,0.44069183,0.4403705,0.4788695,0.5221762,0.51380676,0.50881726,0.50371975,0.5016494,0.21266341,0.12778027
2018-05-29,0.26991972,-0.1085987449693287,0.17395975,0.5162173,0.16058923,0.046346977,0.36359158,0.5231332,0.3596048,0.3946694,0.42640474,0.4264905,0.46579862,0.51233196,0.505856,0.50149673,0.49755076,0.49570394,0.21833703,0.13097033
2018-05-30,0.28049487,-0.08853949604615004,0.18185754,0.5357273,0.16764845,0.01990347,0.3468096,0.51082796,0.3458612,0.38017276,0.41211763,0.4126105,0.4527277,0.5024877,0.4979052,0.49417627,0.49138173,0.48975852,0.22401065,0.13416038
2018-05-31,0.29107004,-0.06848024712297136,0.18975534,0.55523735,0.17470767,-0.006540041,0.3300276,0.4985227,0.3321176,0.36567608,0.39783052,0.3987305,0.43965682,0.49264342,0.4899544,0.48685578,0.4852127,0.48381308,0.22968428,0.13735044
2018-06-01,0.3016452,-0.04842099819979268,0.19765311,0.5747474,0.18176688,-0.032983553,0.31324565,0.48621744,0.318374,0.35117942,0.38354343,0.3848505,0.4265859,0.48279914,0.48200366,0.47953528,0.4790437,0.47786766,0.2353579,0.1405405
2018-06-02,0.31222036,-0.028361749276614015,0.20555091,0.5942574,0.1888261,-0.05942706,0.29646367,0.47391218,0.3046304,0.33668274,0.36925632,0.3709705,0.41351503,0.4729549,0.47405288,0.4722148,0.47287467,0.47192222,0.24103151,0.14373055
2018-06-03,0.3227955,-0.008302500353435334,0.2134487,0.6137675,0.19588532,-0.08587057,0.27968168,0.46160695,0.2908868,0.32218608,0.35496923,0.3570905,0.40044415,0.46311063,0.46610212,0.46489432,0.46670568,0.4659768,0.24670514,0.1469206
2018-06-04,0.3333707,0.01175674856974334,0.22134648,0.63327754,0.20294453,-0.11231408,0.2628997,0.4493017,0.2771432,0.3076894,0.34068212,0.3432105,0.38737324,0.45326635,0.45815134,0.45757383,0.46053666,0.46003136,0.25237876,0.15011065
2018-06-05,0.34394583,0.03139902554137294,0.22924428,0.65278757,0.21000375,-0.13875759,0.24611773,0.43699643,0.2633996,0.29319274,0.326395,0.3293305,0.37430236,0.44342208,0.4502006,0.45025334,0.45436764,0.45408592,0.25805238,0.1533007
2018-06-06,0.35452098,0.05077324911557814,0.23714207,0.6722976,0.21706297,-0.1652011,0.22933574,0.42469117,0.249656,0.27869606,0.31210792,0.3154505,0.36123145,0.4335778,0.4422498,0.44293284,0.44819862,0.4481405,0.263726,0.15649076
2018-06-07,0.36545184,0.07088044356539681,0.24537925,0.6920912,0.22431949,-0.19379334,0.21084926,0.41112465,0.23522034,0.26341352,0.29713836,0.30101103,0.34769085,0.42343003,0.4340656,0.43534273,0.4419564,0.4420556,0.2702873,0.16012558
2018-06-08,0.37661135,0.09154099553900624,0.25383464,0.7120672,0.23170288,-0.2237669,0.19126701,0.3967473,0.22033979,0.24762574,0.28173015,0.2862119,0.33384833,0.4130871,0.42573133,0.42757928,0.43566713,0.43588108,0.2774193,0.16404632
2018-06-09,0.38788122,0.11258626222676292,0.26239532,0.7321312,0.23914748,-0.2544073,0.17115578,0.3819785,0.20524445,0.23159407,0.2661101,0.27123913,0.31986004,0.40264997,0.41732463,0.41973215,0.42935514,0.4296633,0.28482676,0.1681051
2018-06-10,0.39915198,0.13385857136120252,0.27095687,0.7521959,0.2465926,-0.28505298,0.15104035,0.36720663,0.19014741,0.21556047,0.25048837,0.256265,0.30587056,0.3922121,0.40891734,0.41188437,0.42304298,0.42344514,0.2922364,0.17216496
2018-06-11,0.41032287,0.15521122121704,0.27942312,0.7721809,0.25398228,-0.31509534,0.13140352,0.35278887,0.1752447,0.19974753,0.2350583,0.24144797,0.292013,0.38185942,0.4005756,0.40411228,0.41675135,0.41726616,0.29939678,0.17609994
2018-06-12,0.4209347,0.17708753805019808,0.28745195,0.7913746,0.26109886,-0.3418295,0.11422107,0.3399902,0.16108009,0.18485932,0.22031912,0.22709501,0.2784664,0.37161157,0.39230925,0.39654884,0.41029832,0.4110883,0.3052143,0.17947221
2018-06-13,0.43103537,0.19915595499152564,0.2950548,0.8099386,0.26795563,-0.36552033,0.09934365,0.32877043,0.14768524,0.17090087,0.20631528,0.2132791,0.26532012,0.36156052,0.38419092,0.38923454,0.40377277,0.4049706,0.3097898,0.18229295
2018-06-14,0.44067252,0.22111013821254896,0.3022452,0.8280258,0.27456677,-0.38643247,0.08661771,0.31908154,0.13508375,0.15787017,0.19308229,0.20006338,0.2526533,0.3517895,0.37628633,0.38220483,0.39725682,0.39896697,0.31322476,0.18457644
2018-06-15,0.4498935,0.24266898692547179,0.3090387,0.8457803,0.28094715,-0.40483072,0.07588555,0.3108675,0.12329111,0.14575823,0.18064682,0.18750122,0.24053498,0.34237272,0.3686541,0.37549007,0.3908258,0.39312592,0.31562126,0.18633986
2018-06-16,0.4587454,0.2635766333831754,0.31545305,0.8633376,0.28711236,-0.42097983,0.06698528,0.3040643,0.11231481,0.13454899,0.1690267,0.17563625,0.22902405,0.33337542,0.361346,0.3691155,0.3845484,0.38749084,0.31708187,0.18760344
2018-06-17,0.4670866,0.28457664187353604,0.32300422,0.87667066,0.2924083,-0.43679655,0.058349945,0.29759243,0.10201248,0.124090105,0.15840079,0.1648125,0.21877006,0.32589236,0.35554373,0.3644036,0.37977266,0.38335067,0.3195187,0.18931916
2018-06-18,0.47503096,0.30511568251853366,0.33117974,0.8873809,0.29709154,-0.45195556,0.050309625,0.2917319,0.092426084,0.11439766,0.14870849,0.15494323,0.20959699,0.31960014,0.35087892,0.36090434,0.3760943,0.38029146,0.32238945,0.19118157
2018-06-19,0.48268726,0.3246896535299466,0.3395061,0.89695865,0.30140296,-0.46617225,0.04315572,0.28673,0.08358605,0.105477564,0.13988458,0.14593948,0.2013335,0.314192,0.34700415,0.3581947,0.3731341,0.3779248,0.3251971,0.19291107
2018-06-20,0.49225786,0.34164066325127906,0.34685832,0.91832244,0.30779186,-0.4807359,0.037667822,0.28352505,0.07500754,0.096602544,0.13102613,0.13684578,0.19281217,0.30833077,0.3425253,0.35438672,0.36952323,0.37453985,0.3259566,0.1933025
2018-06-21,0.5030923,0.35599271534464694,0.35308737,0.94861937,0.31567326,-0.49489564,0.0338718,0.28204033,0.066877775,0.088016294,0.12235606,0.12787765,0.18422833,0.30211702,0.3375184,0.34964418,0.36529452,0.3702808,0.3248087,0.19246784
2018-06-22,0.5145869,0.3677894105777756,0.35806614,0.98516965,0.32450107,-0.5079791,0.031767804,0.28218406,0.059360012,0.07993447,0.11407206,0.1192272,0.17575733,0.29564202,0.33205408,0.34412122,0.36048076,0.36528403,0.32190138,0.19052155
2018-06-23,0.5261848,0.3770939468240001,0.36168945,1.0254667,0.3337683,-0.5193923,0.03133029,0.28384957,0.052593574,0.07254474,0.10634668,0.111063115,0.1675545,0.28898796,0.32619783,0.33796215,0.3551147,0.35967836,0.31739014,0.18758056
2018-06-24,0.53737575,0.38398911906226496,0.36387408,1.0671769,0.34300697,-0.5286198,0.032508012,0.28691524,0.046693806,0.06600673,0.099327244,0.10353063,0.15975519,0.28222796,0.32000977,0.33130154,0.34922895,0.35358495,0.3114378,0.18376419
2018-06-25,0.54535604,0.3880724159382596,0.36318842,1.0990565,0.34988803,-0.531871,0.035748404,0.2913531,0.042348,0.06123699,0.09373247,0.097271666,0.1527711,0.27513555,0.31308612,0.32403874,0.34216872,0.34691125,0.30382708,0.17909165
2018-06-26,0.5505448,0.3896461492988853,0.36008257,1.1223623,0.3547001,-0.529985,0.040761534,0.29697293,0.039410762,0.0580588,0.08944626,0.092198856,0.14659174,0.26786917,0.30564022,0.31636935,0.33421212,0.3398367,0.2948739,0.17372379
2018-06-27,0.5533504,0.3890197920513606,0.3549947,1.1383011,0.35772413,-0.5237967,0.047244664,0.30357215,0.03772742,0.056286775,0.08634201,0.0882142,0.1411939,0.26057106,0.29786885,0.30847362,0.32562014,0.332528,0.28489208,0.16782139
2018-06-28,0.5541704,0.3865099781632217,0.3483514,1.1480289,0.3592332,-0.51413685,0.05488228,0.31093606,0.03713401,0.055726845,0.084282614,0.08520909,0.13654168,0.25336704,0.28995216,0.3005165,0.31663692,0.32513916,0.2741933,0.16154517
2018-06-29,0.55339134,0.3824405026623218,0.3405672,1.1526512,0.35949272,-0.5018321,0.06334608,0.3188376,0.037457287,0.056176264,0.08312048,0.08306426,0.13258646,0.24636666,0.2820538,0.2926476,0.3074895,0.3178115,0.26308692,0.15505575
2018-06-30,0.551389,0.3771423216368318,0.332045,1.1532229,0.35876024,-0.48770493,0.07229498,0.32703754,0.03851473,0.05742359,0.08269752,0.081649855,0.12926699,0.23966326,0.27432075,0.28500128,0.298388,0.3106735,0.2518803,0.14851364
2018-07-01,0.5485281,0.3709535522352397,0.32317576,1.1507485,0.35728553,-0.47257364,0.08137509,0.33528426,0.04011453,0.059248727,0.082845144,0.080825396,0.12650922,0.2333338,0.26688346,0.27769655,0.28952557,0.30384105,0.2408785,0.14207931
2018-07-02,0.5451626,0.364219472666351,0.31433877,1.1461816,0.35531062,-0.45725232,0.09021975,0.343314,0.0420556,0.06142287,0.08338427,0.08043977,0.12422648,0.22743899,0.25985575,0.2708371,0.28107828,0.2974172,0.23038451,0.13591309
2018-07-03,0.54163563,0.3572925221992886,0.3059014,1.1404256,0.35306975,-0.44255105,0.098449506,0.35085064,0.04412757,0.063708544,0.08412531,0.08033125,0.12231936,0.2220232,0.25333488,0.26451135,0.2732053,0.29149234,0.22069912,0.13017529
2018-07-04,0.53827935,0.35053230116349265,0.29821926,1.1343329,0.35078937,-0.42927563,0.10567212,0.35760593,0.046110783,0.06585961,0.08486819,0.08032747,0.12067578,0.21711458,0.24740155,0.25879234,0.2660488,0.2861441,0.2121209,0.12502608
2018-07-05,0.5362576,0.3446327241557261,0.29221344,1.131694,0.34931183,-0.4195199,0.11124891,0.3631743,0.047623973,0.06737184,0.085193895,0.08006952,0.11904645,0.21277559,0.24222371,0.25383037,0.25991145,0.28144732,0.20512103,0.12069479
2018-07-06,0.5355798,0.34042703394577634,0.28800973,1.1321931,0.34862527,-0.41361988,0.11484551,0.36728036,0.04848332,0.06807078,0.0849558,0.079426624,0.11733834,0.20898364,0.23781177,0.24963488,0.25483808,0.27745062,0.19993137,0.11731672
2018-07-07,0.53626543,0.3383569906180748,0.2857363,1.1355376,0.34872547,-0.41193935,0.11610901,0.36963394,0.048491985,0.06776716,0.08399164,0.07825308,0.11544265,0.20570114,0.2341621,0.2462022,0.2508608,0.27419022,0.19678593,0.115028806
2018-07-08,0.53785217,0.33769823535620597,0.28505483,1.1410662,0.34934312,-0.41190064,0.117023215,0.37167278,0.048396353,0.0673428,0.08306652,0.077161275,0.11388382,0.20329484,0.2315796,0.24388826,0.24810031,0.27188247,0.19469428,0.113355
2018-07-09,0.54023457,0.3385930337866815,0.2859604,1.1484169,0.35040894,-0.41304958,0.117890835,0.37358955,0.048254766,0.06689818,0.08226428,0.07620296,0.11271242,0.2018204,0.23012745,0.24277292,0.24659325,0.27059525,0.19353397,0.112254724
2018-07-10,0.5433083,0.34118790001491495,0.28844216,1.157244,0.35185638,-0.41490674,0.11903806,0.37559316,0.048129573,0.06653828,0.08166992,0.0754287,0.1119748,0.20132592,0.22986059,0.24292968,0.2463655,0.27038744,0.19316278,0.111678034
2018-07-11,0.5469702,0.3456335966252217,0.29248327,1.1672179,0.35362163,-0.41696745,0.12081448,0.37790877,0.048087142,0.066372655,0.08136963,0.074887894,0.11171313,0.2018519,0.23082562,0.24442565,0.24743211,0.27130878,0.19341879,0.11156567
2018-07-12,0.5508958,0.3528280907483224,0.29877785,1.1766055,0.3554251,-0.4183876,0.12373018,0.38095528,0.048180245,0.06662854,0.08168769,0.07485391,0.11239665,0.20421088,0.23397745,0.24822527,0.2507721,0.27440903,0.19476247,0.11217721
2018-07-13,0.55557084,0.3618651743079048,0.3073926,1.1864984,0.3575168,-0.42169377,0.12601177,0.38362977,0.04798548,0.06669212,0.08218197,0.07506911,0.11382551,0.20823126,0.2390887,0.25397277,0.2563083,0.27946195,0.19795704,0.11376356
2018-07-14,0.56111866,0.37242598205761857,0.31815785,1.1973462,0.35998142,-0.42728347,0.12740979,0.3857655,0.04743883,0.06644536,0.08273223,0.07543852,0.11586244,0.21369559,0.24589692,0.26138988,0.26378086,0.2861848,0.20291898,0.11625954
2018-07-15,0.56817675,0.3836965269333247,0.3304733,1.2116212,0.3632152,-0.43606395,0.12767825,0.38711843,0.046378583,0.065617144,0.08295298,0.07560432,0.117952235,0.21966097,0.25332406,0.269439,0.2720557,0.29338232,0.20896432,0.11929911
2018-07-16,0.5766957,0.3955543027593683,0.34436542,1.2290434,0.36719504,-0.44829762,0.12654056,0.38754353,0.044762883,0.064132296,0.082816504,0.07556629,0.12011872,0.2261999,0.26143566,0.2781468,0.28122792,0.30113927,0.21626498,0.1229403
2018-07-17,0.58664334,0.4078726895586953,0.35986763,1.2493793,0.37190697,-0.46427885,0.1237095,0.38689125,0.042542182,0.061906986,0.082287624,0.075318135,0.122380316,0.23337974,0.2702923,0.28753516,0.29138884,0.30953503,0.22499497,0.12724027
2018-07-18,0.59826493,0.41917483129715594,0.37495285,1.2781817,0.3782726,-0.4820512,0.120822944,0.38640013,0.03985517,0.059027385,0.08108896,0.074418716,0.12391979,0.23982802,0.27837852,0.29582188,0.3008487,0.31691527,0.23283106,0.13097203
2018-07-19,0.61163926,0.42892996208439765,0.38906023,1.3169988,0.38656855,-0.50130165,0.11814172,0.38632146,0.036694568,0.05544489,0.0791014,0.0727234,0.12450056,0.24517997,0.2852829,0.30249012,0.30916837,0.3228405,0.23921648,0.13381352
2018-07-20,0.6266682,0.4360651369080036,0.40143022,1.3669912,0.39703062,-0.5222197,0.115294024,0.3866453,0.03303454,0.05098461,0.07615713,0.070090905,0.123888895,0.24911958,0.29058486,0.30689493,0.31594062,0.3269205,0.2438041,0.13552786
2018-07-21,0.64064586,0.44183926691513226,0.41245645,1.4142518,0.406937,-0.5421738,0.11209487,0.3867641,0.029560603,0.046629086,0.07327803,0.06753749,0.1231823,0.25263903,0.29527417,0.31054014,0.32203293,0.3304757,0.24798065,0.13702144
2018-07-22,0.6529298,0.44629710559918906,0.421825,1.4562647,0.41575935,-0.5600319,0.10888086,0.38679013,0.026462397,0.042647276,0.07066094,0.06522288,0.12248257,0.25568053,0.2992667,0.3134352,0.32728958,0.33347765,0.25160137,0.13825144
2018-07-23,0.662843,0.44947226675789925,0.42920485,1.4903655,0.4229385,-0.57462794,0.10598335,0.38683113,0.023937436,0.039317477,0.068510674,0.06331482,0.12189651,0.25818336,0.3024723,0.31558725,0.33154595,0.33589724,0.25452307,0.13917744
2018-07-24,0.66967374,0.4513872244933075,0.43424797,1.5137413,0.4278845,-0.58476216,0.10372837,0.3869906,0.022191094,0.03692735,0.06704001,0.061988946,0.12153596,0.26008385,0.3047948,0.3170011,0.33462855,0.33770454,0.2566041,0.1397614
2018-07-25,0.67191815,0.45191397713641357,0.4354058,1.522117,0.4297392,-0.58699334,0.10351731,0.38736776,0.021711437,0.036212083,0.06660242,0.06148089,0.121302515,0.26051342,0.30536854,0.31687567,0.33542,0.33799937,0.2565996,0.139469
2018-07-26,0.67229956,0.4518001444228552,0.43461227,1.5254041,0.4305613,-0.5854762,0.10455513,0.38790745,0.021798009,0.036236994,0.0665549,0.06124499,0.12098537,0.2600901,0.30499163,0.3158097,0.33501285,0.33734557,0.2553011,0.13858679
2018-07-27,0.6718837,0.45226515470663536,0.43405864,1.5257742,0.4307489,-0.5822207,0.10629933,0.38926643,0.02220616,0.036623783,0.06693516,0.06133813,0.12109753,0.26039413,0.30528444,0.31554413,0.33526483,0.33745214,0.25424144,0.13776664
2018-07-28,0.6708196,0.45319786469815304,0.4336978,1.5236762,0.43039885,-0.57758284,0.10859624,0.39126623,0.022881277,0.037306216,0.0676586,0.06169691,0.12155398,0.26126927,0.30609697,0.3159248,0.3360271,0.33815384,0.25338355,0.13700798
2018-07-29,0.66927737,0.454509105081934,0.43351048,1.5196333,0.42962372,-0.57194316,0.1112937,0.3937363,0.023765253,0.03821322,0.06863932,0.062256474,0.12227281,0.26257503,0.3072975,0.31681493,0.33717182,0.33930185,0.2527024,0.13631453
2018-07-30,0.667448,0.4561316805166305,0.43350533,1.5142442,0.42855188,-0.56570643,0.11424106,0.3965142,0.024796491,0.039268892,0.06979012,0.06295052,0.123175226,0.2641866,0.30877265,0.3180954,0.33859253,0.340764,0.25218505,0.13569434
2018-07-31,0.6655436,0.45802036963502124,0.433719,1.5081828,0.42732748,-0.55930156,0.11728921,0.39944553,0.025909897,0.040392496,0.07102248,0.0637113,0.12418556,0.26599488,0.3104274,0.31966448,0.3402038,0.3424247,0.2518307,0.13515978
2018-08-01,0.6640933,0.4597051864412823,0.43381953,1.5030484,0.42625183,-0.5536782,0.120114215,0.40195382,0.026920643,0.041382894,0.07201949,0.064268425,0.12489651,0.26721966,0.31148133,0.3207842,0.341167,0.34343812,0.25123867,0.13460767
2018-08-02,0.6632455,0.46134440701741997,0.434041,1.4993608,0.42545018,-0.5491367,0.12263295,0.40405434,0.027798165,0.04219095,0.07277117,0.06462308,0.12535822,0.2680285,0.31212735,0.32162154,0.34171566,0.3439885,0.25057948,0.13410187
2018-08-03,0.6631766,0.46310727800570683,0.43463552,1.4977359,0.42506698,-0.5460138,0.12475949,0.40575987,0.028505543,0.042759858,0.07326067,0.06477004,0.12561572,0.2685877,0.31255943,0.32234487,0.34208548,0.34425846,0.25002557,0.13370755
2018-08-04,0.6640916,0.4651740166086818,0.4358735,1.4988852,0.42526606,-0.544683,0.12640505,0.4070805,0.028999498,0.043025136,0.07346423,0.06469768,0.12570888,0.26906243,0.31297243,0.32312414,0.3425142,0.34442857,0.24975136,0.1334913
2018-08-05,0.66505927,0.46728375899030705,0.43724576,1.4994875,0.4253687,-0.54376864,0.1278009,0.40816888,0.02944089,0.043259192,0.07363926,0.064631104,0.1258445,0.26954654,0.31341872,0.3240027,0.34299624,0.3446641,0.24969184,0.13342534
2018-08-06,0.66570127,0.4700992621705553,0.43936476,1.4975586,0.42504066,-0.54300696,0.12872595,0.4089499,0.029978748,0.043626428,0.07411036,0.0648764,0.12659343,0.27102578,0.31496406,0.3259497,0.3447043,0.34611735,0.25075632,0.13394974
2018-08-07,0.6660504,0.4734806567731485,0.44211346,1.4934077,0.42433578,-0.5423899,0.12926282,0.4095152,0.030565277,0.04409577,0.07482388,0.06538606,0.12785865,0.27333847,0.3174362,0.32880148,0.34744772,0.34860957,0.25276333,0.13496286
2018-08-08,0.66613954,0.47730560560381136,0.4453921,1.4873255,0.4233049,-0.5419097,0.1294916,0.4099534,0.031153603,0.044638127,0.07573125,0.066116855,0.12955314,0.27634123,0.32068372,0.3324142,0.35105827,0.35198408,0.2555489,0.1363726
2018-08-09,0.666056,0.4813363669475349,0.44895798,1.4808428,0.4222107,-0.5412205,0.1299416,0.4110177,0.031681348,0.045199092,0.07671503,0.06694417,0.13140158,0.27970508,0.32431608,0.33640942,0.35510987,0.3558549,0.2585057,0.13776228
2018-08-10,0.66581386,0.48553314536788306,0.45280302,1.4737628,0.4210211,-0.54043543,0.13052651,0.41255236,0.032109343,0.045763284,0.07776321,0.06786401,0.13340785,0.2833961,0.3283165,0.34077346,0.3595793,0.36019918,0.2616691,0.13917805
2018-08-11,0.66542894,0.4898704033073996,0.4569324,1.4659007,0.4197062,-0.53965944,0.13116862,0.4144151,0.03239894,0.046316646,0.07886703,0.06887458,0.135581,0.2873936,0.33268276,0.34550604,0.36445877,0.3650101,0.2650804,0.14066736
2018-08-12,0.66522545,0.49331026415689466,0.46037406,1.459045,0.41854024,-0.5394235,0.13160947,0.4162316,0.032536317,0.046690013,0.079693675,0.0696652,0.13733926,0.29061303,0.3361605,0.34937158,0.36840916,0.36890244,0.2678997,0.14182544
2018-08-13,0.66531265,0.49555376584313177,0.46286857,1.4536122,0.41758654,-0.53994393,0.13173284,0.4178143,0.032491006,0.04682595,0.080144614,0.07014696,0.13852671,0.2927435,0.33840397,0.35202935,0.3710577,0.37149096,0.26991946,0.14256881
2018-08-14,0.66665846,0.49533724529126827,0.46343994,1.4537873,0.4170367,-0.542444,0.13126892,0.41832018,0.031784933,0.046326045,0.07963484,0.06974686,0.13820568,0.29222265,0.3377889,0.3518251,0.3705669,0.37088948,0.269931,0.14245087
2018-08-15,0.6683776,0.4933923447227284,0.46269414,1.4559531,0.41649786,-0.54610217,0.13014872,0.41792035,0.030677266,0.04545573,0.07859871,0.06890474,0.1370709,0.2901931,0.33555543,0.34993547,0.36830017,0.3685129,0.26891506,0.14192672
2018-08-16,0.6691995,0.49074751369707265,0.46131355,1.4541987,0.41589013,-0.5496856,0.128231,0.4171394,0.029835979,0.044684235,0.07768137,0.068269596,0.13614994,0.28814763,0.33322018,0.34791508,0.3660096,0.3661644,0.26824287,0.1415161
2018-08-17,0.6691046,0.4873091228329024,0.45924237,1.4486841,0.41513658,-0.55321366,0.12549442,0.41590804,0.029230522,0.043988664,0.07686436,0.067828774,0.13541125,0.28605813,0.3307519,0.345704,0.3636558,0.36380407,0.26787257,0.14121482
2018-08-18,0.6680661,0.48298832550761506,0.45642725,1.43955,0.41416314,-0.55669516,0.121916436,0.4141622,0.028835058,0.04334875,0.07613315,0.067572765,0.13482805,0.28390533,0.3281283,0.34324917,0.3612091,0.36140236,0.26776862,0.14101999
2018-08-19,0.6660503,0.4777010578574038,0.4528171,1.4269173,0.41289878,-0.56012905,0.11747331,0.411843,0.02862846,0.042746842,0.07547709,0.06749521,0.1343783,0.28167892,0.3253359,0.34050465,0.3586496,0.35893983,0.2679018,0.1409301
2018-08-20,0.6632913,0.4720783674036999,0.4485965,1.4116282,0.41136733,-0.56279755,0.11304723,0.4092862,0.028614147,0.042334866,0.074940674,0.06756926,0.13401292,0.2792675,0.32233724,0.33755758,0.35587415,0.35628927,0.26790103,0.14079449
2018-08-21,0.6601364,0.46606283760067313,0.44409072,1.3965582,0.40988427,-0.5645873,0.10897015,0.40650615,0.028624214,0.042100564,0.0744584,0.06769946,0.13325629,0.2761549,0.31867,0.33398443,0.35240558,0.3529469,0.26723543,0.14038157
2018-08-22,0.6565045,0.45987484858302213,0.4392203,1.3810803,0.40828976,-0.5652047,0.105465084,0.40359962,0.028715724,0.042103726,0.07407511,0.06791309,0.13225287,0.27249855,0.31450015,0.3299526,0.34838468,0.3490551,0.2659333,0.1397142
2018-08-23,0.65232,0.45374749999024355,0.43391985,1.3646249,0.40643728,-0.5643362,0.102772266,0.40067428,0.028946808,0.042408552,0.073838525,0.06823796,0.13114019,0.26845068,0.30999058,0.3256282,0.34394923,0.34475264,0.2640129,0.13880926
2018-08-24,0.64751315,0.44792661096663144,0.4281378,1.3466791,0.40419355,-0.5616482,0.10114914,0.39784864,0.029376676,0.04308362,0.0737993,0.06870245,0.13004877,0.26415828,0.30530122,0.32117608,0.3392341,0.3401749,0.2614825,0.13767762
2018-08-25,0.6430662,0.44286325104374014,0.4234719,1.3286024,0.40176645,-0.5598375,0.09937723,0.39525214,0.029685866,0.043596465,0.07382761,0.06926362,0.12939957,0.26087138,0.3016437,0.3178701,0.33566314,0.33665514,0.25986695,0.1370132
2018-08-26,0.6392284,0.4396685578955092,0.4198964,1.3057538,0.39800552,-0.5594279,0.09774,0.39318746,0.02982404,0.04384639,0.073925994,0.06992981,0.13032585,0.26001766,0.30039698,0.31717888,0.33457685,0.3355303,0.26021886,0.13745567
2018-08-27,0.63533574,0.43705428907681504,0.415818,1.2782652,0.39300972,-0.55929947,0.096314244,0.39090452,0.029928701,0.044043202,0.073975585,0.07058976,0.13209702,0.25997755,0.2999255,0.31734693,0.33417925,0.3351037,0.26119074,0.13839962
2018-08-28,0.63141024,0.43472238359411247,0.41127446,1.2475097,0.387093,-0.5595512,0.09490456,0.38826334,0.029995035,0.044166613,0.07394258,0.07121538,0.134428,0.26040646,0.29989463,0.31801155,0.33414638,0.33505234,0.26258427,0.13972029
2018-08-29,0.6273989,0.4315695048473929,0.40639865,1.217656,0.3812469,-0.56048006,0.09292494,0.38500047,0.030033423,0.044112112,0.07371947,0.071743816,0.13639438,0.26023343,0.29925475,0.31802,0.33348814,0.33437163,0.26371273,0.14093448
2018-08-30,0.62336856,0.4276119057090198,0.4011727,1.1889364,0.37550887,-0.5621251,0.0903386,0.38101977,0.030028338,0.043887727,0.07329287,0.07215264,0.13796425,0.25939015,0.29794183,0.31731185,0.3321287,0.33299464,0.264562,0.14205815
2018-08-31,0.6193917,0.42285705933958356,0.39557213,1.1615933,0.36991888,-0.5645344,0.0871071,0.37622198,0.029962435,0.04349869,0.07264509,0.072415784,0.13910018,0.2577973,0.29588056,0.31581548,0.32998022,0.33084285,0.26511005,0.14310373
2018-09-01,0.615137,0.41792095070546614,0.39011368,1.1347036,0.36432394,-0.56707984,0.08343387,0.37109888,0.029977176,0.043107122,0.07206805,0.072781555,0.14022182,0.25631362,0.2939565,0.3143518,0.3280128,0.32885814,0.26589596,0.14424564
2018-09-02,0.6105676,0.4129750498724081,0.3849208,1.1081836,0.3587115,-0.5696264,0.079348676,0.36571962,0.030098822,0.04275961,0.07162784,0.07329834,0.14141679,0.255117,0.29235765,0.3130927,0.32642895,0.32724223,0.26704916,0.14553781
2018-09-03,0.6056452,0.40819305060823713,0.38012013,1.081939,0.35306787,-0.57203627,0.07488392,0.36016077,0.030354684,0.042502787,0.07139188,0.0740159,0.14277548,0.25439125,0.29127795,0.312215,0.32543826,0.32620364,0.26870114,0.14703357
2018-09-04,0.6003292,0.4037508703828685,0.37584144,1.0558645,0.34737837,-0.57416856,0.07007465,0.35450625,0.030773118,0.042383324,0.07142891,0.074985266,0.144391,0.25432625,0.2909174,0.31190047,0.32525712,0.32595772,0.27098566,0.14878559
2018-09-05,0.5946144,0.40035168837820023,0.37267894,1.0297877,0.3416237,-0.5759166,0.064929,0.34904465,0.031448178,0.042561203,0.07196783,0.07643635,0.14665891,0.25559613,0.29203686,0.31291753,0.32674724,0.32737923,0.27464983,0.15111439
2018-09-06,0.58885485,0.3971681973151073,0.36985722,1.005914,0.33617955,-0.5773762,0.05980404,0.34397408,0.03218948,0.042845286,0.072639965,0.07800149,0.14889288,0.25706598,0.2933912,0.31409776,0.32852527,0.3291108,0.27850527,0.15342441
2018-09-07,0.58311397,0.39396718105424106,0.3671425,0.98480374,0.33114442,-0.57846063,0.054842606,0.3393851,0.03294885,0.043186635,0.07335247,0.07957137,0.15089524,0.2584415,0.29464358,0.31510556,0.33020872,0.33077306,0.28216305,0.15551504
2018-09-08,0.5770325,0.38998689187614605,0.3637526,0.96611893,0.32640225,-0.5786498,0.05009596,0.33500823,0.033723295,0.043539274,0.073996164,0.08099387,0.15234761,0.2591748,0.2951127,0.31516516,0.3309985,0.33154473,0.28483877,0.15705705
2018-09-09,0.5707654,0.38536782696103866,0.3598738,0.949069,0.32184482,-0.578485,0.045132767,0.33017617,0.034469116,0.043889318,0.07458246,0.08229176,0.15336494,0.25933662,0.29493752,0.3144464,0.33104345,0.33154872,0.28691524,0.15834829
2018-09-10,0.56451595,0.380108325956288,0.3555238,0.93409777,0.31757408,-0.5781692,0.03996725,0.3248789,0.035126857,0.04419565,0.07504865,0.08340247,0.15386379,0.2587897,0.29399225,0.31285906,0.33020663,0.33065054,0.28831387,0.15935394
2018-09-11,0.5584824,0.3741975076791528,0.35071188,0.921624,0.31368706,-0.5779058,0.034607433,0.31909588,0.0356377,0.044417236,0.07533192,0.08426382,0.1537607,0.25739256,0.29214635,0.31030715,0.3283458,0.32870987,0.28895518,0.1600405
2018-09-12,0.5528574,0.36761527011678047,0.34543908,0.9120415,0.31027594,-0.577898,0.029055133,0.31279626,0.035943493,0.044513106,0.07536929,0.08481398,0.15297224,0.25499952,0.2892644,0.30668885,0.32531345,0.32558036,0.2887588,0.16037571
2018-09-13,0.54886967,0.36014320650607734,0.33950514,0.9086398,0.308142,-0.5791343,0.023515161,0.3059665,0.03567803,0.04417609,0.074632496,0.08443962,0.15061569,0.25039288,0.28413305,0.30095622,0.3197673,0.31994975,0.28653595,0.15974921
2018-09-14,0.5451521,0.3531377168466796,0.333947,0.90557706,0.30694607,-0.5801456,0.018121697,0.2994633,0.035514504,0.043929562,0.073893085,0.08394108,0.14796565,0.24552096,0.27874595,0.29513454,0.3139858,0.3141358,0.28397006,0.15883082
2018-09-15,0.540447,0.34741958914715354,0.32950932,0.8985821,0.30597714,-0.5799454,0.012546729,0.29346967,0.03600401,0.04421236,0.073897116,0.08416124,0.14628705,0.24218898,0.2749451,0.2910007,0.3100494,0.3102055,0.28303412,0.15857446
2018-09-16,0.53576,0.34212896065873777,0.3256369,0.8922881,0.30521545,-0.57950944,0.0070018442,0.2875977,0.036561012,0.04462701,0.074101746,0.08456478,0.14473926,0.2391768,0.27149794,0.28728378,0.30653274,0.30669335,0.28253445,0.15852965
2018-09-17,0.5311901,0.3372214120914872,0.3223119,0.88693243,0.30463868,-0.57890433,0.0016084509,0.28188854,0.03710843,0.045133367,0.074446894,0.08509722,0.14325097,0.23637144,0.2682982,0.2838866,0.30331418,0.30347478,0.2823072,0.15862842
2018-09-18,0.52683985,0.3326524491648966,0.31951797,0.8827644,0.30422175,-0.5782011,-0.0035145588,0.27637908,0.037568673,0.045690585,0.07487222,0.085703775,0.14175026,0.23365997,0.26523963,0.28071225,0.30027214,0.300425,0.2821912,0.1588051
2018-09-19,0.52281505,0.32837750260790055,0.3172402,0.8800455,0.30393708,-0.577475,-0.008250809,0.27110168,0.037863668,0.046257112,0.07531705,0.08632935,0.14016457,0.23092952,0.26221564,0.27766392,0.29728505,0.29741886,0.2820278,0.15899636
2018-09-20,0.5194548,0.3242985410991759,0.31541502,0.87939316,0.30384657,-0.5769649,-0.012329628,0.2660361,0.03773782,0.046721157,0.07558676,0.086770155,0.13824618,0.22779557,0.2588717,0.27439755,0.29394078,0.2940485,0.28130987,0.15900785
2018-09-21,0.5163554,0.32065498936930326,0.31362954,0.8774112,0.30339584,-0.57653755,-0.015821833,0.26129454,0.037399173,0.047132242,0.075775266,0.087145716,0.13661066,0.22492117,0.25582084,0.27149752,0.29084277,0.29093865,0.28057864,0.15908895
2018-09-22,0.5134289,0.31749776890557735,0.31176662,0.8732355,0.30237502,-0.57618123,-0.018707853,0.2569333,0.036892846,0.0474897,0.07589709,0.08748532,0.135426,0.22248359,0.25322437,0.26912424,0.28814897,0.28824836,0.2799675,0.15930428
2018-09-23,0.51058865,0.3148811363358697,0.30970195,0.86595917,0.30056515,-0.5758895,-0.020969013,0.25300422,0.0362631,0.04779165,0.07596506,0.08781649,0.13486645,0.22066562,0.25124866,0.26744276,0.2860214,0.28614104,0.279614,0.1597221
2018-09-24,0.50774914,0.3128626834286289,0.3073039,0.85463226,0.29773825,-0.5756614,-0.022587547,0.24955486,0.035553332,0.048035,0.07599037,0.08816498,0.13511248,0.21965547,0.250065,0.26662284,0.28462604,0.28478444,0.2796598,0.1604144
2018-09-25,0.5045606,0.311388850214512,0.3043427,0.8375485,0.29346147,-0.5756441,-0.024003008,0.24652895,0.034811057,0.048244502,0.07604719,0.08865348,0.13645983,0.21973875,0.24992424,0.26691547,0.28420722,0.28438205,0.28058842,0.16153954
2018-09-26,0.5010353,0.30948250904415964,0.30137226,0.8205265,0.28913417,-0.57579637,-0.025631618,0.24377663,0.034076143,0.048404258,0.076120265,0.08926894,0.13777858,0.21974823,0.24971713,0.26711845,0.28376323,0.28391737,0.28157875,0.16254191
2018-09-27,0.49718034,0.30693100838421367,0.29846576,0.8046657,0.28502965,-0.5760859,-0.027481614,0.24129957,0.03338773,0.048497867,0.07619425,0.08999893,0.1388541,0.21946575,0.24923351,0.26699176,0.28310928,0.2832132,0.28242242,0.16329896
2018-09-28,0.49303967,0.30360214080621944,0.2957809,0.791323,0.28149512,-0.5761108,-0.029042391,0.23884553,0.032921135,0.04853892,0.07628329,0.09086198,0.13951676,0.2187681,0.248369,0.2663754,0.2822024,0.28229058,0.28271154,0.16365182
2018-09-29,0.48870936,0.30033863462070354,0.2932222,0.7776944,0.27785444,-0.57572424,-0.030010158,0.23665208,0.03264101,0.04861449,0.07645971,0.09188028,0.1404009,0.21837908,0.2478357,0.26606286,0.28169906,0.2818133,0.28298312,0.16398181
2018-09-30,0.4842006,0.2971703894311365,0.29080036,0.76382333,0.27412233,-0.5749681,-0.030479461,0.23481965,0.032531634,0.048730478,0.07672705,0.093046285,0.14149453,0.21829362,0.24762926,0.26605362,0.28159097,0.2817643,0.28328618,0.16430947
2018-10-01,0.4795224,0.2941310855613173,0.28852794,0.74974495,0.27031216,-0.5738789,-0.030544434,0.23343492,0.032579493,0.048895087,0.07709124,0.094354644,0.14278913,0.2185114,0.24775043,0.26635158,0.28187546,0.28213286,0.28367436,0.16465853
2018-10-02,0.47468174,0.29125818405537357,0.28641933,0.7354861,0.26643586,-0.572488,-0.030298807,0.23257084,0.032773264,0.04911884,0.07756062,0.095802195,0.14427969,0.2190369,0.24820507,0.26696518,0.28255558,0.28291446,0.28420573,0.16505578
2018-10-03,0.4696833,0.28859292667776154,0.28449085,0.72106534,0.26250404,-0.5708217,-0.029835904,0.23228665,0.033103827,0.049414556,0.07814594,0.09738797,0.1459647,0.21987939,0.24900408,0.26790738,0.28364015,0.28411084,0.284943,0.16553119
2018-10-04,0.46452978,0.286180335913266,0.2827606,0.70649284,0.2585259,-0.568901,-0.029248644,0.23262784,0.03356426,0.04979737,0.078860365,0.09911317,0.14784616,0.2210528,0.25016347,0.26919556,0.28514355,0.28573,0.28595352,0.1661178
2018-10-05,0.4592217,0.28406921496700055,0.28124857,0.6917706,0.2545093,-0.5667417,-0.02862954,0.2336262,0.034149837,0.05028473,0.07971943,0.10098119,0.14992957,0.22257592,0.2517043,0.2708516,0.28708604,0.28778622,0.28730905,0.16685182
2018-10-06,0.4537069,0.28158666420886214,0.27933922,0.6769694,0.25046557,-0.5643033,-0.02802989,0.23502731,0.034768693,0.05073987,0.08052164,0.10275228,0.15180983,0.22381116,0.252886,0.27209824,0.2886115,0.28939813,0.28824142,0.16740161
2018-10-07,0.44796675,0.27857567076828493,0.27686873,0.6620974,0.2464013,-0.56157607,-0.027529396,0.23675539,0.03539423,0.05113882,0.0812228,0.104362056,0.15337762,0.22459234,0.2535143,0.27273,0.28949216,0.29032734,0.28858313,0.16770047
2018-10-08,0.442136,0.27402596792972495,0.2737037,0.64728516,0.24240461,-0.55953085,-0.02796646,0.238716,0.035402082,0.050893057,0.081232585,0.105238296,0.15398169,0.22420517,0.25288156,0.27207637,0.28901955,0.289835,0.288267,0.16773206
2018-10-09,0.43672684,0.2687947571674756,0.2704065,0.63376224,0.23875436,-0.5583956,-0.029010456,0.24131481,0.034916934,0.05017407,0.08071865,0.10555098,0.15386122,0.22300889,0.2514289,0.27068114,0.28768662,0.28844717,0.28760803,0.16757604
2018-10-10,0.4318339,0.2631932615541971,0.26699504,0.62184966,0.2355152,-0.5579916,-0.030444821,0.24457277,0.03409425,0.049142506,0.079819396,0.10541441,0.15312245,0.22109799,0.24924299,0.26863897,0.2855605,0.28623807,0.28653017,0.16718814
2018-10-11,0.42756313,0.25751579343129877,0.26349214,0.6118877,0.23275794,-0.55816907,-0.03206814,0.24850152,0.033074237,0.04794457,0.07865862,0.10492926,0.15185742,0.21855283,0.24639796,0.26603422,0.2826968,0.28327096,0.2849593,0.16652502
2018-10-12,0.42403197,0.252039754408939,0.2599257,0.60423553,0.23055956,-0.5588071,-0.03369414,0.25310335,0.031981826,0.046711992,0.07734559,0.10418261,0.15014395,0.21543956,0.24295531,0.2629411,0.27913988,0.27959797,0.28282315,0.16554424
2018-10-13,0.42136917,0.24702563536602504,0.25632858,0.59927154,0.22900322,-0.55981374,-0.035151705,0.25837123,0.03092668,0.045562033,0.07597501,0.10324795,0.14804566,0.21181016,0.23896395,0.25942355,0.27492258,0.27526027,0.28005138,0.16420424
2018-10-14,0.4182756,0.24297828758123105,0.25300503,0.5933573,0.22719179,-0.5600414,-0.036573876,0.26425055,0.030429762,0.044965446,0.07526975,0.10294776,0.14671643,0.209178,0.23594314,0.25683457,0.27170968,0.27189088,0.27810606,0.16326512
2018-10-15,0.4144795,0.24020122492126167,0.25007632,0.58572245,0.22493067,-0.5591371,-0.037904836,0.27070427,0.03069566,0.045118786,0.07548445,0.103552625,0.14651631,0.20800072,0.23435275,0.2555998,0.26999465,0.26998022,0.2773708,0.1629227
2018-10-16,0.4107197,0.2384119070326546,0.24709953,0.578454,0.22270766,-0.5574756,-0.038685903,0.2777074,0.031475894,0.045861006,0.07623759,0.104608156,0.14675084,0.20722516,0.23312084,0.25470233,0.26855206,0.26832432,0.27648327,0.1624971
2018-10-17,0.40699723,0.23772057587834014,0.2440466,0.57153183,0.22050941,-0.55493444,-0.038777392,0.28520933,0.032828737,0.047270004,0.0775914,0.1061717,0.14747927,0.20688525,0.23228033,0.25416562,0.26740035,0.26694512,0.2753633,0.16195251
2018-10-18,0.40331727,0.23821499175243402,0.24088904,0.56493497,0.21832353,-0.5514133,-0.03805237,0.29314986,0.034796845,0.049409535,0.079593726,0.10828764,0.14874744,0.20699993,0.23185043,0.25400004,0.26654488,0.26585174,0.27392834,0.16125241
2018-10-19,0.3996889,0.23996043328023753,0.23759788,0.5586412,0.21613856,-0.5468344,-0.03639666,0.30145922,0.03740728,0.052329212,0.08227803,0.11098747,0.15058777,0.2075731,0.23183666,0.25420293,0.2659779,0.26504007,0.27209342,0.16035955
2018-10-20,0.3961252,0.24299969741823746,0.2341437,0.5526276,0.21394405,-0.5411424,-0.03370884,0.31005794,0.040671505,0.056064513,0.08566339,0.11428971,0.15301923,0.20859368,0.2322308,0.2547587,0.2656786,0.26449323,0.26977107,0.15923601
2018-10-21,0.39232564,0.24742686827304772,0.23056577,0.5463944,0.21160309,-0.5340844,-0.030116927,0.31892356,0.044829946,0.060732834,0.08993923,0.11840502,0.1562886,0.21041095,0.23335367,0.2559807,0.26601493,0.26457158,0.26735663,0.15802744
2018-10-22,0.388218,0.25326147617497957,0.22685409,0.5397765,0.20906964,-0.52558494,-0.025608739,0.32797703,0.049934797,0.06636963,0.095150165,0.1233864,0.16045892,0.21309419,0.23527047,0.25792783,0.26705804,0.26534694,0.26490048,0.15674873
2018-10-23,0.38372818,0.2605018847377389,0.2229994,0.5325997,0.20629637,-0.51558733,-0.020188712,0.33713078,0.056027003,0.07299792,0.101329744,0.12927753,0.16558422,0.21670434,0.23803875,0.2606521,0.2688733,0.2668852,0.2624592,0.15541732
2018-10-24,0.37878063,0.26912529085842674,0.2189932,0.5246801,0.20323467,-0.50405324,-0.013877895,0.34628886,0.063136265,0.080628306,0.10850041,0.13611285,0.17170934,0.221294,0.24170844,0.2641986,0.27152014,0.26924607,0.2600955,0.15405332
2018-10-25,0.37329796,0.2790877247175386,0.21482778,0.51582456,0.19983456,-0.4909629,-0.006713959,0.3553468,0.07128104,0.08925896,0.11667353,0.14391752,0.17887002,0.22690746,0.2463219,0.26860547,0.27505207,0.27248335,0.2578784,0.15267934
2018-10-26,0.36756876,0.29048224470203027,0.21062173,0.506816,0.19631529,-0.47611758,0.0018794697,0.36432928,0.080461666,0.098835476,0.12575997,0.15257098,0.18694232,0.23345368,0.25181097,0.27379805,0.27941385,0.2766014,0.2554164,0.15120636
2018-10-27,0.36162043,0.3032690754777356,0.2064058,0.49773237,0.19270387,-0.4594764,0.012016974,0.37315542,0.09067208,0.10931937,0.13572262,0.16203973,0.19589943,0.24092288,0.2581725,0.27976954,0.284617,0.28162912,0.25265363,0.14962861
2018-10-28,0.35548532,0.3173900948677347,0.20221375,0.48865947,0.18903078,-0.44101346,0.023807764,0.38173836,0.10189487,0.12065899,0.14651167,0.17227852,0.2057028,0.24929477,0.26539394,0.28650433,0.2906652,0.28758866,0.2495321,0.14794086
2018-10-29,0.34914258,0.3326317332195558,0.19796883,0.47941452,0.1852476,-0.42124104,0.036607306,0.3903213,0.113912046,0.13274747,0.15802377,0.1831886,0.21622054,0.25838503,0.27328548,0.29384324,0.29733825,0.29419935,0.24626358,0.14618172
2018-10-30,0.3426173,0.3488588509552426,0.19367741,0.47001827,0.18136759,-0.40031707,0.050293956,0.3989043,0.1266278,0.14549449,0.17017174,0.194689,0.2273665,0.26810703,0.28176627,0.3017135,0.30456075,0.30138272,0.24286577,0.14435978
2018-10-31,0.33593833,0.36591551779253795,0.18934686,0.4604947,0.17740607,-0.37842378,0.06472734,0.40748724,0.13993162,0.15879583,0.18285494,0.20668632,0.2390413,0.27836078,0.29074308,0.31003097,0.31224576,0.30904815,0.23935916,0.14248501
2018-11-01,0.32913846,0.3836250127448835,0.18498553,0.45087087,0.17338043,-0.35576764,0.07974839,0.4160702,0.1536982,0.17253344,0.19595936,0.2190747,0.25113228,0.28903306,0.30011028,0.31870043,0.32029477,0.3170929,0.2357669,0.14056863
2018-11-02,0.3222542,0.4017898241214202,0.18060271,0.44117716,0.16931005,-0.33257946,0.095179304,0.42465317,0.16778755,0.18657531,0.20935757,0.23173583,0.2635135,0.29999718,0.30974975,0.32761535,0.32859764,0.32540226,0.23211493,0.13862325
2018-11-03,0.31532604,0.42019164952698806,0.17620872,0.43144706,0.16521637,-0.3091143,0.11082357,0.43323612,0.18204491,0.20077555,0.2229087,0.24453892,0.2760458,0.31111324,0.31953093,0.3366581,0.33703265,0.3338493,0.22843185,0.13666277
2018-11-04,0.30839828,0.4385913958621257,0.17181481,0.42171726,0.1611229,-0.28565162,0.12646596,0.44181907,0.1963008,0.2149744,0.2364585,0.2573408,0.2885768,0.32222798,0.32931086,0.34569967,0.3454665,0.3422952,0.22474904,0.13470241
2018-11-05,0.30151904,0.4567291793230711,0.16743328,0.4120277,0.15705518,-0.262495,0.14187254,0.45040202,0.21037099,0.2289982,0.24983928,0.2699857,0.30094078,0.3331748,0.33893418,0.3546,0.3537543,0.35058883,0.22110061,0.13275875
2018-11-06,0.29474032,0.4743243254017614,0.16307734,0.40242144,0.15304077,-0.23997249,0.15679066,0.458985,0.22405651,0.24265939,0.26286992,0.2823056,0.31295887,0.34377375,0.34823298,0.36320782,0.36173955,0.35856715,0.21752335,0.13084966
2018-11-07,0.28811797,0.4910753688858326,0.1587612,0.39294475,0.14910929,-0.21843632,0.17094894,0.46756795,0.23714368,0.25575653,0.27535594,0.29411983,0.32443884,0.3538316,0.35702708,0.37136054,0.36925417,0.36605495,0.21405682,0.12899435
2018-11-08,0.28149563,0.5078264123699037,0.15444508,0.3834681,0.1451778,-0.19690014,0.1851072,0.4761509,0.25023085,0.26885363,0.28784195,0.30593407,0.33591878,0.36388943,0.36582115,0.37951326,0.37676877,0.3735428,0.2105903,0.12713903
2018-11-09,0.2748733,0.5245774558539748,0.15012896,0.37399143,0.14124632,-0.17536397,0.19926548,0.48473388,0.263318,0.28195077,0.30032796,0.3177483,0.34739876,0.3739473,0.37461525,0.38766596,0.3842834,0.3810306,0.20712377,0.12528372
2018-11-10,0.26825094,0.5413284993380459,0.14581284,0.36451474,0.13731483,-0.1538278,0.21342374,0.49331683,0.27640516,0.29504788,0.31281394,0.32956257,0.35887873,0.38400513,0.38340932,0.39581868,0.391798,0.38851842,0.20365724,0.12342841
2018-11-11,0.2616286,0.558079542822117,0.1414967,0.35503808,0.13338335,-0.13229163,0.22758202,0.5018998,0.2894923,0.30814502,0.32529995,0.3413768,0.3703587,0.39406297,0.39220342,0.4039714,0.39931262,0.39600623,0.20019071,0.1215731
2018-11-12,0.25500625,0.5748305863061882,0.13718058,0.34556141,0.12945187,-0.11075545,0.2417403,0.5104827,0.30257946,0.32124212,0.33778596,0.35319105,0.38183865,0.40412083,0.4009975,0.4121241,0.4068272,0.40349406,0.19672418,0.11971779
2018-11-13,0.24838391,0.5915816297902593,0.13286446,0.33608472,0.12552038,-0.08921928,0.25589857,0.5190657,0.31566665,0.33433926,0.35027197,0.36500528,0.39331862,0.41417867,0.4097916,0.42027682,0.41434184,0.41098186,0.19325764,0.11786248
2018-11-14,0.24176157,0.6083326732743305,0.12854832,0.32660806,0.1215889,-0.0676831,0.27005684,0.5276487,0.3287538,0.3474364,0.36275798,0.37681955,0.4047986,0.42423654,0.41858566,0.42842954,0.42185643,0.4184697,0.18979113,0.116007164
2018-11-15,0.23513922,0.6250837167584017,0.1242322,0.3171314,0.117657416,-0.04614693,0.28421512,0.53623164,0.34184095,0.3605335,0.375244,0.3886338,0.41627857,0.43429437,0.42737976,0.43658224,0.42937106,0.4259575,0.1863246,0.11415186
2018-11-16,0.22851688,0.6418347602424728,0.11991608,0.3076547,0.11372594,-0.024610754,0.2983734,0.5448146,0.3549281,0.37363064,0.38773,0.40044802,0.4277585,0.4443522,0.43617383,0.44473496,0.43688568,0.4334453,0.18285806,0.112296544
2018-11-17,0.22189453,0.6585858037265439,0.11559995,0.29817805,0.10979445,-0.0030745803,0.31253165,0.55339754,0.36801526,0.38672775,0.400216,0.41226226,0.4392385,0.45441008,0.44496793,0.45288768,0.44440028,0.44093314,0.17939153,0.11044123
2018-11-18,0.21527219,0.675336847210615,0.11128383,0.2887014,0.10586297,0.018461592,0.32668993,0.5619805,0.38110244,0.3998249,0.41270202,0.4240765,0.45071846,0.4644679,0.453762,0.46104038,0.4519149,0.44842094,0.175925,0.108585924
2018-11-19,0.20864984,0.6920878906946861,0.1069677,0.2792247,0.10193149,0.039997768,0.3408482,0.57056344,0.3941896,0.412922,0.42518803,0.43589076,0.4621984,0.47452575,0.46255606,0.4691931,0.4594295,0.45590878,0.17245847,0.10673061
2018-11-20,0.2020275,0.7088389341787573,0.10265157,0.26974803,0.098000005,0.06153394,0.3550065,0.57914644,0.40727675,0.42601913,0.43767405,0.447705,0.47367838,0.48458362,0.47135016,0.47734582,0.46694413,0.46339658,0.16899195,0.1048753
2018-11-21,0.19540516,0.7255899776628285,0.09833545,0.26027137,0.09406852,0.083070114,0.36916476,0.5877294,0.4203639,0.43911624,0.45016006,0.45951924,0.48515835,0.49464145,0.48014423,0.48549852,0.47445872,0.4708844,0.16552542,0.10301999
2018-11-22,0.18878283,0.7423410211468995,0.09401932,0.25079468,0.09013704,0.104606286,0.383323,0.59631234,0.43345106,0.45221338,0.46264607,0.47133347,0.49663833,0.5046993,0.48893833,0.49365124,0.48197335,0.47837222,0.16205889,0.101164676
2018-11-23,0.18216048,0.7590920646309707,0.0897032,0.24131802,0.08620556,0.12614246,0.3974813,0.6048953,0.44653824,0.46531048,0.47513208,0.48314774,0.5081183,0.51475716,0.4977324,0.50180393,0.48948795,0.48586002,0.15859236,0.09930936
2018-11-24,0.17553814,0.7758431081150419,0.08538707,0.23184134,0.08227407,0.14767864,0.41163957,0.61347824,0.4596254,0.47840762,0.4876181,0.49496198,0.51959825,0.524815,0.50652647,0.50995666,0.49700257,0.49334785,0.15512583,0.097454056
2018-11-25,0.1689158,0.7925941515991128,0.08107095,0.22236466,0.078342594,0.16921481,0.42579785,0.6220612,0.47271255,0.49150476,0.50010407,0.5067762,0.5310782,0.53487283,0.5153206,0.5181094,0.5045172,0.50083566,0.1516593,0.09559874
2018-11-26,0.16229345,0.809345195083184,0.07675482,0.212888,0.07441111,0.19075099,0.43995613,0.6306442,0.4857997,0.5046019,0.5125901,0.51859045,0.5425582,0.5449307,0.52411467,0.5262621,0.5120318,0.5083235,0.14819278,0.09374343
2018-11-27,0.1556711,0.8260962385672551,0.072438695,0.20341133,0.070479624,0.21228716,0.45411438,0.63922715,0.49888685,0.517699,0.5250761,0.5304047,0.55403817,0.55498856,0.53290874,0.5344148,0.5195464,0.5158113,0.14472625,0.09188812
2018-11-28,0.14904876,0.8428472820513264,0.06812257,0.19393465,0.06654815,0.23382333,0.46827266,0.6478101,0.51197404,0.5307961,0.53756213,0.5422189,0.5655181,0.56504637,0.5417028,0.54256755,0.527061,0.5232991,0.14125971,0.09003281
2018-11-29,0.14242642,0.8595983255353975,0.063806444,0.18445799,0.06261666,0.2553595,0.48243093,0.65639305,0.5250612,0.5438932,0.5500481,0.55403316,0.57699805,0.57510424,0.55049694,0.5507202,0.53457564,0.53078693,0.13779318,0.0881775
2018-11-30,0.13580407,0.8763493690194687,0.05949032,0.17498131,0.058685176,0.27689567,0.4965892,0.664976,0.53814834,0.5569904,0.56253415,0.56584746,0.588478,0.5851621,0.559291,0.55887294,0.54209024,0.53827477,0.13432665,0.08632219
2018-12-01,0.12918173,0.8931004125035398,0.055174194,0.16550463,0.054753695,0.29843184,0.5107475,0.67355895,0.5512355,0.5700875,0.57502013,0.5776617,0.599958,0.5952199,0.5680851,0.56702566,0.54960483,0.54576254,0.13086012,0.084466875
2018-12-02,0.12255939,0.9098514559876107,0.05085807,0.15602797,0.050822213,0.31996804,0.52490574,0.6821419,0.56432265,0.5831846,0.5875061,0.5894759,0.611438,0.6052778,0.57687914,0.5751784,0.5571194,0.5532504,0.1273936,0.08261157
2018-12-03,0.11593705,0.9266024994716819,0.046541944,0.1465513,0.04689073,0.34150422,0.53906405,0.6907249,0.5774098,0.59628177,0.59999216,0.60129017,0.62291795,0.61533564,0.5856732,0.5833311,0.5646341,0.5607382,0.123927064,0.080756254
2018-12-04,0.1093147,0.943353542955753,0.04222582,0.13707462,0.042959247,0.3630404,0.5532223,0.69930786,0.59049696,0.6093789,0.61247814,0.6131044,0.6343979,0.62539345,0.59446734,0.59148383,0.5721487,0.56822604,0.12046054,0.07890094
2018-12-05,0.10269236,0.9601045864398243,0.037909694,0.12759796,0.039027765,0.38457656,0.56738055,0.7078908,0.6035841,0.622476,0.6249642,0.62491864,0.6458779,0.6354513,0.6032614,0.5996365,0.5796633,0.5757138,0.11699401,0.077045634
2018-12-06,0.09607002,0.9768556299238955,0.03359357,0.11812128,0.03509628,0.40611273,0.58153886,0.71647376,0.6166713,0.6355731,0.63745016,0.6367329,0.6573578,0.6455092,0.6120555,0.6077892,0.5871779,0.58320165,0.11352748,0.07519032
2018-12-07,0.08944768,0.9936066734079666,0.029277442,0.108644605,0.031164799,0.4276489,0.5956971,0.7250567,0.6297585,0.64867026,0.6499362,0.6485471,0.6688378,0.65556705,0.62084955,0.61594194,0.5946925,0.5906895,0.11006095,0.07333501
2018-12-08,0.08282533,1.0103577168920377,0.024961317,0.099167936,0.027233316,0.44918507,0.6098554,0.73363966,0.64284563,0.66176736,0.6624222,0.66036135,0.68031776,0.66562486,0.6296437,0.62409467,0.6022071,0.59817725,0.10659442,0.0714797
2018-12-09,0.07620299,1.0271087603761087,0.02064519,0.08969127,0.023301832,0.47072124,0.62401366,0.74222267,0.6559328,0.6748645,0.6749082,0.67217565,0.69179773,0.6756827,0.63843775,0.6322474,0.6097217,0.6056651,0.10312789,0.06962439
2018-12-10,0.069580644,1.0438598038601798,0.016329065,0.08021459,0.019370351,0.49225742,0.638172,0.7508056,0.66901994,0.6879616,0.6873942,0.6839899,0.7032777,0.6857406,0.6472318,0.6404001,0.6172364,0.6131529,0.099661365,0.06776908
2018-12-11,0.06295831,1.060610847344251,0.01201294,0.07073792,0.015438868,0.5137936,0.6523302,0.75938857,0.6821071,0.70105875,0.69988024,0.6958041,0.7147577,0.6957984,0.6560259,0.6485528,0.624751,0.62064075,0.09619483,0.06591377
2018-12-12,0.056335963,1.0773618908283225,0.007696814,0.061261248,0.0115073845,0.53532976,0.66648847,0.7679715,0.69519424,0.71415585,0.7123662,0.70761836,0.72623765,0.70585626,0.66482,0.6567055,0.63226557,0.6281285,0.0927283,0.06405845
2018-12-13,0.04971362,1.0941129343123932,0.0033806884,0.051784575,0.0075759017,0.55686593,0.6806468,0.77655447,0.7082814,0.72725296,0.72485226,0.7194326,0.73771757,0.71591413,0.6736141,0.6648582,0.63978016,0.63561636,0.08926178,0.062203143
2018-12-14,0.043091275,1.1108639777964644,-0.00093543716,0.042307902,0.0036444191,0.5784021,0.694805,0.7851374,0.72136855,0.74035007,0.73733824,0.7312468,0.74919754,0.72597194,0.68240815,0.67301095,0.6472948,0.6431042,0.085795246,0.060347833
2018-12-15,0.036468934,1.1276150212805354,-0.005251563,0.03283123,-0.00028706365,0.5999383,0.70896333,0.79372036,0.7344557,0.75344723,0.7498242,0.74306107,0.7606775,0.7360298,0.6912022,0.68116367,0.6548094,0.650592,0.082328714,0.058492523
2018-12-16,0.02984659,1.1443660647646068,-0.009567688,0.023354558,-0.004218546,0.62147444,0.7231216,0.8023034,0.7475429,0.76654434,0.76231027,0.7548753,0.7721575,0.7460877,0.69999635,0.6893164,0.662324,0.6580798,0.07886218,0.05663721
2018-12-17,0.022909682,1.1829458688885441,-0.014102093,0.013418475,-0.008350386,0.6439752,0.7379497,0.81129175,0.7615711,0.78017366,0.7751952,0.7670844,0.784089,0.7565031,0.70907205,0.697662,0.6700306,0.6658169,0.075213045,0.05468024
2018-12-18,0.015770555,1.2355584477095385,-0.018776817,0.0031870555,-0.012611027,0.6670961,0.7532085,0.8205407,0.7762042,0.7941451,0.7883365,0.7795474,0.7963108,0.7671485,0.71832883,0.7061317,0.67786056,0.6737143,0.07144651,0.052657913
2018-12-19,0.008533804,1.294945469487733,-0.023519285,-0.00718694,-0.01693385,0.69051623,0.7686752,0.8299156,0.7911294,0.8082817,0.8016017,0.79213285,0.8086727,0.7779048,0.72767305,0.71466124,0.6857501,0.68168896,0.067623295,0.050604038
2018-12-20,0.0012962776,1.3543862566862226,-0.02826229,-0.017562067,-0.021257162,0.71393883,0.7841435,0.8392914,0.806057,0.8224197,0.8148678,0.80471927,0.82103574,0.788662,0.7370179,0.72319126,0.6936402,0.6896643,0.063799635,0.04854991
2018-12-21,-0.005852922,1.407697785971055,-0.032944005,-0.027808197,-0.02552422,0.7370905,0.79942375,0.84855336,0.82072026,0.8364082,0.82802194,0.8171949,0.833272,0.79931885,0.74628377,0.7316671,0.7014763,0.6975696,0.06002725,0.04652433
2018-12-22,-0.012984315,1.4661758226110644,-0.037671678,-0.037747033,-0.02965078,0.7597268,0.8143222,0.85768205,0.8334456,0.85013413,0.8412474,0.82968694,0.8454145,0.80996877,0.75559336,0.7399827,0.70923674,0.7051057,0.05635264,0.04450727
2018-12-23,-0.019970058,1.5186622465354054,-0.042335767,-0.047292326,-0.03360154,0.78162026,0.82868934,0.8665521,0.8445237,0.86346424,0.8543485,0.84202105,0.8573042,0.8204617,0.7648109,0.7481131,0.7168667,0.7122981,0.0528188,0.04253906
2018-12-24,-0.026678523,1.502594427954112,-0.04682271,-0.056616776,-0.037480175,0.8035491,0.8434011,0.87602067,0.8553292,0.876138,0.8668164,0.8536751,0.868453,0.8302395,0.7732474,0.7557014,0.7238755,0.718927,0.048869193,0.04006814
2018-12-25,-0.033010297,1.4274238914291528,-0.051046588,-0.06556486,-0.041211497,0.82498294,0.8579794,0.8856401,0.86573714,0.8880998,0.8786073,0.86463517,0.87885416,0.83932924,0.7809924,0.76284903,0.7303768,0.7251065,0.04475028,0.037337627
2018-12-26,-0.038877074,1.3022674438327784,-0.054930545,-0.07399705,-0.044727772,0.8454396,0.8719874,0.8949984,0.87563753,0.89930445,0.88968563,0.8748939,0.8885071,0.8477612,0.7881332,0.76965237,0.73647845,0.73094463,0.04068935,0.034572527
2018-12-27,-0.044201672,1.1359071743475215,-0.058406815,-0.08178979,-0.047968734,0.8644848,0.88502884,0.9037199,0.8849353,0.90971696,0.90002507,0.88445026,0.8974178,0.85556865,0.794755,0.77620286,0.7422832,0.73654413,0.03689452,0.0319797
2018-12-28,-0.048918005,0.9367904544661951,-0.061416704,-0.08883553,-0.050881572,0.8817324,0.89674836,0.9114648,0.89355046,0.9193124,0.90960777,0.8933097,0.90559834,0.86278766,0.8009407,0.78258723,0.7478881,0.74200183,0.033554733,0.029747864
2018-12-29,-0.052971113,0.7130299379918948,-0.0639106,-0.09504268,-0.053420927,0.8968443,0.9068317,0.91792923,0.9014178,0.92807627,0.91842467,0.9014841,0.91306734,0.8694575,0.80677134,0.78888714,0.7533848,0.74740887,0.03083977,0.028047621
2018-12-30,-0.056317143,0.4724035610379981,-0.06584797,-0.10033566,-0.0555489,0.90953046,0.915005,0.9228454,0.9084871,0.9360042,0.9264756,0.90899175,0.9198497,0.8756205,0.81232554,0.7951794,0.75885963,0.75285083,0.028900234,0.02703143
2018-12-31,-0.058923356,0.22235454202816307,-0.06719735,-0.10465486,-0.057235055,0.919549,0.9210357,0.9259815,0.91472316,0.94310224,0.9337689,0.91585743,0.92597663,0.8813217,0.8176799,0.8015362,0.76439327,0.7584074,0.027867557,0.026833614
2019-01-01,-0.060595687,-0.015642250226396454,-0.06775265,-0.10762445,-0.058276653,0.9247232,0.92269355,0.92517775,0.9197935,0.94957995,0.9406837,0.9224825,0.93180513,0.8869996,0.82352567,0.808689,0.7707592,0.76483065,0.029079309,0.028768076
2019-01-02,-0.061385207,-0.23994387842334186,-0.06756618,-0.10933544,-0.05872237,0.9256155,0.9205555,0.92097574,0.9238042,0.9553947,0.94711673,0.9287724,0.93726504,0.8925661,0.8297148,0.8164627,0.7777781,0.77194685,0.03219097,0.03250512
2019-01-03,-0.061349854,-0.44888827151957833,-0.066694796,-0.10988665,-0.058623902,0.92278713,0.91518897,0.91390467,0.92686874,0.96051866,0.9529824,0.9346479,0.9423005,0.8979457,0.83611226,0.8246937,0.78528214,0.7795933,0.036869034,0.03772642
2019-01-04,-0.06055442,-0.6407942247312546,-0.0651999,-0.10938472,-0.058035985,0.916799,0.9071523,0.9044812,0.92910767,0.9649393,0.9582129,0.9400456,0.9468699,0.9030757,0.8425959,0.8332299,0.7931154,0.78761834,0.042790994,0.04412502
2019-01-05,-0.059070576,-0.8139613995337628,-0.06314746,-0.10794407,-0.057016373,0.90821093,0.8969943,0.8932098,0.9306489,0.96865875,0.96275806,0.94491744,0.9509458,0.9079058,0.8490568,0.8419306,0.80113363,0.79588133,0.049645364,0.05140532
2019-01-06,-0.056932412,-0.9657508235825604,-0.060558982,-0.1057323,-0.0556499,0.89838743,0.88611203,0.8813077,0.93187076,0.97155714,0.96629244,0.9490275,0.9543657,0.9122677,0.85521597,0.8505499,0.8090491,0.80414253,0.05659701,0.058815364
2019-01-07,-0.05424119,-1.0947522837569479,-0.05752704,-0.102863245,-0.0539918,0.88759935,0.87472934,0.8689955,0.9328288,0.9737158,0.9689058,0.95243156,0.95718384,0.9161831,0.86105585,0.8590117,0.8167965,0.8123226,0.0635474,0.06624933
2019-01-08,-0.051103957,-1.1995137854102684,-0.05414754,-0.09945965,-0.05210093,0.87613636,0.8630819,0.8564994,0.9335918,0.9752277,0.97069824,0.9551959,0.9594652,0.9196832,0.8665674,0.86724883,0.8243185,0.8203504,0.07039586,0.07360126
2019-01-09,-0.047633518,-1.2785415523699069,-0.050519753,-0.0956532,-0.050039772,0.8643074,0.851417,0.84405094,0.93424195,0.9761974,0.9717804,0.9573974,0.96128505,0.9228086,0.87175006,0.8752025,0.83156586,0.8281633,0.077039525,0.08076503
2019-01-10,-0.04394845,-1.330300026937291,-0.046746276,-0.09158449,-0.047874425,0.85244036,0.83999395,0.8318873,0.9348745,0.97674125,0.9722733,0.95912325,0.9627294,0.9256091,0.8766119,0.8828226,0.838497,0.8357067,0.0833734,0.08763438
2019-01-11,-0.040173102,-1.3532118698878899,-0.04293307,-0.08740304,-0.045674615,0.8408822,0.8290836,0.8202511,0.935598,0.97698694,0.97230834,0.9604715,0.96389467,0.92814416,0.88116944,0.89006764,0.8450784,0.84293455,0.08929031,0.094102874
2019-01-12,-0.0364376,-1.3456579604712153,-0.039189428,-0.08326728,-0.04351368,0.829999,0.8189687,0.80939037,0.9365344,0.977074,0.97202754,0.96155053,0.9648878,0.9304825,0.8854478,0.89690477,0.85128444,0.8498089,0.09468095,0.10006393
2019-01-13,-0.032877836,-1.3059773964108217,-0.03562799,-0.07934458,-0.0414686,0.8201759,0.80994374,0.79955864,0.93781865,0.97715354,0.9715833,0.96247935,0.96582645,0.9327022,0.88948053,0.9033097,0.85709745,0.85630006,0.09943382,0.105410814
2019-01-14,-0.029635468,-1.232467493904305,-0.03236475,-0.0758112,-0.03961996,0.81181705,0.8023149,0.791015,0.9395991,0.9773883,0.9711385,0.9633874,0.96683854,0.9348908,0.89330983,0.9092667,0.8625076,0.86238694,0.10343526,0.110036634
2019-01-15,-0.026857933,-1.123383787623303,-0.02951904,-0.07285236,-0.03805197,0.8053458,0.7964003,0.784024,0.9420373,0.97795266,0.9708664,0.9644148,0.9680628,0.9371452,0.8969863,0.91476876,0.867513,0.86805636,0.10656949,0.11383436
2019-01-16,-0.024698433,-0.9769400307134971,-0.02721354,-0.07066217,-0.036852464,0.80120426,0.7925297,0.77885556,0.94530797,0.9790326,0.97095066,0.96571213,0.96964836,0.93957174,0.90056926,0.9198174,0.8721197,0.8733037,0.10871853,0.116696775
2019-01-17,-0.022881288,-0.8214705955802378,-0.025272666,-0.068808876,-0.03583606,0.79852116,0.79011905,0.77522504,0.948299,0.98009026,0.9710344,0.96689487,0.97113097,0.941792,0.9037371,0.9241561,0.8760766,0.8777881,0.11001459,0.11865701
2019-01-18,-0.021443402,-0.6639769666660048,-0.023737075,-0.067317724,-0.0350164,0.79738486,0.7892495,0.7732486,0.95082915,0.9811187,0.9711601,0.9679743,0.9724973,0.9437857,0.9064518,0.9277254,0.8793274,0.8814201,0.110409595,0.119648874
2019-01-19,-0.020419708,-0.5119565010902711,-0.022645405,-0.06621158,-0.03440583,0.7978791,0.78999734,0.77303797,0.95270735,0.9821093,0.97137094,0.96896243,0.97373354,0.9455332,0.9086767,0.93046933,0.8818192,0.88411236,0.10985781,0.11960853
2019-01-20,-0.01984315,-0.3734024286495053,-0.022034252,-0.065510914,-0.03401538,0.800083,0.79243433,0.7747003,0.95373255,0.98305213,0.9717107,0.96987206,0.9748252,0.94701546,0.91037667,0.93233603,0.8835023,0.8857798,0.108315855,0.118474476
2019-01-21,-0.019744707,-0.2568038518171704,-0.021938186,-0.0652338,-0.03385476,0.80407083,0.79662734,0.7783383,0.95369387,0.98393565,0.9722238,0.97071683,0.97575736,0.94821393,0.91151845,0.93327737,0.88433015,0.8863395,0.105742656,0.11618758
2019-01-22,-0.019943524,-0.19455455460654839,-0.022163553,-0.06547809,-0.033977177,0.8099055,0.8026669,0.78393215,0.95434666,0.984713,0.97255945,0.97119415,0.97630715,0.9488538,0.9117997,0.9333268,0.8842209,0.8860349,0.102100514,0.112755045
2019-01-23,-0.020404898,-0.2030203286282751,-0.022674331,-0.066281244,-0.034402892,0.8176501,0.8106187,0.79154086,0.95604146,0.98535985,0.97264683,0.9712261,0.97639763,0.948842,0.91111076,0.9324666,0.883123,0.8848828,0.097353324,0.10814125
2019-01-24,-0.021109506,-0.22713123544852043,-0.023447003,-0.06733558,-0.034965347,0.8260061,0.8191499,0.79987574,0.95763946,0.9860443,0.9728648,0.9712318,0.97642213,0.94866407,0.9101193,0.93114746,0.881597,0.8832473,0.09228954,0.1031269
2019-01-25,-0.022017417,-0.26380027066004436,-0.024438882,-0.068575464,-0.035628986,0.8346278,0.8279077,0.80858827,0.9590963,0.98679507,0.9732638,0.9712713,0.9764346,0.9483904,0.9089386,0.9294983,0.8797755,0.8812608,0.08711958,0.097922415
2019-01-26,-0.023083359,-0.3095639306399305,-0.025601555,-0.06992818,-0.036354408,0.84314066,0.8365102,0.8172992,0.9603659,0.98764235,0.9738961,0.9714086,0.9764932,0.94809777,0.90769285,0.9276617,0.8778048,0.8790697,0.08207091,0.092756204
2019-01-27,-0.024256716,-0.3605822125495865,-0.02688087,-0.07131395,-0.037098385,0.8511409,0.8445465,0.82559884,0.9614004,0.9886174,0.9748155,0.971712,0.9766603,0.94786924,0.9065168,0.9257937,0.87584436,0.87683445,0.07738798,0.08787466
2019-01-28,-0.025481531,-0.41263861433474386,-0.028216949,-0.07264593,-0.03781385,0.858196,0.8515765,0.83304703,0.9621503,0.9897533,0.97607756,0.9722537,0.9770025,0.94779444,0.9055559,0.92406374,0.87406707,0.87472934,0.07333228,0.083542146
2019-01-29,-0.026696503,-0.46114013472545756,-0.029544177,-0.07383023,-0.03844991,0.8638443,0.8571311,0.83917314,0.9625644,0.9910841,0.97773963,0.97311026,0.97759044,0.9479692,0.90496635,0.92265487,0.8726591,0.87294275,0.07018227,0.080041006
2019-01-30,-0.027834997,-0.5011172732361068,-0.03079121,-0.074765876,-0.038951818,0.8675951,0.8607122,0.84347594,0.96258986,0.9926455,0.9798607,0.97436213,0.97849905,0.9484959,0.9049149,0.9217636,0.8718201,0.87167716,0.06823347,0.07767157
2019-01-31,-0.028695315,-0.5045429110439488,-0.03174393,-0.075137004,-0.039145086,0.8687524,0.8616119,0.8452756,0.9618811,0.994508,0.9826283,0.9762961,0.98001504,0.9497674,0.90597737,0.92202425,0.87226,0.87156767,0.0679067,0.076844566
2019-02-01,-0.029484728,-0.49364601416787235,-0.03262231,-0.07536179,-0.039257076,0.86957014,0.8621547,0.8467765,0.9609171,0.99643064,0.9855596,0.9784171,0.98170626,0.9512583,0.90734714,0.92259055,0.87306297,0.8717584,0.06779971,0.07620831
2019-02-02,-0.030233778,-0.47570788451006835,-0.03345804,-0.07552219,-0.039333146,0.87033516,0.86264366,0.84823316,0.9598634,0.9983633,0.9885295,0.9806003,0.98346156,0.9528371,0.9088401,0.9232883,0.8740198,0.8720789,0.06772502,0.07559957
2019-02-03,-0.030968716,-0.45742852793330396,-0.034278225,-0.07569616,-0.039416395,0.8713497,0.8633983,0.84991455,0.9588844,1.0002534,0.9914088,0.9827209,0.98517096,0.954376,0.91027725,0.9239508,0.8749296,0.87236625,0.06748467,0.0748459
2019-02-04,-0.031711508,-0.4449266542609214,-0.03510538,-0.07595765,-0.03954765,0.8729315,0.864755,0.8521037,0.9581434,1.002046,0.9940644,0.984654,0.9867262,0.95575094,0.91148496,0.92441905,0.87560004,0.8724652,0.0668702,0.0737656
2019-02-05,-0.032502346,-0.5551249167766908,-0.03598611,-0.07637787,-0.039762076,0.87558955,0.86724734,0.85514647,0.9582965,1.0034355,0.99631923,0.98627234,0.9877399,0.95662355,0.91204673,0.9244815,0.8755415,0.8721104,0.06556304,0.07212705
2019-02-06,-0.03340798,-0.754469531296389,-0.036991246,-0.076959625,-0.040063977,0.878497,0.8699956,0.858335,0.95899206,1.0046399,0.99845064,0.9877328,0.9884129,0.9571361,0.9121411,0.9241772,0.87490225,0.871356,0.06410807,0.070390895
2019-02-07,-0.03442324,-0.8840081108737367,-0.03812522,-0.07783403,-0.040530775,0.88161486,0.8729479,0.86175615,0.9608681,1.0067292,1.0009797,0.9893772,0.98968965,0.95797956,0.91244423,0.92378914,0.8743717,0.8707075,0.06253414,0.06852282
2019-02-08,-0.035574026,-0.9588741513598833,-0.039409798,-0.079007655,-0.04116635,0.8849278,0.8760924,0.86539656,0.9635616,1.0094185,1.0037041,0.991032,0.9912986,0.95892656,0.91271716,0.92313176,0.873705,0.86992586,0.060845315,0.06652845
2019-02-09,-0.036882978,-0.993266177845989,-0.04086369,-0.080484144,-0.041972924,0.88842016,0.87941664,0.8692422,0.96673256,1.0124415,1.0064371,0.99253815,0.99298847,0.959768,0.9127412,0.92203695,0.8726791,0.8687931,0.059046336,0.06441396
2019-02-10,-0.03853597,-1.0448396653155867,-0.04266217,-0.082392804,-0.04302287,0.89220387,0.88304067,0.8734324,0.9690149,1.0147173,1.0083818,0.9931586,0.99367654,0.95954895,0.9114586,0.9195725,0.8701482,0.8661965,0.05705909,0.0620929
2019-02-11,-0.04048969,-1.110068939964007,-0.0447609,-0.084685534,-0.04428946,0.8962167,0.88690287,0.8778969,0.97049004,1.0163164,1.0096054,0.9929744,0.9934562,0.95836985,0.9089985,0.91588485,0.8662699,0.8622874,0.054919485,0.0596059
2019-02-12,-0.04270166,-1.1855867542869916,-0.04711645,-0.087314464,-0.04574606,0.90039885,0.8909443,0.8825684,0.971237,1.0173076,1.010175,0.9920665,0.99241996,0.9563306,0.9054892,0.9111191,0.8612006,0.8572154,0.05266204,0.05699186
2019-02-13,-0.045130275,-1.268184287080694,-0.049686283,-0.09023198,-0.04736616,0.9046935,0.8951086,0.8873828,0.97133213,1.0177588,1.0101573,0.99051565,0.9906599,0.9535308,0.90105814,0.9054185,0.8550949,0.8511287,0.05031989,0.05428797
2019-02-14,-0.047734763,-1.3548111434416792,-0.052428752,-0.0933907,-0.04912336,0.9090464,0.8993419,0.892279,0.9708492,1.0177364,1.0096195,0.9884022,0.988267,0.9500692,0.8958321,0.8989249,0.8481062,0.84417397,0.047924783,0.05152968
2019-02-15,-0.050475203,-1.4425753547669231,-0.055303115,-0.09674351,-0.05099137,0.913406,0.90359294,0.8971993,0.9698594,1.0173055,1.0086281,0.98580635,0.98533183,0.9460444,0.889937,0.89177823,0.8403861,0.83649653,0.04550707,0.048750732
2019-02-16,-0.053312525,-1.5287433787538134,-0.058269538,-0.100243516,-0.05294401,0.91772354,0.907813,0.90208876,0.9684313,1.0165297,1.00725,0.9828082,0.9819441,0.94155425,0.8834979,0.8841171,0.8320848,0.8282401,0.04309572,0.045983143
2019-02-17,-0.056208503,-1.6107400994001482,-0.061289065,-0.103844106,-0.054955207,0.92195284,0.91195595,0.90689576,0.96663094,1.0154716,1.0055517,0.9794873,0.97819257,0.9366963,0.8766392,0.87607837,0.8233511,0.8195469,0.040718317,0.043257203
2019-02-18,-0.059125766,-1.6861488270041383,-0.064323656,-0.10749889,-0.056998998,0.92605054,0.91597813,0.91157174,0.96452165,1.0141922,1.0035998,0.97592336,0.9741657,0.9315675,0.86948436,0.8677973,0.8143321,0.8105577,0.03840105,0.04060148
2019-02-19,-0.062027786,-1.7527112981644049,-0.06733615,-0.11116174,-0.059049543,0.929976,0.9198386,0.91607136,0.9621643,1.0127516,1.0014606,0.9721956,0.96995074,0.92626417,0.86215615,0.8594076,0.8051736,0.8014119,0.03616872,0.03804283
2019-02-20,-0.06487889,-1.808327675779981,-0.0702903,-0.114786744,-0.061081104,0.9336911,0.92349887,0.9203522,0.9596171,1.011208,0.9992005,0.9683831,0.9656345,0.9208824,0.8547765,0.8510412,0.7960197,0.7922472,0.034044746,0.035606366
2019-02-21,-0.067644246,-1.8510565490503104,-0.073150754,-0.11832829,-0.06306805,0.9371606,0.926923,0.92437524,0.95693564,1.0096189,0.9968859,0.9645646,0.9613031,0.9155176,0.8474666,0.8428286,0.7870131,0.78319997,0.032051157,0.0333155
2019-02-22,-0.07028987,-1.879114933475249,-0.07588305,-0.12174096,-0.064984865,0.94035196,0.9300776,0.92810416,0.95417297,1.00804,0.9945829,0.9608189,0.9570417,0.91026473,0.8403467,0.8348986,0.778295,0.774405,0.030208588,0.031191906
2019-02-23,-0.07278264,-1.8908782708550642,-0.07845363,-0.124979615,-0.066806145,0.9432353,0.9329321,0.9315062,0.9513796,1.0065258,0.9923575,0.9572242,0.9529348,0.90521824,0.8335364,0.82737833,0.77000505,0.7659956,0.028536296,0.029255548
2019-02-24,-0.07509028,-1.884880429290433,-0.08082984,-0.12799937,-0.0685066,0.94578344,0.935458,0.9345515,0.94860333,1.0051296,0.99027574,0.95385873,0.9490663,0.90047216,0.8271544,0.82039344,0.7622814,0.7581038,0.027052138,0.02752466
2019-02-25,-0.07718134,-1.859813703182446,-0.0829799,-0.13075553,-0.070061035,0.9479719,0.9376299,0.93721324,0.94588935,1.0039033,0.9884035,0.95080036,0.9455191,0.89611983,0.82131875,0.8140679,0.7552607,0.75085986,0.025772592,0.026015753
2019-02-26,-0.07902524,-1.8145288132326038,-0.08487297,-0.13320373,-0.07144439,0.949779,0.9394245,0.93946785,0.94328046,1.0028976,0.9868067,0.9481268,0.9423756,0.89225423,0.81614655,0.808524,0.74907815,0.7443927,0.024712745,0.02474362
2019-02-27,-0.08059224,-1.7480349064428191,-0.08647905,-0.1352998,-0.072631694,0.9511855,0.94082135,0.9412949,0.9408167,1.0021617,0.985551,0.9459155,0.9397174,0.8889679,0.81175417,0.80388254,0.74386734,0.73882973,0.023886293,0.02372133
2019-02-28,-0.08185346,-1.6594995561154149,-0.0877691,-0.13699983,-0.0735981,0.9521753,0.94180256,0.94267696,0.9385355,1.0017437,0.98470205,0.9442437,0.93762535,0.8863527,0.80825716,0.80026263,0.7397604,0.73429686,0.02330555,0.022960225
2019-03-01,-0.08278085,-1.5482487618531267,-0.088714935,-0.13826014,-0.07431887,0.95273465,0.9423526,0.94359976,0.93647176,1.00169,0.9843254,0.9431884,0.93617946,0.8845002,0.80577034,0.7977817,0.736888,0.7309185,0.022981437,0.022469932
2019-03-02,-0.08334724,-1.4137669495591008,-0.08928928,-0.13903734,-0.07476937,0.9528526,0.9424586,0.9440522,0.9346579,1.0020463,0.9844866,0.9428264,0.93545914,0.8835013,0.80440766,0.79655564,0.7353792,0.7288177,0.022923486,0.022258352
2019-03-03,-0.08370549,-1.287037138498794,-0.089655116,-0.13957539,-0.07508527,0.9527647,0.94235986,0.9442309,0.9335254,1.0028101,0.9850757,0.9429549,0.9352563,0.88305384,0.80373204,0.7961124,0.734675,0.72753704,0.022990145,0.022203965
2019-03-04,-0.08388284,-1.1770783033708514,-0.08984267,-0.13991587,-0.07528927,0.9525371,0.9421219,0.94419104,0.93321973,1.0040106,0.9861065,0.94356817,0.9355646,0.8831322,0.80369407,0.79639214,0.7346995,0.72702616,0.023144139,0.022273667
2019-03-05,-0.08391054,-1.093626493428553,-0.089886434,-0.14010565,-0.07540704,0.95224315,0.94181746,0.9439947,0.93389076,1.0056745,0.98758954,0.9446552,0.9363717,0.8837035,0.80423373,0.79732287,0.7353632,0.7272231,0.02334414,0.022430358
2019-03-06,-0.08382391,-1.0471348324798113,-0.08982516,-0.14019701,-0.07546723,0.95196295,0.94152606,0.9437107,0.935693,1.0078268,0.9895322,0.94619966,0.93765944,0.88472706,0.80528027,0.79882073,0.7365626,0.7280539,0.023544762,0.02263294
2019-03-07,-0.083662294,-1.0487735188871754,-0.08970189,-0.14024758,-0.07550143,0.9517839,0.9413345,0.94341457,0.93878555,1.0104903,0.99193853,0.94818014,0.9394039,0.886155,0.8067525,0.8007897,0.73818076,0.729433,0.023696564,0.022836313
2019-03-08,-0.083437964,-0.956520664584041,-0.08952434,-0.14031865,-0.07554891,0.95155764,0.94108653,0.94312143,0.9426493,1.0140275,0.99486405,0.95057327,0.94196266,0.8882333,0.80890137,0.8032044,0.74050885,0.7314254,0.023883656,0.023047555
2019-03-09,-0.08330665,-0.7363871789433384,-0.08948271,-0.140776,-0.075820215,0.9515269,0.94102335,0.9430735,0.9491352,1.020252,1.0000557,0.9547134,0.9468921,0.89213085,0.81272966,0.80694646,0.7444749,0.7348792,0.024030445,0.023187028
2019-03-10,-0.08330248,-0.5291780433861544,-0.0895872,-0.14146481,-0.07622414,0.9516728,0.94113904,0.94318455,0.95650613,1.027307,1.0061673,0.9595474,0.9525073,0.896526,0.8169369,0.811074,0.7487575,0.73863345,0.0241137,0.023269888
2019-03-11,-0.08344178,-0.3500950421301172,-0.08984089,-0.14232877,-0.07672749,0.951967,0.9414068,0.9434483,0.9637868,1.0343517,1.0124148,0.9644243,0.95803374,0.9007847,0.82090336,0.81500214,0.7527272,0.74208134,0.024125101,0.023279458
2019-03-12,-0.08367951,-0.25629204120433263,-0.09015603,-0.14283463,-0.077021174,0.95265305,0.9420934,0.9441786,0.9679917,1.0392793,1.0166777,0.96756065,0.96119356,0.90328366,0.82315594,0.8173067,0.7547572,0.7436566,0.02392642,0.023058696
2019-03-13,-0.08384035,-0.1891486697344431,-0.09036566,-0.1429435,-0.07708546,0.9534485,0.9429031,0.94506097,0.9703623,1.0429037,1.0195774,0.9695734,0.9629622,0.9048198,0.82457566,0.81879425,0.7558796,0.7443599,0.023662902,0.022761948
2019-03-14,-0.08369962,-0.033795624379057816,-0.09024096,-0.14283079,-0.07702003,0.9538505,0.94324327,0.9454647,0.9723398,1.0454508,1.0211387,0.9707861,0.96413416,0.9059307,0.82568914,0.8201079,0.7569601,0.7451225,0.023608625,0.022678547
2019-03-15,-0.083328396,0.185755312243752,-0.08985664,-0.14254455,-0.07685353,0.95385706,0.94313407,0.9454254,0.97366136,1.046836,1.0213686,0.971129,0.9645911,0.90647733,0.8263461,0.8210591,0.7578056,0.74572414,0.023738729,0.022777667
2019-03-16,-0.0827936,0.44702068411992335,-0.0892832,-0.1421304,-0.07661313,0.9534688,0.94259727,0.94497883,0.97409105,1.0469906,1.0202843,0.9705448,0.9642303,0.90633655,0.82641214,0.82147783,0.75824106,0.74596435,0.024029149,0.023029776
2019-03-17,-0.0823803,0.6795965754551515,-0.08881453,-0.14180632,-0.07642847,0.9527111,0.941753,0.94430405,0.9705647,1.0438445,1.0160836,0.966851,0.9605731,0.90285665,0.82294494,0.8181836,0.7550618,0.74241513,0.024336081,0.023271903
2019-03-18,-0.08206776,0.8817164642949079,-0.08843142,-0.1415506,-0.07628666,0.9515827,0.94059086,0.9433858,0.9639209,1.038081,1.0094558,0.9607787,0.9544019,0.896855,0.8168507,0.81212485,0.74921715,0.73607486,0.024680076,0.023525225
2019-03-19,-0.0818366,1.0519242048851192,-0.08811606,-0.14134341,-0.07617587,0.95008534,0.9391045,0.9422124,0.95495516,1.0303497,1.0010544,0.95301896,0.946456,0.88910216,0.80898213,0.8041941,0.7415992,0.72788167,0.025079504,0.023808897
2019-03-20,-0.08166879,1.189074027672167,-0.08785202,-0.14116678,-0.076085374,0.9482246,0.9372912,0.9407759,0.94441974,1.0212666,0.9914976,0.9442225,0.9374312,0.880322,0.80013806,0.7952274,0.7330431,0.7187134,0.025550552,0.024140045
2019-03-21,-0.0815476,1.2923305393028879,-0.08762429,-0.1410046,-0.07600551,0.94600916,0.93515205,0.9390718,0.933024,1.0114131,0.9813679,0.93500006,0.9279798,0.8711915,0.79106414,0.7860049,0.7243268,0.7093875,0.026107227,0.024533778
2019-03-22,-0.08145769,1.3527329083696011,-0.08741922,-0.14084266,-0.07592773,0.9434511,0.932692,0.93709916,0.9234607,1.0030892,0.97298646,0.92784506,0.9207494,0.8645128,0.78492254,0.77986187,0.71879923,0.70340174,0.02676136,0.02500318
2019-03-23,-0.08138501,1.3730792847254014,-0.08722459,-0.14066856,-0.07584454,0.94056606,0.9299196,0.9348609,0.9156292,0.9961835,0.9662316,0.92260104,0.9155777,0.8600937,0.78146935,0.77653325,0.7161857,0.70047426,0.027522596,0.025559304
2019-03-24,-0.08131687,1.3562704157476093,-0.08702954,-0.14047182,-0.07574956,0.9373729,0.92684734,0.9323632,0.9094355,0.99059397,0.96098983,0.9191189,0.91230935,0.857749,0.780468,0.7757623,0.7162192,0.70033014,0.028398398,0.026211187
2019-03-25,-0.081241935,1.305309646337769,-0.08682464,-0.14024378,-0.07563747,0.9338939,0.92349136,0.92961603,0.9047924,0.9862278,0.9571559,0.9172566,0.9107957,0.8572999,0.781689,0.77730036,0.71864027,0.70270175,0.029394055,0.02696584
2019-03-26,-0.08115018,1.2233029189216493,-0.08660184,-0.13997771,-0.07550404,0.9301548,0.9198717,0.926633,0.9016198,0.9830017,0.9546328,0.9168793,0.9108952,0.8585746,0.7849104,0.78090686,0.7231972,0.7073286,0.030512672,0.027828248
2019-03-27,-0.08103294,1.1134587734492434,-0.08635448,-0.13966867,-0.07534614,0.92618465,0.9160121,0.9234311,0.899844,0.9808415,0.9533318,0.9178595,0.91247296,0.861408,0.7899173,0.7863494,0.72964597,0.7139574,0.03175517,0.028801376
2019-03-28,-0.08088287,0.979088347394769,-0.0860773,-0.13931367,-0.0751617,0.92201596,0.91194016,0.920031,0.8993984,0.9796825,0.95317245,0.9200767,0.91540104,0.86564153,0.79650223,0.79340386,0.7377501,0.7223421,0.033120297,0.029886162
2019-03-29,-0.080693975,0.8236053757566683,-0.08576644,-0.13891152,-0.07494976,0.91768456,0.9076872,0.9164572,0.9002232,0.9794691,0.9540824,0.9234179,0.9195582,0.87112355,0.80446494,0.8018542,0.7472808,0.7322436,0.03460461,0.03108152
2019-03-30,-0.08046161,0.6505261910576075,-0.08541943,-0.13846292,-0.074710436,0.91322964,0.90328825,0.91273737,0.90226537,0.98015535,0.9559977,0.9277772,0.9248303,0.87770903,0.8136125,0.8114924,0.7580168,0.7434303,0.036202494,0.032384343
2019-03-31,-0.08018243,0.4634697233444774,-0.0850352,-0.13797043,-0.074444905,0.90869397,0.89878225,0.90890306,0.90547866,0.98170424,0.95886254,0.9330556,0.9311099,0.88525987,0.8237592,0.8221187,0.76974475,0.7556775,0.03790615,0.033789497
2019-04-01,-0.07985447,0.26615750018839335,-0.08461405,-0.13743852,-0.074155465,0.9041234,0.8942118,0.9049894,0.9098238,0.98408824,0.9626294,0.9391617,0.9382964,0.8936444,0.83472663,0.8335416,0.78225875,0.7687679,0.0397056,0.035289824
2019-04-02,-0.079477094,0.06241364668469511,-0.08415773,-0.13687348,-0.073845476,0.89956754,0.88962346,0.901035,0.915268,0.9872893,0.9672589,0.9460113,0.946296,0.902738,0.84634364,0.8455775,0.79536057,0.7824912,0.041588686,0.03687615
2019-04-03,-0.07905099,-0.14383511454705347,-0.08366932,-0.13628347,-0.073519394,0.8950791,0.88506734,0.89708215,0.9217858,0.9912984,0.97272,0.95352715,0.95502186,0.9124225,0.8584464,0.8580511,0.8088596,0.7966444,0.043541063,0.038537268
2019-04-04,-0.07857819,-0.3485594633630636,-0.08315335,-0.13567854,-0.07318275,0.89071417,0.88059753,0.8931766,0.929358,0.9961159,0.97898996,0.96163934,0.96439403,0.92258656,0.8708784,0.87079537,0.822573,0.8110316,0.04554621,0.040259946
2019-04-05,-0.078062065,-0.5476274820953226,-0.08261571,-0.13507059,-0.072842166,0.8865325,0.8762717,0.88936794,0.9379727,1.0017517,0.9860541,0.97028524,0.9743393,0.93312573,0.8834902,0.88365126,0.83632547,0.8254641,0.04758543,0.042028934
2019-04-06,-0.07750734,-0.7368046555515931,-0.082063705,-0.13447338,-0.07250534,0.8825969,0.8721515,0.8857091,0.9476245,1.0082247,0.99390614,0.97940934,0.98479134,0.94394207,0.89613986,0.8964678,0.84994936,0.8397604,0.049637835,0.04382696
2019-04-07,-0.076920055,-0.9117538710154136,-0.08150603,-0.13390258,-0.07218107,0.87897384,0.8683022,0.8822568,0.958315,1.0155632,1.002548,0.98896337,0.9956907,0.9549445,0.9086927,0.9091024,0.86328477,0.85374624,0.051680367,0.045634724
2019-04-08,-0.0763076,-1.0680354182460974,-0.080952756,-0.13337567,-0.07187922,0.87573296,0.86479306,0.8790712,0.9700526,1.0238053,1.0119897,0.99890625,1.0069848,0.96604866,0.92102116,0.9214204,0.8761792,0.8672544,0.05368778,0.0474309
2019-04-09,-0.07551645,-1.2029392732500428,-0.08020777,-0.13250032,-0.071373604,0.8726534,0.86140114,0.8759771,0.9802499,1.0306559,1.019855,1.0073178,1.0165854,0.9755973,0.93161726,0.9319452,0.8871777,0.87886816,0.055713497,0.049251642
2019-04-10,-0.074508935,-1.3123594377296754,-0.07922288,-0.13117664,-0.070606515,0.8697252,0.8581164,0.87297183,0.9881635,1.0354829,1.0254661,1.0136163,1.0238531,0.98305506,0.93995976,0.9401613,0.8957577,0.88806516,0.05775169,0.051089086
2019-04-11,-0.07324586,-1.392119976892989,-0.077947594,-0.12929931,-0.06951709,0.8669366,0.8549269,0.8700518,0.9930104,1.0376216,1.0281107,1.0171942,1.0281185,0.98786503,0.94551015,0.9455374,0.901381,0.89430773,0.059795797,0.052934397
2019-04-12,-0.07178087,-1.3814724456036278,-0.07646523,-0.12743102,-0.06843085,0.86391026,0.8514256,0.86678153,0.9967741,1.038153,1.0289264,1.0190083,1.0307811,0.9908284,0.94889635,0.9486925,0.9048723,0.8983684,0.06201319,0.05496709
2019-04-13,-0.06964313,-1.2425240353585199,-0.07429499,-0.12512776,-0.06709426,0.8590362,0.8458899,0.8614944,1.0006695,1.0369714,1.0278225,1.0191936,1.0321949,0.9923766,0.9506823,0.9503011,0.9070498,0.9013561,0.06532226,0.0580522
2019-04-14,-0.06728105,-1.0997294760281195,-0.071896024,-0.12254074,-0.06559647,0.8532127,0.839361,0.8552651,1.0024915,1.0335071,1.0244954,1.0170366,1.031162,0.99140286,0.9496715,0.9489784,0.90633047,0.90147007,0.06915645,0.061622705
2019-04-15,-0.06492026,-0.9769361590437575,-0.06949884,-0.11990291,-0.0640721,0.84694165,0.8324004,0.84865135,1.0012988,1.0274225,1.0186634,1.0121199,1.0271595,0.98730785,0.94517976,0.9439666,0.9019245,0.8977765,0.07318474,0.06536111
2019-04-16,-0.063218825,-0.9209701350355655,-0.06787256,-0.11802262,-0.06298456,0.8421311,0.8270943,0.84371877,0.99533105,1.0184771,1.0101566,1.0039282,1.0194403,0.9790234,0.9358322,0.93361866,0.8935697,0.88947445,0.07638473,0.068283476
2019-04-17,-0.06192721,-0.8815211836969103,-0.06672706,-0.11666541,-0.062195998,0.83866537,0.82323897,0.8402083,0.98790956,1.0090765,1.0011843,0.99503964,1.0108724,0.9696481,0.9251185,0.92170703,0.88453144,0.8801147,0.07888263,0.07053628
2019-04-18,-0.061017714,-0.858059098867728,-0.06600171,-0.11577307,-0.0616733,0.83644956,0.8207269,0.83800423,0.97956055,0.99965715,0.9921771,0.9859478,1.0019885,0.9597933,0.9137675,0.90903974,0.87512916,0.87010264,0.080688186,0.07213464
2019-04-19,-0.060462177,-0.8503849021502726,-0.065637894,-0.11528884,-0.06138417,0.83538777,0.81944984,0.836991,0.9708704,0.9907038,0.9836153,0.9771989,0.9933772,0.9501278,0.90257096,0.89648867,0.8657838,0.8599459,0.08181523,0.07309704
2019-04-20,-0.060232,-0.8586308429091167,-0.06557888,-0.11515738,-0.061297115,0.8353828,0.8192989,0.8370533,0.9624858,0.9827493,0.9760289,0.96939236,0.98568314,0.9413773,0.8923837,0.8849901,0.85701805,0.850254,0.082281634,0.07344536
2019-04-21,-0.060298134,-0.8832603982711523,-0.06576989,-0.11532479,-0.061381448,0.8363365,0.82016444,0.8380759,0.9551139,0.97637445,0.969998,0.9631804,0.97960716,0.93432474,0.88412356,0.8755445,0.849456,0.8417386,0.08210937,0.07320479
2019-04-22,-0.060631093,-0.9134118893890367,-0.066158086,-0.1157386,-0.061607283,0.8381495,0.8219359,0.8399438,0.94672155,0.9697879,0.96370107,0.95661134,0.97308946,0.9268096,0.8753579,0.8656078,0.84019226,0.83142614,0.08132445,0.07240397
2019-04-23,-0.061200943,-0.9467829007564894,-0.06669258,-0.116347775,-0.061945543,0.8407213,0.82450205,0.8425421,0.9373129,0.96295494,0.9570967,0.9496617,0.96611464,0.9188466,0.86612666,0.8552476,0.8289862,0.81911844,0.07995698,0.07107482
2019-04-24,-0.0619773,-0.9811944659533172,-0.06732441,-0.117102705,-0.062367953,0.8439504,0.827751,0.8457562,0.9269023,0.9558457,0.9501494,0.94231385,0.958673,0.91045415,0.8564719,0.84453106,0.815634,0.8046518,0.07804109,0.0692527
2019-04-25,-0.06292935,-1.0145910676454153,-0.06800656,-0.11795522,-0.06284704,0.8477341,0.8315699,0.8494715,0.9155147,0.9484354,0.94282985,0.9345557,0.95076084,0.9016545,0.8464379,0.83352536,0.79996866,0.787897,0.075615026,0.0669763
2019-04-26,-0.06453795,-0.9779044780321886,-0.0686136,-0.11874047,-0.06326061,0.8545299,0.83792526,0.8550806,0.90318537,0.9407042,0.93511474,0.9263807,0.9423802,0.89247346,0.83607095,0.8222974,0.77305603,0.76030815,0.07132237,0.06320332
2019-04-27,-0.0665885,-0.8933032777919143,-0.06913109,-0.11945533,-0.0636169,0.86331815,0.8459599,0.86193115,0.88995993,0.93263716,0.92698675,0.9177879,0.9335391,0.88294065,0.8254197,0.8109139,0.73794717,0.7248434,0.06570901,0.058366485
2019-04-28,-0.06915883,-0.882715381857348,-0.070119865,-0.12111881,-0.06444719,0.8718799,0.8534766,0.86831886,0.8783759,0.92743313,0.9212629,0.9113645,0.92673194,0.87535655,0.81652325,0.8015178,0.7065889,0.692995,0.059899338,0.05344362
2019-04-29,-0.071958564,-0.9290742529733509,-0.07135993,-0.12335928,-0.06556929,0.8797698,0.8602159,0.87405497,0.86761355,0.92394125,0.91692805,0.90619844,0.92109245,0.8689484,0.8087244,0.79343385,0.67843115,0.66426384,0.05416102,0.048617754
2019-04-30,-0.07471638,-1.0162780178872453,-0.072645426,-0.12582882,-0.06681242,0.8865736,0.8659346,0.8789611,0.85692465,0.9210944,0.9130427,0.90144676,0.9158214,0.86300296,0.801417,0.7860383,0.65296704,0.6381916,0.04874634,0.044062544
2019-05-01,-0.076939635,-1.0895121040853473,-0.073600456,-0.128346,-0.0679256,0.89190793,0.8704058,0.88286936,0.8430331,0.91480184,0.9059618,0.8938351,0.90775836,0.8545777,0.7919894,0.776645,0.62789357,0.6126196,0.044357512,0.040267088
2019-05-02,-0.07848101,-1.148774453199714,-0.07411319,-0.13055941,-0.06879348,0.8954202,0.87341875,0.88562244,0.8262621,0.90527457,0.8958907,0.8835521,0.8971052,0.843896,0.7806723,0.7654866,0.6034482,0.587793,0.041049857,0.037270393
2019-05-03,-0.079206355,-1.1940503959076365,-0.07408139,-0.13214488,-0.06930982,0.8967887,0.8747789,0.8870733,0.8069423,0.89273095,0.88304216,0.87079394,0.8840708,0.8311842,0.76769704,0.7527947,0.57986665,0.563955,0.038874783,0.035110135
2019-05-04,-0.07899466,-1.2253126519316395,-0.07341243,-0.13280554,-0.06937748,0.895723,0.874308,0.88708544,0.78541195,0.8773968,0.8676359,0.85576457,0.8688714,0.8166721,0.75329524,0.73879975,0.5573827,0.5413466,0.037879772,0.03382265
2019-05-05,-0.07773806,-1.2425213300394813,-0.072023265,-0.13227169,-0.06890846,0.891963,0.87184393,0.8855328,0.76201665,0.8595054,0.8498992,0.83867526,0.8517301,0.80059224,0.73769915,0.7237313,0.5362286,0.520207,0.038108375,0.03344293
2019-05-06,-0.07534186,-1.2456239280441541,-0.06984043,-0.13030095,-0.067823865,0.88528,0.8672408,0.8822999,0.73710966,0.8392976,0.83006614,0.81974524,0.8328775,0.7831808,0.72114146,0.70781773,0.5166347,0.5007731,0.039600216,0.03400463
2019-05-07,-0.07172451,-1.2345553328038839,-0.066800095,-0.12667818,-0.06605392,0.875476,0.86036897,0.87728155,0.7110516,0.8170215,0.80837834,0.7992011,0.81255114,0.76467675,0.7038554,0.69128627,0.4988295,0.48327973,0.042390995,0.03554007
2019-05-08,-0.066817604,-1.20923782022213,-0.06284799,-0.121215455,-0.06353796,0.8623839,0.85111505,0.8703831,0.68421066,0.7929328,0.78508455,0.77727705,0.7909957,0.74532247,0.6860745,0.6743633,0.48303995,0.4679599,0.04651249,0.038080223
2019-05-09,-0.060565908,-1.169581055247586,-0.057939447,-0.113752134,-0.060224447,0.84586746,0.83938175,0.86152035,0.6569625,0.76729465,0.7604406,0.75421506,0.76846313,0.7253634,0.668033,0.65727395,0.46949098,0.45504445,0.051992547,0.04165473
2019-05-10,-0.05292732,-1.115482091874179,-0.052039403,-0.10415481,-0.056070946,0.8258215,0.82508814,0.8506195,0.62969035,0.7403776,0.73470974,0.73026454,0.74521255,0.7050481,0.64996547,0.64024234,0.45840594,0.4447621,0.058855087,0.046291884
2019-05-11,-0.0438729,-1.0468253731410695,-0.045122378,-0.09231736,-0.051044155,0.80217165,0.8081694,0.8376173,0.6027849,0.7124596,0.70816225,0.7056826,0.72151005,0.68462837,0.6321071,0.6234916,0.4500063,0.43733963,0.067120105,0.05201865
2019-05-12,-0.033386864,-0.9634827311326519,-0.037172493,-0.07816085,-0.04511987,0.7748744,0.7885771,0.8224609,0.5766442,0.6838262,0.6810757,0.68073386,0.6976291,0.6643592,0.6146933,0.6072436,0.44451186,0.43300164,0.07680368,0.05886065
2019-05-13,-0.021466577,-0.8653133869785546,-0.028183464,-0.06163367,-0.03828302,0.7439172,0.7662787,0.8051079,0.551674,0.6547703,0.653735,0.6556907,0.67385024,0.6444987,0.5979603,0.5917194,0.44214058,0.43197078,0.08791794,0.06684216
2019-05-14,-0.008753019,-0.7755968885874287,-0.018802097,-0.04343797,-0.030943472,0.7113738,0.7434579,0.78764725,0.5265579,0.62545323,0.6262437,0.63038003,0.64981884,0.62444407,0.5810539,0.57590264,0.44175106,0.43268898,0.09926198,0.07485292
2019-05-15,0.0045447093,-0.7010592756893074,-0.009230561,-0.023790305,-0.023226686,0.677898,0.7207619,0.77068126,0.5012078,0.5961418,0.59884584,0.60495603,0.6256409,0.60420567,0.56389046,0.55964845,0.44315848,0.4348516,0.11048446,0.082581244
2019-05-16,0.018193116,-0.648831676484303,0.00030791154,-0.0029474327,-0.015274646,0.64421105,0.698893,0.7548606,0.47551244,0.56710804,0.5717891,0.5795727,0.6014182,0.5837816,0.5463672,0.54278904,0.446152,0.43812022,0.12120857,0.0896939
2019-05-17,0.032539837,-0.5960918761792899,0.010321323,0.019600661,-0.0067848815,0.609109,0.67645186,0.73875356,0.45048288,0.53848934,0.5451728,0.5545225,0.57756126,0.5638142,0.52933156,0.52637815,0.4497849,0.44196537,0.13201298,0.09678032
2019-05-18,0.047480687,-0.5418522294841508,0.020765573,0.043754164,0.0022031497,0.572862,0.6536173,0.7224809,0.42629817,0.51052654,0.51920784,0.5299994,0.5542554,0.54447037,0.51292783,0.51056796,0.45358568,0.4459348,0.14275843,0.10374191
2019-05-19,0.0628979,-0.48498903106791286,0.03158891,0.06938744,0.011641676,0.53577244,0.6305851,0.70617324,0.4031344,0.483463,0.4941059,0.50619924,0.5316872,0.5259162,0.49729887,0.49550945,0.4570441,0.44953978,0.15329769,0.11047536
2019-05-20,0.078660086,-0.42424251555875025,0.042731922,0.096349046,0.021474615,0.49817452,0.607568,0.6899718,0.3811648,0.45754448,0.47008005,0.4833199,0.51004434,0.5083174,0.4825856,0.4813529,0.45961136,0.452255,0.16347553,0.11687265
2019-05-21,0.09462229,-0.3582168575439824,0.054127544,0.124461696,0.03163757,0.46043462,0.58479583,0.674028,0.3605596,0.4330193,0.44734433,0.4615613,0.48951608,0.49183908,0.4689274,0.46824762,0.46070006,0.45351857,0.17312868,0.12282106
2019-05-22,0.11062593,-0.28538017157007506,0.06570106,0.15352233,0.042057846,0.42295104,0.5625153,0.65850335,0.3414862,0.41013828,0.4261141,0.4411253,0.47029278,0.4766459,0.45646194,0.45634198,0.45968413,0.45273203,0.18208593,0.12820315
2019-05-23,0.12649885,-0.2040645121426395,0.07737009,0.18330202,0.052654415,0.38615415,0.54099005,0.64357,0.32410905,0.38915467,0.40660578,0.42221585,0.45256615,0.46290186,0.44532517,0.44578347,0.45589888,0.44926038,0.19016808,0.1328968
2019-05-24,0.14205527,-0.11246587372643321,0.08904461,0.21354604,0.06333795,0.35050628,0.5205008,0.6294102,0.30858973,0.3703243,0.3890369,0.40503886,0.4365292,0.45077056,0.4356514,0.43671867,0.44864106,0.44243208,0.1971879,0.13677514
2019-05-25,0.15709585,-0.008644190745359456,0.10062693,0.24397388,0.07401082,0.3165019,0.50134516,0.6162164,0.29508692,0.35390538,0.37362617,0.38980234,0.4223762,0.44041502,0.4275732,0.42929322,0.43716872,0.43153894,0.20295018,0.13970661
2019-05-26,0.17140761,0.10947666241753255,0.112011716,0.27427915,0.08456707,0.28466737,0.48383775,0.6041915,0.28375632,0.34015867,0.3605935,0.37671617,0.41030273,0.43199772,0.42122152,0.42365187,0.4207013,0.4158363,0.20725173,0.14155497
2019-05-27,0.18547168,0.1513419120382836,0.12297494,0.3039665,0.0947604,0.252022,0.4654363,0.59146637,0.2747508,0.32934743,0.35015985,0.3659924,0.40050572,0.42568055,0.4167256,0.41993845,0.41058493,0.4062205,0.21181405,0.14367758
2019-05-28,0.19925605,0.09201540399738664,0.13336329,0.33262986,0.10442943,0.21811526,0.44564408,0.57765204,0.2682203,0.32173735,0.34254742,0.357845,0.39318332,0.42162502,0.41421297,0.4182959,0.40953988,0.40530825,0.21698639,0.14636946
2019-05-29,0.213115,0.04500256041756635,0.1438088,0.3612489,0.114126876,0.18420854,0.42585185,0.5638377,0.26088312,0.3131628,0.33407176,0.34892154,0.3851074,0.41685915,0.41106203,0.41599756,0.40792382,0.40385565,0.22230312,0.14916211
2019-05-30,0.22712852,0.02349659322140479,0.1543727,0.38977623,0.12388316,0.15030181,0.40605962,0.55002344,0.2518749,0.30259037,0.32380798,0.3383904,0.37547058,0.4106219,0.4065889,0.41234082,0.40512505,0.4012837,0.22791898,0.15216355
2019-05-31,0.24138243,0.04166798928871236,0.16512078,0.41816083,0.133731,0.116395086,0.3862674,0.5362091,0.24026725,0.28891015,0.31076273,0.32535857,0.3634057,0.40209588,0.400059,0.40657103,0.40048644,0.3969706,0.23400016,0.15548974
2019-06-01,0.25563633,0.05983938535601993,0.17586884,0.44654542,0.14357883,0.08248836,0.36647516,0.5223948,0.22865961,0.27522996,0.29771745,0.31232673,0.35134083,0.39356986,0.39352912,0.40080124,0.39584783,0.3926575,0.24008133,0.15881594
2019-06-02,0.26989025,0.07771032571769759,0.18661691,0.47493002,0.15342666,0.048581634,0.34668297,0.50858045,0.21644291,0.2609059,0.28405693,0.29878372,0.33870563,0.38417673,0.38609627,0.3942289,0.39028615,0.38749465,0.2461625,0.1623507
2019-06-03,0.28414416,0.09538811598289887,0.19736499,0.5033146,0.1632745,0.014674909,0.32689074,0.49476612,0.2038347,0.24616796,0.2700009,0.28491208,0.32570374,0.3742262,0.37808296,0.3871407,0.384131,0.38178563,0.25224367,0.16601954
2019-06-04,0.29839805,0.11297266137393912,0.20811306,0.5316992,0.17312233,-0.019231815,0.3070985,0.48095182,0.19103746,0.23123021,0.2557539,0.27088183,0.31252488,0.36400658,0.36978945,0.37980342,0.3776894,0.3758129,0.25832483,0.16975312
2019-06-05,0.3127804,0.13145217884512583,0.21908097,0.55971986,0.18304786,-0.054456104,0.2861632,0.4661755,0.1784963,0.21649732,0.2416989,0.25698948,0.29958397,0.35439724,0.36221573,0.373125,0.37210968,0.37061477,0.26496357,0.17363106
2019-06-06,0.32724532,0.15059187565980148,0.2301902,0.58750653,0.19302334,-0.0905274,0.2644931,0.45078075,0.16629176,0.20207791,0.22794104,0.24333014,0.2869571,0.34542507,0.3553597,0.36709672,0.36734468,0.36615458,0.27196074,0.17754292
2019-06-07,0.34175012,0.17017162056931845,0.24136765,0.61518025,0.20302293,-0.1270076,0.24246824,0.43508747,0.15449567,0.18806987,0.21457511,0.2299897,0.27471215,0.33711067,0.3492148,0.3617064,0.36334577,0.36239377,0.27913094,0.18138692
2019-06-08,0.35625523,0.18998594381303888,0.25254565,0.6428531,0.21302271,-0.16349104,0.22044058,0.4193918,0.14317125,0.17456026,0.20168549,0.21704495,0.26290888,0.32946837,0.34377003,0.3569384,0.36006296,0.359292,0.28630254,0.18506996
2019-06-09,0.37072426,0.2098440371183349,0.26366192,0.67062813,0.22300068,-0.19960453,0.19873387,0.40396625,0.13237306,0.16162543,0.1893462,0.20456347,0.25159892,0.32250625,0.3390099,0.3527735,0.35744467,0.3568072,0.29331756,0.18850763
2019-06-10,0.385124,0.22956975370058846,0.2746596,0.69859946,0.23293674,-0.23500732,0.17764373,0.38905963,0.12214699,0.14933091,0.17762083,0.1926037,0.24082571,0.31622607,0.33491448,0.3491891,0.35543796,0.35489544,0.3000318,0.19162421
2019-06-11,0.39942443,0.24900160826319134,0.28548726,0.72685224,0.2428127,-0.2693911,0.15743764,0.374897,0.11253027,0.13773149,0.16656263,0.18121491,0.23062454,0.31062338,0.33145937,0.346159,0.3539884,0.35351098,0.30631486,0.19435261
2019-06-12,0.4134585,0.2677490321195889,0.29603618,0.75338686,0.25229928,-0.30245474,0.13818993,0.36145872,0.103425354,0.12679794,0.15622948,0.17044914,0.22109704,0.305716,0.328592,0.34364218,0.35297352,0.35260814,0.31209457,0.19668026
2019-06-13,0.42725256,0.2857669146913199,0.30628815,0.7790118,0.26149392,-0.33396393,0.12017066,0.34900144,0.094897196,0.116589665,0.14664845,0.16033307,0.21223557,0.30147666,0.32628757,0.3416095,0.35235974,0.352137,0.317252,0.1985411
2019-06-14,0.4408326,0.30301880331951025,0.3162288,0.8044756,0.2704883,-0.3637161,0.10361771,0.3377527,0.08699902,0.10715344,0.1378366,0.15088452,0.20402625,0.2978726,0.32451618,0.34002826,0.3521105,0.3520458,0.3216831,0.19987893
2019-06-15,0.45496926,0.3194063546718388,0.3258001,0.83484936,0.28014377,-0.39167225,0.089418225,0.32890183,0.07979209,0.09835144,0.12951463,0.14178915,0.19595768,0.29442072,0.3226611,0.33827576,0.3515193,0.35157603,0.3244324,0.20002553
2019-06-16,0.4694219,0.33493562785468983,0.33501244,0.8691961,0.2902634,-0.4176465,0.07750223,0.32226416,0.07329901,0.09026677,0.1217818,0.13316251,0.1881787,0.29123586,0.32089022,0.336521,0.35078147,0.35092428,0.32573485,0.19916636
2019-06-17,0.4836901,0.35003751456459775,0.3441557,0.90527374,0.3004355,-0.44146797,0.06741896,0.31706896,0.06753264,0.08311177,0.11491154,0.12529168,0.1811207,0.28878087,0.3199161,0.33544582,0.3507287,0.3509143,0.32645535,0.19792809
2019-06-18,0.49766874,0.3645826600467445,0.35314685,0.94272435,0.31057122,-0.4630281,0.059198067,0.31332976,0.062492497,0.07688371,0.1089007,0.11819126,0.17478825,0.28700745,0.31966633,0.33499306,0.351283,0.35147366,0.3265885,0.19632562
2019-06-19,0.5112638,0.37845892322273683,0.36191228,0.98120457,0.32058933,-0.48225275,0.052844767,0.31104088,0.05816682,0.071566656,0.10373381,0.111863665,0.16917492,0.28585973,0.32006314,0.3351005,0.35236314,0.3525267,0.32613805,0.1943793
2019-06-20,0.5243925,0.3915713766906064,0.37038797,1.0203856,0.3304164,-0.49910247,0.04833985,0.31017777,0.054532643,0.06713143,0.099383004,0.10629914,0.16426331,0.28527436,0.3210232,0.33570072,0.35388443,0.35399455,0.32511687,0.19211502
2019-06-21,0.5369833,0.4038423067248097,0.3785193,1.0599533,0.33998665,-0.51357234,0.045639675,0.31069672,0.051555753,0.063535675,0.09580807,0.10147571,0.16002499,0.28518033,0.3224577,0.3367213,0.35575885,0.35579517,0.32354704,0.18956415
2019-06-22,0.5489758,0.4152112132762278,0.3862613,1.0996077,0.34924194,-0.5256921,0.04467617,0.312535,0.049190696,0.060723785,0.09295644,0.09735921,0.1564205,0.2854992,0.32427242,0.33808455,0.35789505,0.3578433,0.32145983,0.18676354
2019-06-23,0.560321,0.4256348099721667,0.3935785,1.1390637,0.3581319,-0.5355259,0.04535683,0.31561083,0.04738079,0.058626965,0.09076317,0.09390331,0.15339941,0.2861449,0.3263676,0.3397077,0.3601983,0.36005056,0.3188957,0.18375555
2019-06-24,0.5709808,0.43508702411635725,0.4004448,1.1780505,0.36661378,-0.54317266,0.047564715,0.31982335,0.0460581,0.057163198,0.08915095,0.09104945,0.15090027,0.2870239,0.32863796,0.34150293,0.36257043,0.3623252,0.3159042,0.18058805
2019-06-25,0.5809286,0.4435589966889548,0.40684384,1.2163119,0.3746525,-0.54876584,0.05115847,0.32505277,0.04514347,0.056237247,0.088030145,0.08872691,0.14885063,0.288035,0.3309729,0.34337717,0.36491004,0.36457244,0.3125442,0.1773144
2019-06-26,0.590149,0.45105908234654,0.4127686,1.2536062,0.3822208,-0.55247337,0.05597229,0.3311601,0.0445465,0.055740666,0.08729871,0.086852744,0.14716704,0.2890696,0.33325619,0.34523234,0.36711228,0.36669415,0.30888364,0.17399345
2019-06-27,0.5986375,0.4576128494221176,0.41822168,1.2897061,0.38929895,-0.5544979,0.061815955,0.33798736,0.044165544,0.055551793,0.08684227,0.08533185,0.14575502,0.2900114,0.3353662,0.3469651,0.36906895,0.36858916,0.30499965,0.17068955
2019-06-28,0.60640126,0.4632630799251177,0.42321512,1.3243991,0.39587498,-0.5550766,0.0684748,0.3453576,0.043887734,0.055535752,0.086534075,0.08405691,0.14450909,0.29073668,0.3371758,0.34846714,0.37066853,0.37015298,0.30097857,0.16747254
2019-06-29,0.6134583,0.4680697695413952,0.42777056,1.3574871,0.40194464,-0.5544812,0.075709745,0.35307467,0.04358895,0.055544455,0.086235024,0.082908414,0.14331281,0.29111412,0.33855236,0.3496249,0.37179607,0.37127793,0.29691592,0.16441779
2019-06-30,0.6196028,0.4717272751110678,0.43130267,1.3902853,0.40773255,-0.5529531,0.08310186,0.36065283,0.04310931,0.05549353,0.08571547,0.08171217,0.14176105,0.29038244,0.33882368,0.34977585,0.37174442,0.37125883,0.2926104,0.16149311
2019-07-01,0.62495935,0.47446675271646915,0.4340723,1.4220892,0.4131708,-0.5508564,0.090418704,0.36795458,0.042310983,0.055180978,0.084839515,0.08033946,0.1398145,0.28861755,0.33803692,0.34899047,0.3706023,0.37019387,0.28828523,0.15882519
2019-07-02,0.6323211,0.47734794505951816,0.4393425,1.4584156,0.41940314,-0.5485924,0.096661806,0.37480217,0.0410796,0.05425781,0.08296523,0.07823817,0.13766806,0.2873381,0.33656946,0.34886432,0.3688069,0.36974505,0.28548583,0.15704603
2019-07-03,0.6408725,0.4807395936867784,0.44628847,1.4964595,0.42595986,-0.5465898,0.101805694,0.38101187,0.04008262,0.05343748,0.08095388,0.07610591,0.13594474,0.2872489,0.33555427,0.34998837,0.36755577,0.3705841,0.28396696,0.15582009
2019-07-04,0.6498687,0.48474538545530543,0.45415378,1.5336189,0.43241385,-0.5453102,0.10577845,0.38637385,0.03938248,0.052790802,0.07904024,0.07411838,0.13469963,0.2882222,0.33523372,0.35219046,0.36713734,0.37257516,0.2835175,0.15503031
2019-07-05,0.65282357,0.4879753295722805,0.45600948,1.5496,0.43503955,-0.5452485,0.11107784,0.3919097,0.03904564,0.052389793,0.078735076,0.073403694,0.13380036,0.28778446,0.3358623,0.3523294,0.36785388,0.37274706,0.2808253,0.15319687
2019-07-06,0.65103287,0.48991234327159877,0.45316112,1.549102,0.4345812,-0.54511195,0.11818422,0.39823756,0.03878668,0.05202241,0.07952358,0.07357975,0.1330439,0.28588104,0.33670905,0.35047272,0.36882746,0.37100238,0.2760968,0.15051414
2019-07-07,0.6496719,0.4924789630204421,0.45158315,1.5470984,0.4338427,-0.5452174,0.12526986,0.40453735,0.03841059,0.051638357,0.080352075,0.07388272,0.13276087,0.28485215,0.33825442,0.34980485,0.37060112,0.37018782,0.27223796,0.14829943
2019-07-08,0.64864767,0.49544509023569183,0.4509982,1.5435872,0.4328402,-0.545487,0.13219695,0.41070274,0.03794377,0.051238835,0.081197776,0.074278206,0.13286327,0.28452674,0.34030148,0.3500566,0.37294477,0.37009546,0.26911402,0.1464767
2019-07-09,0.64788604,0.49859492979430353,0.4511501,1.5386051,0.431598,-0.5458505,0.138844,0.41664362,0.03740624,0.05082014,0.08203519,0.07472832,0.1332624,0.28473943,0.34265995,0.3509693,0.37563503,0.3705241,0.26658764,0.14496733
2019-07-10,0.6468841,0.5016184912443885,0.4510583,1.5340174,0.43043917,-0.5459216,0.14467923,0.42175606,0.037033148,0.050621323,0.08286087,0.07520315,0.13363402,0.2848223,0.34479022,0.3517409,0.3780282,0.37083074,0.26435584,0.14366652
2019-07-11,0.64576554,0.5043673359505223,0.45077506,1.5293008,0.4293009,-0.54576164,0.14976619,0.4261715,0.03675266,0.050540455,0.083635,0.075653635,0.13397186,0.284803,0.3466423,0.352332,0.38006625,0.37098745,0.2623342,0.14249884
2019-07-12,0.6444876,0.5066466785414044,0.4506536,1.5202353,0.42753428,-0.54533654,0.15406789,0.43015286,0.03651484,0.050406102,0.084442735,0.07614742,0.13463795,0.28528124,0.3486197,0.35313398,0.38222516,0.37153044,0.26079366,0.14149834
2019-07-13,0.64344573,0.5086888490837617,0.4507318,1.5106825,0.42575476,-0.5447762,0.15792541,0.43409735,0.03641216,0.05024514,0.08517383,0.07656966,0.13537633,0.28602493,0.35053816,0.3539625,0.38433874,0.3722174,0.25944567,0.1404797
2019-07-14,0.6429023,0.5104986393859715,0.4509964,1.5024691,0.42427316,-0.5441831,0.1615222,0.43819293,0.036413692,0.050012514,0.085733734,0.076816835,0.13600646,0.2868373,0.35219935,0.35462964,0.38618502,0.37281725,0.2580475,0.13930184
2019-07-15,0.6439154,0.5106590888348983,0.45064816,1.5021702,0.4241469,-0.54418975,0.16547844,0.4431721,0.036118146,0.049209535,0.085545234,0.07632582,0.13559493,0.28647348,0.35210192,0.35354355,0.38609493,0.37162942,0.2551052,0.13710785
2019-07-16,0.6454507,0.5098184414477288,0.45004776,1.5039587,0.4243681,-0.54452306,0.16889697,0.44768664,0.03560595,0.04819385,0.08508336,0.07560262,0.1349109,0.28574154,0.35133955,0.3518463,0.3853103,0.36994445,0.2520225,0.13486779
2019-07-17,0.64641875,0.5106419173294805,0.45058894,1.5021281,0.4240372,-0.54409677,0.17136097,0.45101547,0.035536047,0.047769856,0.085140154,0.0753535,0.13505855,0.28627148,0.35198244,0.35183695,0.38614044,0.37013322,0.25071338,0.13372128
2019-07-18,0.64721876,0.5123430198517357,0.4518002,1.498742,0.42349288,-0.5431531,0.17323399,0.45373544,0.035790697,0.04768688,0.0854147,0.07530467,0.13559185,0.28745127,0.35318673,0.35268596,0.38761458,0.3712281,0.25032446,0.1331077
2019-07-19,0.64796734,0.5145772451034849,0.45349997,1.4944869,0.4228423,-0.5418996,0.17451926,0.45584795,0.03626067,0.047846414,0.0858033,0.075375125,0.13637312,0.28904733,0.35468885,0.35411265,0.38943592,0.37292644,0.25064903,0.13291797
2019-07-20,0.64926684,0.5160893636342262,0.45504445,1.4924015,0.42256278,-0.5413774,0.17509381,0.45721596,0.036385577,0.047853608,0.08587504,0.07521353,0.1368211,0.29006118,0.3553905,0.3550105,0.39036804,0.3739763,0.2509422,0.13276903
2019-07-21,0.6510487,0.5169168915894431,0.4564481,1.4922769,0.42262074,-0.54146075,0.17501797,0.45790392,0.03623374,0.047730144,0.08565734,0.07484587,0.13697429,0.2905659,0.35536486,0.3554357,0.39049262,0.37445825,0.25121325,0.13266085
2019-07-22,0.65325135,0.5170984007346352,0.45772684,1.4939394,0.4229882,-0.5420298,0.17435384,0.45797843,0.03586914,0.047496326,0.08517547,0.074295804,0.13686758,0.29062957,0.35468054,0.3554413,0.3898859,0.37444785,0.25146803,0.13259126
2019-07-23,0.6558205,0.5166735184553173,0.45889795,1.4972502,0.4236428,-0.5429705,0.1731654,0.4575083,0.03535145,0.047171105,0.084452525,0.073584616,0.1365323,0.2903152,0.35340157,0.3550775,0.38861877,0.37401554,0.25170904,0.13255599
2019-07-24,0.658709,0.5156829277570203,0.45998022,1.5021052,0.42456788,-0.5441748,0.17151845,0.45656464,0.034736026,0.04677205,0.08350946,0.07273129,0.13599618,0.28968084,0.3515873,0.35439137,0.38675663,0.37322673,0.25193524,0.13254867
2019-07-25,0.66178024,0.5143209906338582,0.46111238,1.5081275,0.42570585,-0.54520994,0.16972494,0.45543414,0.03428105,0.04635709,0.08243457,0.07181047,0.1353965,0.28902408,0.34953907,0.35361308,0.38463396,0.37241045,0.2521579,0.13256516
2019-07-26,0.6650359,0.5125759929854762,0.4622737,1.515393,0.42706788,-0.5460977,0.16776712,0.45411608,0.03395925,0.045926172,0.08121965,0.07081575,0.13471337,0.28830555,0.347219,0.35271725,0.38220733,0.37152594,0.25236368,0.13259332
2019-07-27,0.66848254,0.5104410355278056,0.46344763,1.5240055,0.42866945,-0.5468575,0.1656351,0.45261723,0.03374414,0.045478903,0.07985604,0.0697398,0.1339261,0.28748676,0.34459054,0.35168016,0.37943473,0.37053388,0.25253612,0.13261901
2019-07-28,0.6721314,0.5079140337930637,0.46462217,1.534096,0.43053073,-0.54750663,0.16332687,0.45095184,0.033610012,0.045014553,0.07833463,0.06857442,0.13301313,0.2865303,0.34161875,0.3504796,0.37627545,0.36939648,0.25265586,0.13262612
2019-07-29,0.6759986,0.5049977181297531,0.46578953,1.5458226,0.43267614,-0.54806006,0.16084826,0.44914162,0.033531934,0.044532053,0.07664587,0.06731045,0.13195217,0.28539962,0.33827,0.34909496,0.37269008,0.36807755,0.25270042,0.13259652
2019-07-30,0.680105,0.5016996337026631,0.46694624,1.5593714,0.43513474,-0.5485305,0.15821294,0.44721577,0.033485767,0.04402999,0.07477977,0.06593788,0.13072006,0.28405938,0.33451226,0.34750724,0.36864066,0.36654234,0.25264436,0.1325101
2019-07-31,0.6848013,0.4985611559237364,0.46894503,1.572884,0.43763426,-0.5490184,0.15565725,0.44558495,0.033482064,0.04340031,0.07283386,0.06450447,0.12967648,0.28333503,0.33105287,0.34645045,0.36490417,0.365579,0.25288182,0.13250089
2019-08-01,0.6902136,0.49575505236411854,0.4720416,1.5859916,0.44012275,-0.54955834,0.1532737,0.4444033,0.03350822,0.04260966,0.070829,0.06301566,0.12890947,0.28344613,0.32807976,0.34612978,0.3616846,0.36539745,0.25350568,0.1325907
2019-08-02,0.69279855,0.4923341717900577,0.4723549,1.589791,0.44089118,-0.5501786,0.15218599,0.44385913,0.033504244,0.041809935,0.06946698,0.062043793,0.12816475,0.28260317,0.32531357,0.34463242,0.3586955,0.36403835,0.25278816,0.1321077
2019-08-03,0.6916211,0.48816619363946756,0.46895722,1.5813873,0.4393986,-0.5509108,0.15280989,0.44414085,0.033445973,0.04101845,0.06897145,0.061761267,0.12744002,0.28046265,0.32282963,0.34156618,0.35602367,0.36110115,0.25029433,0.13087103
2019-08-04,0.6858074,0.48291787211115217,0.46073285,1.558207,0.43516853,-0.55196655,0.15558948,0.44548303,0.03320741,0.040192086,0.069493935,0.06227686,0.12660193,0.2764519,0.32047662,0.33629432,0.35351437,0.35590738,0.24538983,0.12858869
2019-08-05,0.6823024,0.47862740870360276,0.45531633,1.5415876,0.4321819,-0.5533115,0.15738592,0.4463541,0.03280197,0.03937236,0.069537185,0.062478982,0.12595688,0.2735517,0.3184251,0.33261433,0.35135677,0.35207784,0.24197698,0.126989
2019-08-06,0.6823296,0.4758308143482938,0.454197,1.5352616,0.43113253,-0.5549151,0.15764189,0.44646424,0.032241065,0.03860037,0.06887096,0.062203903,0.12562263,0.2723963,0.31684586,0.33136106,0.34974065,0.35039788,0.24086784,0.12644735
2019-08-07,0.681916,0.4729240495653047,0.45268735,1.5282377,0.4299721,-0.55634755,0.15743904,0.44620577,0.031761874,0.03797321,0.06827843,0.062005576,0.12530035,0.27113646,0.3152261,0.3299507,0.3480771,0.34863344,0.23988152,0.1259681
2019-08-08,0.6809122,0.4698595666280774,0.4506236,1.5204147,0.42868033,-0.55746734,0.15664303,0.4454627,0.031438798,0.037547745,0.06779291,0.061905257,0.12498749,0.26973346,0.31353605,0.3282903,0.34632802,0.34675306,0.23902655,0.12555711
2019-08-09,0.67916524,0.4665780795541254,0.44782594,1.5117149,0.42724118,-0.5581292,0.15511474,0.44411588,0.03134829,0.037381444,0.06744591,0.06192197,0.12467528,0.2681374,0.31173402,0.32627094,0.34444228,0.3447126,0.23830228,0.12521519
2019-08-10,0.677138,0.46315848484538596,0.44512868,1.4996123,0.42524165,-0.5586323,0.15329978,0.44277507,0.031262804,0.03719019,0.06723286,0.062056568,0.124673314,0.2669896,0.31025827,0.32453322,0.34294498,0.34307456,0.23792416,0.1249707
2019-08-11,0.6748635,0.4594856856329403,0.44269156,1.4824588,0.42239806,-0.55905616,0.15115382,0.44153443,0.03114758,0.036870863,0.06716551,0.062322643,0.12512818,0.26653382,0.3092437,0.3232185,0.34198898,0.34202802,0.23801176,0.12483925
2019-08-12,0.6726097,0.45561935605205983,0.4401717,1.4650167,0.41947,-0.55948037,0.1488789,0.44031456,0.030967265,0.036495525,0.06708581,0.06256047,0.12557022,0.26606694,0.3081167,0.3217884,0.34090343,0.34087074,0.23808128,0.12465562
2019-08-13,0.6704822,0.4515516720984494,0.4375212,1.4483196,0.41662344,-0.55989903,0.14657734,0.4391711,0.030704752,0.036060266,0.06695714,0.0627249,0.12589669,0.2654544,0.30674642,0.32012647,0.33954108,0.3394552,0.23799853,0.12436036
2019-08-14,0.66859907,0.4472652894402335,0.43468896,1.4334514,0.4140324,-0.5603154,0.14435807,0.43816647,0.030338347,0.0355559,0.066737175,0.06276542,0.12599698,0.26455155,0.30498898,0.31810442,0.3377402,0.33762002,0.23761709,0.12388722
2019-08-15,0.6660011,0.4447202769698498,0.43272278,1.4150431,0.41085893,-0.5600072,0.14174317,0.43663356,0.030357327,0.03559656,0.067045696,0.0632604,0.12679404,0.26466104,0.30450118,0.31753322,0.33733913,0.33723387,0.23850852,0.1241501
2019-08-16,0.6623137,0.44478092914706735,0.4319361,1.3924798,0.4070149,-0.55845237,0.13863343,0.4343838,0.03102248,0.036511607,0.06815801,0.0644341,0.12857744,0.26620117,0.3058967,0.31903443,0.33900896,0.33895594,0.24120258,0.12546572
2019-08-17,0.65853894,0.444999560455995,0.43109232,1.3708853,0.40330517,-0.55688655,0.13526878,0.43179068,0.031627633,0.037550606,0.06933609,0.065653495,0.13034932,0.26763427,0.3073041,0.3205562,0.34066844,0.34065238,0.24407361,0.12691855
2019-08-18,0.6548788,0.4450153239664707,0.43003333,1.3511158,0.3998666,-0.55560434,0.1316868,0.4288647,0.03202635,0.038582202,0.070444025,0.06680839,0.1319367,0.26868597,0.30840585,0.32178676,0.34196413,0.34196883,0.24686997,0.1283819
2019-08-19,0.651543,0.44444921321250624,0.4285916,1.3340716,0.3968433,-0.5549118,0.12792496,0.42561784,0.032066323,0.039469644,0.07134043,0.06778398,0.13315944,0.26906997,0.30887106,0.322399,0.34252772,0.34253535,0.2493292,0.12972288
2019-08-20,0.6480713,0.4441957521682569,0.4272474,1.3174142,0.39386976,-0.55395377,0.12420202,0.42226267,0.03222238,0.04048867,0.072338894,0.06884047,0.13445382,0.26956487,0.30953217,0.3232162,0.3432995,0.3433042,0.25193554,0.13118751
2019-08-21,0.64448994,0.44421952411254356,0.426008,1.3011652,0.3909521,-0.5527145,0.12060859,0.41887262,0.032516632,0.041614648,0.073422484,0.069965445,0.13580891,0.27017736,0.31037822,0.32422346,0.34427068,0.3442678,0.25462773,0.13274373
2019-08-22,0.6408213,0.4444899775651164,0.42488307,1.2853322,0.38809443,-0.5511692,0.1172384,0.4155261,0.03297661,0.04282498,0.074576974,0.07114865,0.13721791,0.27092168,0.31140605,0.32541135,0.34544107,0.3454269,0.25734708,0.13436013
2019-08-23,0.6370835,0.4449814262866543,0.4238849,1.2699072,0.38529852,-0.5492835,0.11418831,0.41230634,0.033635233,0.04409913,0.07579085,0.07238194,0.13867798,0.27181926,0.31262043,0.32677588,0.3468192,0.34679055,0.26003763,0.13600603
2019-08-24,0.6332905,0.4456730492787656,0.42302817,1.2548679,0.3825641,-0.54701376,0.1115583,0.40930176,0.03453085,0.0454186,0.07705533,0.07365935,0.14019041,0.27289903,0.31403401,0.3283186,0.34842223,0.34837613,0.26264605,0.13765128
2019-08-25,0.6295859,0.4463379998732331,0.42216617,1.240603,0.37995285,-0.54476386,0.10911393,0.40631068,0.035420947,0.046709318,0.07826826,0.07489686,0.14160407,0.2738591,0.3153265,0.32978934,0.3498969,0.34983784,0.26510015,0.13926052
2019-08-26,0.6261111,0.44732486355318085,0.42161965,1.2274935,0.37755194,-0.5424598,0.10710864,0.4033961,0.03633545,0.04800499,0.079464845,0.07612533,0.14292797,0.27479208,0.31656557,0.3314534,0.3513372,0.3512973,0.26750085,0.14094259
2019-08-27,0.6228749,0.4484110209875215,0.42123482,1.2154956,0.37534854,-0.5402247,0.105458446,0.40055087,0.03721642,0.04925206,0.08059062,0.07730015,0.1441104,0.27559045,0.3176313,0.3331312,0.35260695,0.3526106,0.26974067,0.1426177
2019-08-28,0.61988723,0.449385345656775,0.4208661,1.2045652,0.37333056,-0.53817695,0.10408257,0.3977688,0.038007833,0.050399598,0.08159376,0.078378774,0.145102,0.2761518,0.31840917,0.33465198,0.3535763,0.35364032,0.27171823,0.14421007
2019-08-29,0.6179112,0.44954052453625315,0.41984352,1.1976137,0.37213665,-0.53704697,0.102844566,0.39492735,0.038388696,0.051207982,0.08204994,0.07887078,0.1451972,0.2754815,0.31785697,0.33477283,0.35303086,0.35313758,0.2724483,0.14518633
2019-08-30,0.6166889,0.4488697307714107,0.41822794,1.1935427,0.37152416,-0.5367234,0.101691015,0.39206418,0.0384021,0.05169986,0.08204665,0.07889853,0.14458662,0.27380753,0.3162037,0.33372712,0.35124242,0.35137737,0.27215958,0.14564347
2019-08-31,0.6154498,0.44781248026851334,0.4167206,1.1877102,0.37046388,-0.5366236,0.10075074,0.3896583,0.03825918,0.05199615,0.08201353,0.07900355,0.14422743,0.27233773,0.31470874,0.33284876,0.3496439,0.34981024,0.27194586,0.14605652
2019-09-01,0.61416423,0.44620015354650716,0.41514194,1.1804557,0.36903366,-0.5368292,0.0999093,0.38758534,0.037932005,0.052079484,0.08190033,0.07913732,0.14400385,0.27090982,0.3131912,0.3319365,0.3480436,0.34824187,0.2716897,0.14637005
2019-09-02,0.6128088,0.4438741380997158,0.4133234,1.1721026,0.36730832,-0.53742003,0.09905845,0.38572988,0.037392244,0.051932875,0.08165878,0.07925285,0.14380547,0.2693689,0.3114785,0.330799,0.34625816,0.3464864,0.27127945,0.14653079
2019-09-03,0.61124194,0.44061076527371107,0.4105719,1.1637211,0.3655491,-0.5388686,0.09760788,0.3833656,0.036628965,0.05155893,0.081241205,0.07934977,0.14322518,0.26714644,0.30893046,0.32868454,0.34360862,0.34385508,0.27021435,0.14628133
2019-09-04,0.60933596,0.4365676257833294,0.4071164,1.1546623,0.36362576,-0.54086167,0.095638216,0.38057268,0.03574803,0.051019616,0.08072229,0.0794702,0.142452,0.2645422,0.30588207,0.32593113,0.34045154,0.3407143,0.26877236,0.14578375
2019-09-05,0.60707986,0.43172031717138143,0.40305346,1.1447518,0.3615025,-0.5432704,0.09322269,0.37745592,0.03475552,0.050317727,0.080095045,0.07958687,0.14154528,0.2616488,0.30243754,0.3226567,0.33689728,0.33717734,0.26706058,0.14510009
2019-09-06,0.6044626,0.42605739691118805,0.39848056,1.1338059,0.35914284,-0.5459701,0.09042875,0.37411323,0.03366005,0.049458437,0.07935661,0.07967698,0.14056556,0.2585611,0.29870325,0.31898043,0.33305833,0.3333596,0.2651863,0.14429182
2019-09-07,0.60147345,0.4195803824065811,0.3934963,1.1216322,0.35650963,-0.54883957,0.08731801,0.37063533,0.03247279,0.04844928,0.07850817,0.07972223,0.13957454,0.25537622,0.2947876,0.31502283,0.32904926,0.32937878,0.26325738,0.14341995
2019-09-08,0.5981018,0.412303750991903,0.38820028,1.1080289,0.35356498,-0.5517616,0.083946295,0.367106,0.031207444,0.047300182,0.07755498,0.079708815,0.13863505,0.25219357,0.2908011,0.31090558,0.32498664,0.32535458,0.2613819,0.14254494
2019-09-09,0.5943371,0.40425493993200673,0.38269317,1.0927852,0.35027045,-0.55462277,0.080363594,0.36360192,0.029880274,0.046023425,0.0765064,0.079627395,0.13781114,0.24911468,0.2868564,0.30675173,0.32098922,0.32140896,0.25966838,0.14172669
2019-09-10,0.5901691,0.39547434642225604,0.3770766,1.0756813,0.3465868,-0.5573133,0.076614104,0.36019272,0.028510075,0.044633668,0.07537584,0.07947312,0.13716793,0.24624345,0.2830682,0.30268562,0.31717774,0.317666,0.25822574,0.1410246
2019-09-11,0.5855732,0.3861209347468865,0.37135872,1.0577185,0.3426928,-0.5595896,0.072831534,0.35693482,0.027153162,0.04323244,0.07418922,0.07924051,0.13667196,0.24353483,0.27947628,0.29875344,0.3135963,0.31414616,0.25706336,0.14047644
2019-09-12,0.58053523,0.37629208289121263,0.36561546,1.0390208,0.3386122,-0.56130886,0.069076486,0.35388196,0.025843708,0.041863993,0.07297059,0.07893217,0.13636133,0.24105276,0.27617684,0.2950588,0.31034666,0.31094673,0.2562615,0.14013432
2019-09-13,0.57489175,0.36335094053186784,0.35992214,1.0192395,0.3342719,-0.5605651,0.066879466,0.35145152,0.024256917,0.04008021,0.07097168,0.07749438,0.13627358,0.23886065,0.27326685,0.291705,0.30753127,0.30816528,0.25589904,0.14004947
2019-09-14,0.5686816,0.34840638144760394,0.3543534,0.9986977,0.32973787,-0.55784875,0.06576642,0.3495505,0.022562636,0.03811034,0.06850232,0.07531738,0.13644557,0.23702154,0.27084395,0.28879538,0.30525318,0.30589968,0.25605345,0.14027224
2019-09-15,0.5620905,0.335004919412442,0.34916884,0.9780551,0.32515505,-0.5553675,0.0636948,0.34808785,0.021199614,0.036632083,0.06656085,0.07372561,0.13703871,0.23576762,0.269223,0.2866682,0.30385122,0.30448985,0.25723213,0.14114042
2019-09-16,0.5553678,0.3228231861616828,0.3443108,0.95736074,0.32053292,-0.55335236,0.060891397,0.34704068,0.020034641,0.035467975,0.06499287,0.07258763,0.13789268,0.23488675,0.26808017,0.28506675,0.30297357,0.3036064,0.25909054,0.1424525
2019-09-17,0.5485708,0.3118547842185782,0.33977115,0.9367823,0.31590486,-0.55171555,0.057530038,0.3463413,0.019072082,0.034603603,0.063775726,0.07187041,0.13895638,0.23432131,0.26734176,0.28393456,0.30253774,0.3031671,0.26148054,0.144117
2019-09-18,0.5417617,0.30209399966867073,0.3355446,0.9164942,0.31130642,-0.5503785,0.053778473,0.34592536,0.018313866,0.03402342,0.06288595,0.07154026,0.14017855,0.23401362,0.2669339,0.28321588,0.30246112,0.30308992,0.2642584,0.14604597
2019-09-19,0.5350074,0.2935358021597935,0.3316286,0.89667696,0.3067752,-0.5492722,0.049798373,0.34573144,0.017759489,0.033710748,0.062299225,0.071562886,0.1415076,0.23390588,0.26678255,0.2828558,0.3026608,0.303293,0.267285,0.1481551
2019-09-20,0.5283798,0.28617584490207043,0.32802334,0.87751776,0.30235112,-0.54833657,0.045745324,0.3457014,0.017406005,0.03364776,0.061990384,0.07190337,0.1428918,0.23394027,0.26681367,0.2828001,0.3030538,0.30369452,0.27042556,0.15036358
2019-09-21,0.5219553,0.28001046466791574,0.3247318,0.8592101,0.2980761,-0.5475211,0.04176885,0.34578025,0.017248046,0.033815507,0.061933424,0.07252615,0.14427912,0.23405887,0.26695305,0.2829953,0.30355695,0.3042129,0.27354994,0.15259425
2019-09-22,0.51581526,0.27503668179203455,0.32175976,0.8419537,0.29399425,-0.5467845,0.038012378,0.34591612,0.017277794,0.034193885,0.062101502,0.07339506,0.14561735,0.23420368,0.2671264,0.28338864,0.30408683,0.30476668,0.2765324,0.1547735
2019-09-23,0.5101139,0.27131104917100046,0.31905955,0.8258482,0.2901681,-0.54652464,0.034470417,0.3456364,0.017030474,0.03425073,0.06196721,0.073998384,0.14634758,0.23378354,0.2667194,0.2834082,0.3040465,0.30475706,0.27912077,0.15672503
2019-09-24,0.5049178,0.26881093676425066,0.31666252,0.8111445,0.2866403,-0.5465652,0.031325266,0.34504697,0.016655738,0.034146145,0.061680496,0.0744683,0.14659798,0.2329307,0.26585028,0.28318837,0.3035356,0.30428764,0.2812451,0.15842035
2019-09-25,0.5003,0.26751584757626096,0.31460142,0.798097,0.28345597,-0.5467499,0.028749626,0.34424636,0.016289609,0.034026522,0.06137814,0.07492467,0.14648399,0.23176417,0.264624,0.28285164,0.30264097,0.3034495,0.28283674,0.15983193
2019-09-26,0.49620715,0.26682472003072655,0.3124277,0.7865385,0.28056198,-0.5471444,0.02656604,0.34325475,0.015964722,0.03393464,0.06109149,0.07539744,0.14604521,0.23018472,0.26293933,0.2820544,0.30120048,0.30204898,0.28361374,0.16074057
2019-09-27,0.49268612,0.26654994156754824,0.31003484,0.77660567,0.2779789,-0.5476915,0.024827847,0.34213522,0.015763447,0.03396302,0.060903884,0.075959,0.14535311,0.22822468,0.26081777,0.28076145,0.2992058,0.30007192,0.28344688,0.16106406
2019-09-28,0.48978794,0.266495645904717,0.3073092,0.7684317,0.27572808,-0.5483576,0.023572728,0.3409423,0.015752912,0.034188833,0.06088387,0.07666804,0.14446533,0.22589947,0.25826383,0.2789174,0.2966317,0.29748666,0.28220436,0.16071764
2019-09-29,0.48652738,0.2671592108135203,0.3048657,0.758063,0.2729335,-0.5482804,0.022903988,0.33988413,0.016353779,0.03493831,0.061603606,0.0781913,0.14433569,0.22444732,0.25655416,0.27794084,0.29494274,0.29578903,0.2809817,0.16025193
2019-09-30,0.4826577,0.2685345854431901,0.30279255,0.74442416,0.26935396,-0.5472226,0.02285188,0.33904585,0.01771118,0.036335733,0.06325452,0.08074295,0.14526181,0.22421457,0.25603873,0.2781755,0.29452282,0.29536697,0.28000367,0.15976483
2019-10-01,0.47865263,0.2700018272750221,0.30029228,0.73136055,0.26584277,-0.5456206,0.023183024,0.3378946,0.019722939,0.038356118,0.06554056,0.08394286,0.14646536,0.22417505,0.25562558,0.27842665,0.2941327,0.29496503,0.2782973,0.15883069
2019-10-02,0.4744527,0.27138158027050574,0.29720274,0.7191136,0.26245466,-0.54344946,0.023825876,0.33632398,0.022446686,0.041061744,0.0685003,0.087825924,0.1479316,0.22428036,0.25525096,0.27859664,0.2936956,0.29450497,0.27576813,0.15740858
2019-10-03,0.46999705,0.2724877205054507,0.2933517,0.7079368,0.2592488,-0.5407042,0.024690235,0.33421117,0.025927134,0.044501815,0.07215818,0.09241387,0.14962892,0.22446276,0.2548316,0.27856666,0.2931155,0.2938892,0.27231935,0.15545702
2019-10-04,0.4653952,0.2732310763981555,0.28929687,0.69704294,0.25602707,-0.5368561,0.026341856,0.3322733,0.030171454,0.04868591,0.07652643,0.09765298,0.15192638,0.22521709,0.25492147,0.27898493,0.29297373,0.2937072,0.26839772,0.15321887
2019-10-05,0.46063408,0.2734424942025318,0.28506362,0.6864007,0.2527808,-0.53178054,0.02885163,0.33060634,0.035191294,0.05362926,0.08160177,0.10352033,0.15488149,0.22660808,0.25559106,0.27992237,0.29334056,0.29403046,0.26406235,0.15073523
2019-10-06,0.4557024,0.2729479011322334,0.2806806,0.6759726,0.24950106,-0.5253635,0.0322838,0.32930487,0.040984955,0.059333537,0.08736681,0.1099787,0.15854238,0.22869158,0.256903,0.28144285,0.29427946,0.29492357,0.2593797,0.14805171
2019-10-07,0.45059052,0.2715683053606564,0.27617958,0.6657148,0.24617885,-0.51750124,0.036695983,0.32846215,0.047537383,0.06578685,0.09379004,0.116976604,0.1629478,0.23151444,0.2589118,0.28360322,0.29584703,0.2964444,0.2544237,0.14521843
2019-10-08,0.44529054,0.2691197960209392,0.27159557,0.65557724,0.24280496,-0.5081006,0.042139143,0.32817018,0.054820172,0.072963774,0.10082585,0.12444828,0.16812709,0.23511454,0.2616641,0.28645334,0.29809293,0.29864398,0.24927567,0.14228994
2019-10-09,0.43979627,0.2654135432059622,0.26696673,0.6455036,0.23937011,-0.49707884,0.04865762,0.32851964,0.06279158,0.0808253,0.108414516,0.13231368,0.17410022,0.23952089,0.26519856,0.29003602,0.3010601,0.30156654,0.24402428,0.13932532
2019-10-10,0.43410325,0.2602557979683482,0.26233444,0.63543105,0.23586485,-0.48436365,0.0562891,0.3295999,0.07139649,0.08931888,0.11648219,0.14047848,0.18087776,0.24475347,0.26954588,0.29438713,0.30478454,0.3052496,0.23876564,0.13638811
2019-10-11,0.4282087,0.25344789232046205,0.2577433,0.62529075,0.2322796,-0.46989322,0.06506465,0.33149895,0.08056647,0.0983784,0.12494095,0.14883406,0.18846087,0.25082332,0.27472875,0.29953542,0.30929536,0.30972385,0.23360327,0.13354635
2019-10-12,0.42211157,0.24478623923441098,0.253241,0.6150074,0.22860463,-0.45361614,0.07500867,0.33430362,0.09021971,0.107924186,0.13368872,0.15725757,0.19684134,0.2577326,0.28076196,0.3055027,0.31461486,0.31501314,0.22864805,0.13087255
2019-10-13,0.41581255,0.23406233264204432,0.24887852,0.6044994,0.2248301,-0.43549153,0.08613894,0.33809933,0.10026104,0.11786303,0.14260933,0.16561182,0.20600156,0.26547444,0.28765222,0.31230378,0.3207585,0.32113463,0.22401828,0.12844372
2019-10-14,0.40952006,0.22486134022749132,0.24470997,0.5943493,0.2210843,-0.4179275,0.09642987,0.3424578,0.111082375,0.12877385,0.15264554,0.17521109,0.21591455,0.27403307,0.29539835,0.31994635,0.3277348,0.3280986,0.21983968,0.12634136
2019-10-15,0.40329877,0.21808215101636164,0.24079269,0.5846603,0.21739775,-0.4016213,0.105286896,0.34731126,0.12270903,0.140738,0.16396855,0.18632072,0.22654389,0.2833837,0.30399126,0.32843122,0.3355455,0.3359086,0.21624534,0.12465142
2019-10-16,0.3970106,0.21124512744357773,0.23693061,0.5750761,0.21369524,-0.38489276,0.114284314,0.3525813,0.13478237,0.15320426,0.17578265,0.19789709,0.23767093,0.29325822,0.31311473,0.33742708,0.3438608,0.34422714,0.2127797,0.12306592
2019-10-17,0.39066982,0.20436259011249958,0.23311196,0.5655745,0.20998017,-0.3678318,0.12339222,0.3581792,0.14720725,0.16606571,0.18798323,0.20984076,0.24918963,0.30354503,0.3226558,0.34682512,0.35257322,0.3529459,0.20941532,0.12156261
2019-10-18,0.38429233,0.19744830910923528,0.22932363,0.5561306,0.20625634,-0.35053903,0.13257718,0.3640058,0.1598773,0.17920275,0.20045336,0.2220406,0.2609815,0.31411934,0.33248812,0.35650367,0.36156255,0.3619438,0.20612158,0.120116614
2019-10-19,0.37789574,0.19051750400264122,0.22555105,0.5467166,0.20252796,-0.3331256,0.14180225,0.36995146,0.172675,0.19248326,0.21306379,0.23437378,0.27291557,0.32484335,0.34247202,0.36632818,0.3706961,0.371087,0.2028646,0.11870047
2019-10-20,0.37149933,0.18358684384432197,0.22177836,0.53730226,0.1987996,-0.3157132,0.15102698,0.37589604,0.18547156,0.20576252,0.225673,0.24670579,0.2848484,0.33556604,0.3524546,0.37615144,0.37982833,0.38022897,0.1996073,0.11728405
2019-10-21,0.36512402,0.1766744471686304,0.21798822,0.52785486,0.19507629,-0.29843417,0.16020738,0.38170904,0.19812706,0.2188832,0.23812713,0.25889042,0.29662403,0.3461233,0.3622696,0.38581333,0.38880125,0.3892103,0.19630937,0.11583466
2019-10-22,0.35879245,0.16979988199266746,0.21416196,0.51833886,0.19136341,-0.28143144,0.16929592,0.38724953,0.21049036,0.23167542,0.25026003,0.27076975,0.30807415,0.3563379,0.37173754,0.39514092,0.3974441,0.39785898,0.19292726,0.114316955
2019-10-23,0.3525289,0.16298416581628253,0.21027954,0.50871605,0.18766679,-0.26485848,0.17824163,0.3923661,0.22239915,0.2439567,0.26189318,0.28217417,0.31901783,0.3660194,0.38066554,0.40394852,0.4055735,0.40599015,0.18941419,0.112692975
2019-10-24,0.34626538,0.15616844963989754,0.20639713,0.49909323,0.18397017,-0.24828553,0.18718731,0.39748266,0.23430791,0.25623798,0.27352634,0.29357857,0.32996148,0.37570092,0.38959354,0.41275612,0.4137029,0.41412133,0.18590114,0.111069
2019-10-25,0.34000185,0.14935273346351258,0.20251471,0.48947042,0.18027353,-0.23171258,0.19613302,0.40259922,0.24621668,0.26851925,0.28515953,0.304983,0.34090516,0.38538244,0.39852154,0.42156374,0.4218323,0.42225254,0.18238807,0.10944502
2019-10-26,0.33373833,0.14253701728712762,0.19863228,0.47984764,0.17657691,-0.21513963,0.2050787,0.4077158,0.25812545,0.28080055,0.2967927,0.31638741,0.35184884,0.39506394,0.40744954,0.43037134,0.42996168,0.4303837,0.17887501,0.10782105
2019-10-27,0.3274748,0.13572130111074263,0.19474986,0.47022483,0.17288029,-0.19856668,0.2140244,0.41283235,0.27003422,0.29308182,0.30842587,0.3277918,0.36279252,0.40474546,0.41637754,0.43917894,0.4380911,0.4385149,0.17536195,0.106197074
2019-10-28,0.32121125,0.12890558493435766,0.19086744,0.46060205,0.16918366,-0.18199372,0.2229701,0.4179489,0.281943,0.3053631,0.32005903,0.33919623,0.3737362,0.41442698,0.42530555,0.44798654,0.4462205,0.44664606,0.1718489,0.10457309
2019-10-29,0.31494772,0.12208986875797269,0.18698502,0.45097923,0.16548704,-0.16542077,0.23191579,0.42306545,0.2938518,0.3176444,0.33169222,0.35060066,0.38467988,0.42410848,0.43423358,0.45679414,0.45434988,0.45477724,0.16833583,0.10294912
2019-10-30,0.3086842,0.1152741525815877,0.1831026,0.44135645,0.1617904,-0.14884782,0.24086149,0.42818204,0.30576056,0.32992566,0.34332538,0.36200505,0.39562353,0.43379,0.44316158,0.46560177,0.46247926,0.46290845,0.16482276,0.10132514
2019-10-31,0.30242068,0.10845843640520274,0.17922017,0.43173364,0.15809378,-0.13227487,0.24980718,0.4332986,0.31766933,0.34220693,0.35495853,0.37340948,0.40656722,0.44347152,0.45208958,0.47440937,0.47060868,0.47103962,0.1613097,0.099701166
2019-11-01,0.29615712,0.10164272022881776,0.17533775,0.42211086,0.15439716,-0.115701914,0.25875288,0.43841514,0.3295781,0.35448822,0.36659172,0.38481387,0.4175109,0.453153,0.46101758,0.48321697,0.47873807,0.4791708,0.15779664,0.09807719
2019-11-02,0.2898936,0.0948270040524328,0.17145532,0.41248804,0.15070052,-0.09912896,0.2676986,0.44353172,0.34148687,0.3667695,0.37822488,0.3962183,0.42845458,0.46283454,0.46994558,0.49202457,0.48686746,0.48730198,0.15428358,0.09645321
2019-11-03,0.28363007,0.08801128787604781,0.1675729,0.40286526,0.1470039,-0.08255601,0.27664426,0.44864827,0.35339564,0.37905076,0.38985807,0.40762272,0.43939826,0.47251606,0.47887358,0.5008322,0.49499688,0.49543315,0.15077052,0.09482924
2019-11-04,0.27736655,0.08119557169966285,0.16369049,0.39324245,0.14330728,-0.06598306,0.28558996,0.45376483,0.3653044,0.39133206,0.40149122,0.41902712,0.4503419,0.48219755,0.48780158,0.5096398,0.50312626,0.50356436,0.14725746,0.09320526
2019-11-05,0.271103,0.07437985552327787,0.15980807,0.38361967,0.13961065,-0.049410105,0.29453567,0.4588814,0.37721318,0.40361333,0.4131244,0.43043154,0.4612856,0.49187908,0.49672958,0.5184474,0.5112557,0.5116955,0.1437444,0.091581285
2019-11-06,0.26483947,0.0675641393468929,0.15592565,0.37399685,0.13591403,-0.032837152,0.30348134,0.46399796,0.38912198,0.4158946,0.42475757,0.44183597,0.47222927,0.50156057,0.5056576,0.527255,0.51938504,0.5198267,0.14023134,0.08995731
2019-11-07,0.25857595,0.06074842317050792,0.15204322,0.36437407,0.1322174,-0.0162642,0.31242704,0.4691145,0.40103075,0.4281759,0.43639073,0.45324036,0.48317295,0.5112421,0.5145856,0.5360626,0.52751446,0.5279579,0.13671827,0.08833333
2019-11-08,0.25231242,0.053932706994122954,0.1481608,0.35475126,0.12852077,0.00030875206,0.32137275,0.47423106,0.41293952,0.44045717,0.44802392,0.4646448,0.49411663,0.5209236,0.5235136,0.5448702,0.5356438,0.53608906,0.13320522,0.08670936
2019-11-09,0.24604888,0.04711699081773797,0.14427838,0.34512848,0.12482415,0.016881704,0.33031845,0.47934765,0.4248483,0.45273843,0.45965707,0.4760492,0.5050603,0.53060514,0.5324416,0.5536778,0.54377323,0.54422027,0.12969215,0.08508538
2019-11-10,0.23978536,0.040301274641353003,0.14039595,0.33550566,0.12112752,0.033454657,0.33926412,0.4844642,0.43675706,0.46501973,0.47129026,0.4874536,0.51600397,0.54028666,0.5413696,0.5624854,0.55190265,0.5523514,0.12617908,0.083461404
2019-11-11,0.23352182,0.033485558464968035,0.13651353,0.32588285,0.117430896,0.05002761,0.34820983,0.48958075,0.44866583,0.477301,0.48292342,0.49885803,0.5269477,0.5499682,0.5502976,0.571293,0.560032,0.5604826,0.12266603,0.08183742
2019-11-12,0.2272583,0.026669842288583056,0.13263111,0.31626007,0.11373427,0.06660056,0.35715553,0.49469733,0.4605746,0.48958227,0.49455658,0.5102624,0.5378913,0.55964965,0.5592256,0.5801006,0.5681614,0.5686138,0.11915297,0.08021345
2019-11-13,0.22099476,0.019854126112198084,0.12874869,0.30663726,0.11003765,0.08317351,0.36610124,0.49981388,0.47248337,0.50186354,0.50618976,0.5216669,0.548835,0.56933117,0.5681536,0.5889082,0.57629085,0.576745,0.11563991,0.07858948
2019-11-14,0.21473123,0.013038409935813112,0.12486627,0.29701447,0.10634102,0.099746466,0.3750469,0.50493044,0.48439214,0.51414484,0.5178229,0.5330713,0.5597787,0.5790127,0.5770816,0.5977158,0.5844202,0.5848762,0.11212685,0.076965496
2019-11-15,0.20846769,0.006222693759428138,0.12098385,0.28739166,0.10264439,0.11631942,0.3839926,0.510047,0.4963009,0.52642614,0.5294561,0.5444757,0.57072234,0.5886942,0.5860096,0.6065234,0.5925496,0.5930073,0.10861379,0.07534152
2019-11-16,0.20220417,-0.0005930224169568336,0.11710142,0.27776888,0.09894776,0.13289237,0.39293832,0.51516354,0.5082097,0.5387074,0.5410893,0.5558801,0.58166605,0.59837574,0.5949377,0.615331,0.60067904,0.60113853,0.10510072,0.07371754
2019-11-17,0.19594064,-0.007408738593341806,0.113219,0.26814607,0.09525114,0.14946532,0.401884,0.5202801,0.5201185,0.5509887,0.55272245,0.5672845,0.5926097,0.60805726,0.6038657,0.62413865,0.6088084,0.60926974,0.10158766,0.07209357
2019-11-18,0.1896771,-0.01422445476972678,0.10933658,0.2585233,0.091554515,0.16603827,0.4108297,0.5253967,0.53202724,0.56327,0.5643556,0.5786889,0.60355335,0.6177387,0.6127937,0.63294625,0.6169378,0.6174009,0.0980746,0.07046959
2019-11-19,0.18341358,-0.021040170946111752,0.10545416,0.24890047,0.08785789,0.18261123,0.4197754,0.5305132,0.543936,0.5755512,0.57598877,0.5900934,0.61449707,0.62742025,0.6217217,0.64175385,0.62506723,0.6255321,0.09456154,0.068845615
2019-11-20,0.17715004,-0.027855887122496727,0.10157174,0.23927768,0.08416126,0.19918418,0.4287211,0.5356298,0.5558448,0.5878325,0.5876219,0.60149777,0.6254407,0.63710177,0.6306497,0.65056145,0.6331966,0.63366324,0.09104848,0.06722164
2019-11-21,0.17088652,-0.0346716032988817,0.097689316,0.22965488,0.08046464,0.21575713,0.43766677,0.5407464,0.56775355,0.6001138,0.59925514,0.61290216,0.6363844,0.6467833,0.6395777,0.65936905,0.641326,0.64179444,0.08753542,0.06559766
2019-11-22,0.16462298,-0.04148731947526667,0.09380689,0.22003208,0.07676801,0.23233008,0.44661248,0.5458629,0.5796623,0.61239505,0.6108883,0.6243066,0.6473281,0.6564648,0.6485057,0.66817665,0.64945537,0.64992565,0.083541,0.06356674
2019-11-23,0.15835945,-0.048303035651651643,0.08992447,0.21040928,0.07307138,0.24890304,0.45555818,0.5509795,0.5915711,0.62467635,0.62252146,0.635711,0.6582718,0.66614634,0.6574337,0.67698425,0.6575848,0.6580568,0.07923713,0.061274204
2019-11-24,0.15209593,-0.05511875182803662,0.08604205,0.20078649,0.069374755,0.265476,0.46450385,0.5560961,0.60347986,0.63695765,0.6341546,0.6471154,0.66921544,0.6758278,0.6663617,0.68579185,0.6657142,0.666188,0.074783884,0.058855373
2019-11-25,0.14583239,-0.061934468004421595,0.08215963,0.19116369,0.065678135,0.28204894,0.47344956,0.5612126,0.61538863,0.6492389,0.6457878,0.65851986,0.6801591,0.6855093,0.6752897,0.69459945,0.67384356,0.67431915,0.07032945,0.056435544
2019-11-26,0.13956887,-0.06875018418080656,0.07827721,0.18154089,0.061981507,0.2986219,0.48239526,0.5663292,0.62729746,0.6615202,0.657421,0.66992426,0.6911028,0.69519085,0.6842177,0.70340705,0.681973,0.68245035,0.06601017,0.054129977
2019-11-27,0.13330533,-0.07556590035719153,0.074394785,0.1719181,0.058284882,0.31519485,0.49134097,0.5714457,0.63920623,0.6738015,0.66905415,0.68132865,0.70204645,0.70487237,0.6931457,0.71221465,0.6901024,0.69058156,0.061950542,0.052043922
2019-11-28,0.1270418,-0.08238161653357651,0.07051236,0.1622953,0.054588255,0.3317678,0.50028664,0.5765623,0.651115,0.6860827,0.6806873,0.6927331,0.71299016,0.7145539,0.7020737,0.72102225,0.69823176,0.6987127,0.058263194,0.050272603
2019-11-29,0.12077826,-0.0891973327099615,0.06662994,0.1526725,0.05089163,0.34834075,0.50923234,0.58167887,0.66302377,0.698364,0.69232047,0.7041375,0.7239338,0.7242354,0.7110017,0.72982985,0.7063612,0.7068439,0.05504891,0.048901215
2019-11-30,0.11451474,-0.09601304888634646,0.06274752,0.1430497,0.047195002,0.3649137,0.51817805,0.5867954,0.67493254,0.7106453,0.7039537,0.7155419,0.73487747,0.7339169,0.71992975,0.73863745,0.7144906,0.71497506,0.0523966,0.048004936
2019-12-01,0.10825121,-0.10282876506273145,0.058865096,0.1334269,0.04349838,0.38148665,0.52712375,0.591912,0.6868413,0.7229266,0.71558684,0.72694635,0.7458212,0.7435984,0.72885776,0.7474451,0.72261995,0.72310627,0.050383337,0.047648914
2019-12-02,0.101987675,-0.1096444812391164,0.054982677,0.1238041,0.03980175,0.3980596,0.53606945,0.59702855,0.6987501,0.73520786,0.72722,0.73835075,0.7567648,0.7532799,0.73778576,0.7562527,0.73074937,0.7312375,0.04907433,0.047888283
2019-12-03,0.09572414,-0.11646019741550137,0.051100254,0.1141813,0.036105126,0.41463256,0.5450151,0.6021451,0.71065885,0.74748915,0.73885316,0.74975514,0.76770854,0.76296145,0.74671376,0.7650603,0.7388787,0.7393686,0.048522923,0.048768144
2019-12-04,0.08946061,-0.12327591359188635,0.04721783,0.104558505,0.0324085,0.4312055,0.5539608,0.60726166,0.7225676,0.75977045,0.7504863,0.76115954,0.7786522,0.77264297,0.75564176,0.7738679,0.74700814,0.7474998,0.04877062,0.050323576
2019-12-05,0.08319708,-0.13009162976827132,0.04333541,0.09493571,0.028711872,0.44777846,0.5629065,0.61237824,0.7344764,0.7720517,0.76211953,0.772564,0.78959584,0.7823245,0.76456976,0.7826755,0.75513756,0.75563097,0.049847063,0.052579645
2019-12-06,0.07693355,-0.1369073459446563,0.03945299,0.08531291,0.025015246,0.46435142,0.5718522,0.61749476,0.74638516,0.784333,0.7737527,0.7839684,0.80053955,0.79200596,0.77349776,0.7914831,0.7632669,0.7637622,0.05177003,0.05555138
2019-12-07,0.07046135,-0.1431481886585802,0.03546317,0.07537202,0.021208946,0.48092818,0.5804857,0.62212527,0.75871706,0.797174,0.7859029,0.79591894,0.8120239,0.80219924,0.78295183,0.80081373,0.7718935,0.77239907,0.05527678,0.05999229
2019-12-08,0.063855,-0.14901946986092202,0.031404305,0.06522664,0.01733214,0.4975074,0.5889185,0.6264433,0.771321,0.81037474,0.79838556,0.80822057,0.8238558,0.81272143,0.79274416,0.81048065,0.7808397,0.78136104,0.060100194,0.06563004
2019-12-09,0.05718389,-0.15471234205767245,0.027312113,0.05498254,0.013421298,0.5140878,0.5972544,0.6306106,0.78405625,0.82374924,0.81102866,0.82069165,0.8358556,0.82340246,0.8026997,0.8203098,0.7899401,0.79047996,0.06597932,0.07220072
2019-12-10,0.05051227,-0.16040379830993406,0.023219654,0.044737656,0.009510186,0.5306682,0.6055895,0.6347766,0.7967925,0.83712506,0.823673,0.8331641,0.84785664,0.83408475,0.8126566,0.83014035,0.79904175,0.7996001,0.07265934,0.07944882
2019-12-11,0.043899238,-0.16625667223392124,0.019157354,0.03458209,0.0056298687,0.5472475,0.6140123,0.6390791,0.80941,0.85034376,0.8361722,0.8454832,0.8597059,0.8446234,0.8224657,0.83982396,0.80800384,0.80857825,0.07989162,0.08712724
2019-12-12,0.037398767,-0.17241963800096,0.015152984,0.024598105,0.0018087105,0.5638248,0.6226035,0.64364374,0.8217992,0.86326057,0.8483925,0.8575077,0.8712635,0.85488594,0.8319911,0.84922546,0.8166978,0.81728363,0.08743367,0.0949973
2019-12-13,0.031059682,-0.1790272103374884,0.011231677,0.014860135,-0.001927625,0.5803991,0.6314361,0.6485843,0.8338612,0.8757445,0.86021286,0.86910987,0.88240296,0.8647527,0.8411096,0.8582224,0.82500714,0.82559794,0.09504916,0.10282874
2019-12-14,0.024925673,-0.18619974452505608,0.0074159163,0.005434774,-0.0055561773,0.5969697,0.6405756,0.65400255,0.8455073,0.8876784,0.8715251,0.8801753,0.89301103,0.8741166,0.849711,0.8667054,0.832828,0.8334152,0.10250791,0.11039969
2019-12-15,0.019035283,-0.19404343640032462,0.0037255425,-0.0036192168,-0.0090566855,0.6135358,0.6500796,0.6599883,0.8566595,0.8989588,0.8822337,0.8906031,0.9029879,0.8828831,0.85769826,0.8745777,0.84006834,0.84064215,0.1095859,0.11749673
2019-12-16,0.013421922,-0.2026503223550673,0.00017775017,-0.0122509105,-0.012411592,0.6300969,0.65999806,0.66661924,0.86724985,0.90949625,0.8922558,0.900306,0.91224694,0.8909701,0.86498713,0.88175565,0.84664875,0.84719765,0.11606528,0.1239148
2019-12-17,0.00811386,-0.21209827933616932,-0.003212912,-0.020417215,-0.015606038,0.64665246,0.67037326,0.6739613,0.87722117,0.9192148,0.90152144,0.9092098,0.9207149,0.8983085,0.8715063,0.88816833,0.85250175,0.85301334,0.12173433,0.1294573
2019-12-18,0.0031342232,-0.22245102484562745,-0.0064345403,-0.028082876,-0.018627869,0.663202,0.6812399,0.68206835,0.8865265,0.92805237,0.90997326,0.9172541,0.9283319,0.9048415,0.8771974,0.8937578,0.85757226,0.8580331,0.1263875,0.133936
2019-12-19,-0.0014607462,-0.22601225636211678,-0.009433065,-0.03529128,-0.021507498,0.6809783,0.69392174,0.6923969,0.89524823,0.9356843,0.9171898,0.9240201,0.93456626,0.9100239,0.8814981,0.89819527,0.86140543,0.8618845,0.12911,0.13638858
2019-12-20,-0.00567186,-0.2255837512758698,-0.0122178765,-0.04199755,-0.024223931,0.69954073,0.70797485,0.7044716,0.9033178,0.9421749,0.92327374,0.929607,0.93955797,0.91400325,0.88456064,0.9015499,0.8641178,0.8646537,0.12996404,0.13692313
2019-12-21,-0.009504129,-0.22376234278891965,-0.014799907,-0.048166387,-0.026759863,0.7184792,0.7229795,0.71784014,0.9106801,0.94759536,0.92833143,0.9341181,0.9434483,0.91692716,0.88653755,0.9038966,0.86582804,0.8664315,0.12900048,0.1356369
2019-12-22,-0.013234473,-0.24314935190849263,-0.01747168,-0.053783517,-0.029108925,0.736425,0.73741657,0.73059744,0.9162786,0.9506926,0.93134856,0.9364815,0.9453323,0.9179284,0.88660157,0.9037246,0.8657197,0.8660748,0.12673268,0.13326831
2019-12-23,-0.016780686,-0.2787140691768687,-0.020147195,-0.05882871,-0.031258583,0.7533821,0.7513162,0.7428639,0.92044723,0.95202744,0.9328398,0.93723047,0.9457281,0.91751784,0.8852556,0.9016893,0.86425024,0.86412513,0.123684324,0.13022235
2019-12-24,-0.019798618,-0.31274989731576336,-0.022472419,-0.063174754,-0.033133235,0.76952523,0.7649469,0.7552653,0.9248446,0.9543242,0.9353405,0.9389946,0.9473305,0.91834897,0.88512254,0.9009023,0.86381537,0.86324674,0.11993457,0.12640071
2019-12-25,-0.022325054,-0.3454434601890735,-0.02447697,-0.06686288,-0.034751978,0.7848118,0.7782455,0.7677097,0.92930424,0.95730996,0.9385864,0.9415,0.94982266,0.9201091,0.88589185,0.90106297,0.864131,0.8631615,0.115541086,0.12187166
2019-12-26,-0.024400845,-0.37695478030747465,-0.026192088,-0.0699413,-0.036136113,0.7992093,0.79115146,0.7801042,0.93368083,0.9607399,0.9423392,0.94450057,0.95291775,0.9225139,0.8872818,0.9018988,0.8649402,0.8636182,0.11057426,0.11671592
2019-12-27,-0.02607092,-0.4074172788284207,-0.027650652,-0.072465196,-0.037309166,0.8126955,0.8036068,0.7923555,0.9378503,0.96439743,0.9463869,0.94777757,0.95635855,0.92530787,0.8890396,0.9031654,0.86601335,0.86439216,0.10511713,0.11102672
2019-12-28,-0.02738428,-0.43693777555614455,-0.028887164,-0.07449675,-0.038296863,0.8252582,0.81555593,0.80436933,0.94170994,0.9680938,0.9505434,0.95113975,0.9599177,0.928264,0.8909414,0.9046461,0.86714816,0.8652857,0.09926539,0.104909725
2019-12-29,-0.028334375,-0.459695270817494,-0.0298691,-0.07615596,-0.03915677,0.83710223,0.8271736,0.816313,0.94467425,0.9708652,0.9539255,0.9537154,0.96249,0.9303179,0.8919113,0.90558606,0.8674258,0.8655604,0.09297433,0.09831405
2019-12-30,-0.02899965,-0.4778509596117461,-0.030658746,-0.07750079,-0.039908465,0.848162,0.83832794,0.8279975,0.94686294,0.9728662,0.9566579,0.95562106,0.96423185,0.93160915,0.8920979,0.906027,0.86696404,0.86527467,0.08641968,0.091430694
2019-12-31,-0.029461157,-0.4933940853848536,-0.03131832,-0.07859748,-0.04057448,0.858387,0.84889555,0.8392395,0.9484047,0.9742596,0.9588736,0.9569833,0.9653068,0.93228495,0.89165664,0.90602493,0.8658898,0.86449987,0.07978611,0.08445899
2020-01-01,-0.030149814,-0.5201469088915346,-0.032280546,-0.07979889,-0.041330747,0.86838305,0.85935485,0.8504445,0.9495988,0.9752882,0.9610078,0.9579224,0.96589154,0.93235874,0.89048564,0.9050232,0.86394864,0.86270106,0.072939806,0.07727514
2020-01-02,-0.031027857,-0.5554672815917765,-0.033475175,-0.08108828,-0.04215195,0.8779013,0.86938655,0.86123264,0.9505337,0.976106,0.96310526,0.95859075,0.96616256,0.9320426,0.8888494,0.90332973,0.86142457,0.86019623,0.06620015,0.07021346
2020-01-03,-0.032068685,-0.5968367922804715,-0.03484104,-0.08246401,-0.04301941,0.886724,0.87869376,0.8712439,0.9513109,0.9768771,0.9652265,0.9591507,0.9663042,0.93155235,0.8870132,0.9012508,0.85860085,0.857301,0.059887324,0.063608415
2020-01-04,-0.033256847,-0.6418607670874165,-0.036326025,-0.08393953,-0.0439211,0.8946644,0.8870027,0.8801385,0.9520446,0.97777575,0.9674475,0.9597739,0.9665081,0.93110794,0.88524306,0.89909154,0.85576016,0.85432833,0.054322362,0.057794634
2020-01-05,-0.034588058,-0.6882682694773135,-0.03788709,-0.08554337,-0.04485165,0.90156686,0.8940621,0.8875968,0.9528619,0.9789862,0.96985996,0.96064186,0.96697366,0.9309328,0.88380563,0.8971557,0.85318446,0.85158896,0.04982714,0.053106885
2020-01-06,-0.0358111,-0.7301614989650563,-0.039213248,-0.08706318,-0.045673694,0.9071466,0.8995696,0.89326614,0.9538244,0.9808596,0.9722347,0.9619711,0.9680521,0.93152714,0.88334495,0.8962291,0.85142106,0.8498007,0.0467711,0.04991269
2020-01-07,-0.036747843,-0.7676508390022114,-0.040230114,-0.08820957,-0.046293125,0.911362,0.90377736,0.89755774,0.95452803,0.98277104,0.9741,0.96319866,0.9691591,0.9323178,0.8832676,0.8957173,0.8499687,0.8484242,0.04445059,0.047501218
2020-01-08,-0.037428487,-0.8003173170156879,-0.04097031,-0.0890122,-0.046726037,0.9142021,0.9066541,0.90042746,0.95499265,0.98465544,0.9754958,0.96430457,0.9702491,0.9332411,0.883503,0.89554656,0.8488169,0.84742117,0.04287724,0.04589265
2020-01-09,-0.03788289,-0.8277874778702008,-0.041466046,-0.08950168,-0.046989057,0.91568303,0.9081971,0.9018622,0.9552384,0.986448,0.97645646,0.9652655,0.97127396,0.93423164,0.8839779,0.8956407,0.84794885,0.8467483,0.042046674,0.045089673
2020-01-10,-0.038140584,-0.8497333838682701,-0.041749135,-0.08970959,-0.047099344,0.915848,0.9084323,0.9018794,0.955286,0.9880839,0.97701097,0.9660553,0.9721835,0.9352217,0.8846157,0.89592123,0.8473414,0.8463576,0.0419385,0.045077503
2020-01-11,-0.038309343,-0.8649086944386984,-0.041936733,-0.089724354,-0.04710471,0.91403705,0.9065949,0.89959604,0.9551809,0.9893579,0.9773173,0.96662605,0.97284687,0.9360245,0.8852106,0.8961448,0.8470205,0.8461754,0.04294407,0.04632191
2020-01-12,-0.038389955,-0.8734207640137304,-0.042029224,-0.08955948,-0.047012623,0.910608,0.90306056,0.8954239,0.954936,0.99025583,0.97734535,0.9669515,0.97323745,0.9366101,0.88572526,0.8962863,0.8469305,0.84615153,0.044858165,0.04859526
2020-01-13,-0.03838479,-0.8753987225838229,-0.04202869,-0.08923078,-0.04683183,0.9059278,0.89821386,0.88978267,0.9545655,0.99076027,0.977063,0.9670019,0.97332466,0.93694377,0.88611627,0.89631426,0.8470108,0.84623045,0.047470078,0.051664703
2020-01-14,-0.038297825,-0.870993475697643,-0.041938942,-0.08875642,-0.046572365,0.9003724,0.8924474,0.8830998,0.9540845,0.99085045,0.97643596,0.96674365,0.97307366,0.9369857,0.8863341,0.89619094,0.84719574,0.8463513,0.05056361,0.05529217
2020-01-15,-0.038134634,-0.8603777044620684,-0.04176548,-0.088156864,-0.046245515,0.89432687,0.8861626,0.8758106,0.9535092,0.9905024,0.9754277,0.96613973,0.97244555,0.93669116,0.8863232,0.8958722,0.8474148,0.846448,0.053917088,0.059234377
2020-01-16,-0.037902385,-0.8437458655421882,-0.04151553,-0.08745493,-0.04586386,0.88818514,0.8797689,0.8683584,0.9528569,0.9896888,0.9739996,0.9651493,0.97139734,0.93601054,0.8860216,0.8953075,0.8475923,0.8464489,0.057303347,0.06324282
2020-01-17,-0.037609845,-0.8213141911613028,-0.04119801,-0.08667575,-0.045441248,0.8823503,0.8736847,0.86119413,0.952146,0.9883789,0.9721109,0.963728,0.9698818,0.9348893,0.8853616,0.89443994,0.8476478,0.8462773,0.060489733,0.067063786
2020-01-18,-0.037267387,-0.7933206891009223,-0.04082357,-0.08584678,-0.044992797,0.87723446,0.8683365,0.85477686,0.951396,0.98653877,0.9697187,0.9618278,0.9678475,0.933268,0.88426906,0.8932065,0.84749573,0.84585106,0.063238114,0.070438325
2020-01-19,-0.036939826,-0.7707281668005264,-0.04046647,-0.08489999,-0.04447982,0.87155473,0.8623673,0.8476187,0.9504633,0.9845132,0.9672986,0.95991063,0.9659093,0.93177444,0.88337845,0.8919295,0.8476149,0.8455372,0.066293456,0.07418361
2020-01-20,-0.036656275,-0.7569661314226813,-0.040158976,-0.083838716,-0.04390379,0.86524016,0.8556935,0.83961934,0.94932115,0.98237413,0.96495676,0.9580722,0.96420455,0.9305428,0.8828135,0.8906485,0.8480771,0.8453766,0.06969741,0.0783483
2020-01-21,-0.03644838,-0.7556766504314769,-0.039936174,-0.0826669,-0.04326646,0.85819834,0.84820825,0.8306516,0.9479411,0.9801968,0.9628061,0.95641375,0.96287864,0.92971486,0.88270485,0.8894034,0.8489596,0.845413,0.07350376,0.082995124
2020-01-22,-0.03598042,-0.7427894960548564,-0.03944899,-0.08137322,-0.042559862,0.8516821,0.84133345,0.82259995,0.9476951,0.97989947,0.96251976,0.95667213,0.9635322,0.93084234,0.88454366,0.8904343,0.85163957,0.8474038,0.0771235,0.087299824
2020-01-23,-0.035180315,-0.7141586635547569,-0.038624324,-0.07995816,-0.041783392,0.84595835,0.8353719,0.81588274,0.9489633,0.9821056,0.96468186,0.959439,0.9667519,0.93449426,0.8888719,0.8944294,0.85658526,0.85190135,0.08044205,0.09108823
2020-01-24,-0.034348805,-0.6832727617291192,-0.037767,-0.078583926,-0.04102904,0.84106934,0.8302962,0.8102106,0.9503025,0.9844494,0.96708536,0.96241,0.97011685,0.93827695,0.8933,0.89867646,0.8615861,0.8565223,0.08331121,0.09433823
2020-01-25,-0.03351654,-0.6506859039491423,-0.036908105,-0.07729906,-0.04032363,0.8372211,0.82631916,0.80580956,0.95159626,0.98673683,0.9695527,0.965384,0.9733864,0.9419433,0.8975602,0.9029316,0.8663706,0.86101246,0.0856073,0.09691696
2020-01-26,-0.03263097,-0.6162726462920669,-0.03599,-0.07603887,-0.03963176,0.8348294,0.82389045,0.8031624,0.9528261,0.9889617,0.9720223,0.9683145,0.9764825,0.94545704,0.90164566,0.907246,0.8709185,0.8653639,0.08708842,0.09855967
2020-01-27,-0.031758748,-0.5809104566195021,-0.035081886,-0.074899845,-0.03900663,0.83402294,0.823134,0.80239564,0.95381737,0.9908215,0.97423863,0.97090364,0.97905785,0.94844645,0.9051435,0.9112198,0.8748216,0.869188,0.08767278,0.09918235
2020-01-28,-0.030967096,-0.545493439600476,-0.03425342,-0.07397878,-0.03850164,0.83493423,0.824178,0.8036386,0.9543884,0.9920011,0.9759339,0.97284,0.9807493,0.95052445,0.9076256,0.9144391,0.8776582,0.87208325,0.08727552,0.09869845
2020-01-29,-0.030406158,-0.5190864829371872,-0.033669606,-0.07330257,-0.03812944,0.8374143,0.8268399,0.80666155,0.95504665,0.9932832,0.9778277,0.97477704,0.9824316,0.9524856,0.90986586,0.9172594,0.880021,0.874419,0.086020306,0.09725251
2020-01-30,-0.03016848,-0.5050152432151922,-0.033428956,-0.07294798,-0.03793177,0.84152013,0.8311637,0.8114934,0.95580107,0.99465394,0.9799217,0.9766642,0.984078,0.9542645,0.9117639,0.9194699,0.8817641,0.875998,0.0838784,0.09482165
2020-01-31,-0.030348621,-0.5067673640275685,-0.033632144,-0.07299085,-0.037949808,0.8473076,0.8371915,0.8181595,0.9566659,0.9961069,0.9822229,0.97845507,0.9856682,0.9558016,0.9132261,0.92086,0.88274646,0.8766241,0.080821775,0.09138461
2020-02-01,-0.03056331,-0.511404329345279,-0.03386999,-0.073121384,-0.038016293,0.85394615,0.8441434,0.8258759,0.95743704,0.99754405,0.98433834,0.9801299,0.98718077,0.9572383,0.91453147,0.92208517,0.88337094,0.87695706,0.07727543,0.08737978
2020-02-02,-0.030770011,-0.5178588901206679,-0.0340969,-0.0733004,-0.038110174,0.86122936,0.85181713,0.83442396,0.9580737,0.9989442,0.98616683,0.9816569,0.9886057,0.9585846,0.9157071,0.9231901,0.88366497,0.87705386,0.07334582,0.082923904
2020-02-03,-0.03091965,-0.5249300954253714,-0.03426032,-0.07348092,-0.038206153,0.86893404,0.8599945,0.84356725,0.95853615,1.0002918,0.98760533,0.98300874,0.989939,0.95986,0.9167934,0.92423517,0.8836706,0.87698776,0.069148146,0.07814351
2020-02-04,-0.030956617,-0.5312832924503184,-0.034300733,-0.07360816,-0.03827468,0.8768203,0.86844105,0.8530514,0.9587862,1.0015767,0.9885492,0.98416245,0.991183,0.96109354,0.9178439,0.92529637,0.88344455,0.8768479,0.064806424,0.07317495
2020-02-05,-0.030818762,-0.5354501265057297,-0.034151662,-0.07361956,-0.038281962,0.88463163,0.8769064,0.86260444,0.95878685,1.0027939,0.988892,0.98509955,0.9923461,0.9623238,0.91892505,0.92646545,0.88305795,0.87673974,0.060453426,0.06816437
2020-02-06,-0.03079402,-0.5410110221066445,-0.034122422,-0.073798485,-0.03838151,0.89231586,0.8852261,0.87200963,0.9586109,1.0037277,0.9889902,0.98577076,0.9932432,0.9632221,0.9195962,0.9271817,0.8822292,0.8762188,0.05616615,0.06322267
2020-02-07,-0.03091206,-0.5477544799446702,-0.034245186,-0.074170806,-0.03858737,0.899648,0.89314747,0.88098085,0.9582558,1.0043204,0.9888705,0.9861562,0.9938364,0.9637352,0.919797,0.92737174,0.88095057,0.87525624,0.05207594,0.05850235
2020-02-08,-0.031202367,-0.5554276781726939,-0.03455199,-0.074760914,-0.038912743,0.9063902,0.90040356,0.8892153,0.9577226,1.004516,0.9885663,0.9862396,0.99409014,0.9638129,0.91947114,0.9269661,0.87922245,0.87382925,0.04832178,0.054164913
2020-02-09,-0.03169425,-0.5637364724048832,-0.035074722,-0.075591706,-0.039370015,0.9122919,0.9067131,0.89639366,0.95701516,1.0042602,0.98811734,0.9860086,0.99397147,0.96340764,0.91856605,0.9258989,0.87705326,0.8719211,0.045050263,0.05038087
2020-02-10,-0.032443795,-0.5731648662268889,-0.035874087,-0.07673076,-0.03999532,0.9172105,0.91191006,0.9023156,0.9559768,1.0032661,0.98741984,0.9853365,0.993328,0.9623408,0.91687626,0.9239476,0.87427664,0.869367,0.042349804,0.047259446
2020-02-11,-0.03336172,-0.5843753215813124,-0.036852874,-0.07810421,-0.04074897,0.9218356,0.9167704,0.9078673,0.9546432,1.0017607,0.9863946,0.9842859,0.9922841,0.9607801,0.9145877,0.92133594,0.87090576,0.866246,0.039814673,0.04432606
2020-02-12,-0.03443589,-0.5970689834428214,-0.037998073,-0.07969243,-0.041620426,0.9261348,0.92126,0.9130134,0.9530729,0.99982935,0.98509645,0.9829023,0.9908873,0.95877874,0.911763,0.91812915,0.8670114,0.8626192,0.0374624,0.04159918
2020-02-13,-0.035652712,-0.610949600129672,-0.039295137,-0.08147402,-0.04259818,0.93008405,0.9253536,0.91772807,0.9513231,0.9975567,0.9835797,0.9812326,0.9891864,0.9563922,0.9084679,0.9143962,0.86266667,0.85855055,0.035305973,0.039092284
2020-02-14,-0.036997147,-0.6257235233037094,-0.04072798,-0.08342588,-0.04366975,0.93366724,0.9290351,0.9219954,0.94944954,0.9950267,0.98189825,0.9793251,0.9872318,0.9536785,0.90477127,0.9102099,0.85794663,0.8541064,0.033353873,0.036813844
2020-02-15,-0.0384527,-0.6410997079703668,-0.04227898,-0.08552315,-0.04482168,0.93687654,0.9322976,0.92580914,0.94750667,0.9923227,0.9801056,0.97722936,0.9850753,0.9506978,0.90074503,0.90564686,0.85292864,0.8493563,0.031610023,0.034767337
2020-02-16,-0.04000143,-0.6567897124786666,-0.043928977,-0.087739274,-0.046039544,0.93971235,0.9351429,0.92917293,0.94554746,0.9895271,0.9782546,0.9749963,0.9827704,0.947513,0.89646435,0.90078765,0.8476922,0.8443723,0.030073842,0.032951243
2020-02-17,-0.04162394,-0.67250769852122,-0.045657266,-0.09004594,-0.047307957,0.94218314,0.93758225,0.9320999,0.9436236,0.98672193,0.9763978,0.9726782,0.98037183,0.94418913,0.8920073,0.8957166,0.842319,0.8392291,0.028740201,0.031359047
2020-02-18,-0.04329938,-0.6879704311342268,-0.04744161,-0.09241311,-0.048610546,0.94430566,0.93963575,0.9346131,0.94178534,0.98398817,0.97458726,0.9703286,0.9779361,0.9407938,0.88745517,0.89052194,0.8368929,0.83400446,0.027599454,0.029979233
2020-02-19,-0.04500546,-0.7028972786974752,-0.04925823,-0.09480904,-0.049929984,0.94610465,0.9413327,0.93674535,0.94008154,0.98140633,0.97287446,0.96800244,0.97552097,0.93739706,0.8828924,0.8852956,0.8314999,0.82877874,0.026637416,0.028795287
2020-02-20,-0.046718422,-0.7170102129343424,-0.051081803,-0.097200215,-0.051247958,0.9476132,0.94271135,0.938539,0.9385596,0.9790561,0.9713106,0.965756,0.9731859,0.93407124,0.87840647,0.88013357,0.8262282,0.823635,0.02583538,0.027785702
2020-02-21,-0.048413068,-0.7300338089117941,-0.052885476,-0.099551424,-0.052545197,0.9488725,0.9438191,0.9400465,0.93726575,0.9770165,0.9699463,0.9636468,0.9709917,0.93089116,0.874088,0.8751355,0.8211682,0.8186591,0.025170103,0.02692397
2020-02-22,-0.050062746,-0.7416952450403846,-0.054640852,-0.10182571,-0.053801455,0.9499319,0.9447124,0.94132966,0.93624455,0.9753658,0.9688318,0.9617339,0.96900064,0.927934,0.8700307,0.87040496,0.8164124,0.81393975,0.024613814,0.026178584
2020-02-23,-0.051639352,-0.7517243030742577,-0.056317996,-0.10398437,-0.054995514,0.950849,0.94545674,0.94246024,0.9355394,0.9741817,0.9680167,0.9600774,0.96727675,0.9252794,0.8663314,0.86604935,0.8120555,0.8095683,0.024134219,0.025513044
2020-02-24,-0.05311333,-0.759853368111145,-0.057885434,-0.10598702,-0.056105185,0.9516894,0.9461268,0.9435197,0.93519235,0.97354096,0.9675503,0.958739,0.9658853,0.92300934,0.8630901,0.86218,0.8081945,0.8056388,0.023694485,0.02488585
2020-02-25,-0.054453675,-0.7658174285923669,-0.059310157,-0.10779149,-0.057107314,0.95252705,0.94680613,0.9445993,0.9352438,0.9735198,0.9674814,0.9577816,0.96489316,0.9212083,0.86040974,0.85891193,0.80492836,0.8022483,0.023253255,0.024250505
2020-02-26,-0.055746604,-0.7703403512797828,-0.06068395,-0.10951477,-0.058066197,0.9531524,0.9472577,0.9454406,0.93558383,0.97391015,0.96767676,0.9570316,0.96411586,0.91964287,0.85800534,0.8559264,0.8019838,0.7991288,0.02292779,0.023738759
2020-02-27,-0.056993116,-0.7734524121774647,-0.062007893,-0.11115858,-0.05898274,0.95356995,0.9474863,0.9460486,0.93620646,0.9747033,0.9681307,0.9564847,0.9635489,0.918308,0.855871,0.85321754,0.799354,0.7962746,0.022715662,0.023348015
2020-02-28,-0.05819487,-0.7752040712921981,-0.063283764,-0.11272574,-0.05985846,0.9537871,0.94749975,0.9464317,0.93710154,0.9758849,0.96883416,0.95613354,0.96318465,0.9171955,0.85399723,0.8507755,0.79702777,0.7936763,0.022612814,0.023073947
2020-02-29,-0.05935419,-0.7756659726334835,-0.06451406,-0.114220254,-0.060695477,0.95381415,0.94730943,0.94660157,0.93825495,0.97743475,0.969774,0.955968,0.9630127,0.91629386,0.85237044,0.8485863,0.79498935,0.79132056,0.022613572,0.022910492
2020-03-01,-0.060474068,-0.7749289442135355,-0.06570199,-0.11564721,-0.06149651,0.95366466,0.9469296,0.94657314,0.9396485,0.97932696,0.9709337,0.95597506,0.9630195,0.91558814,0.8509731,0.84663224,0.79321843,0.7891903,0.02271064,0.022849865
2020-03-02,-0.061558153,-0.7731039980472828,-0.066851474,-0.11701289,-0.0622649,0.9533549,0.9463777,0.9463649,0.9412599,0.9815297,0.97229284,0.9561387,0.9631884,0.9150603,0.8497842,0.84489155,0.7916903,0.78726465,0.022895101,0.022882544
2020-03-03,-0.062675364,-0.7703223301523694,-0.0680405,-0.11838786,-0.063040264,0.952891,0.9456466,0.94598156,0.94363314,0.98453325,0.9742322,0.9567285,0.9637858,0.91492456,0.8489545,0.84347117,0.79052615,0.7856375,0.02317378,0.023009228
2020-03-04,-0.06380761,-0.7667353205491527,-0.06924821,-0.11975809,-0.063814394,0.95229995,0.9447701,0.9454543,0.9465343,0.98810583,0.9765795,0.9576198,0.96468705,0.91507214,0.84839225,0.84229404,0.7896384,0.7842381,0.023528311,0.023212666
2020-03-05,-0.06493905,-0.7625145332607048,-0.07045628,-0.12111223,-0.06458059,0.9516114,0.9437847,0.944817,0.9497393,0.99202317,0.9791686,0.9586918,0.96577144,0.91539645,0.84800595,0.8412824,0.7889388,0.7829947,0.023939146,0.02347417
2020-03-06,-0.06605611,-0.7578517163128122,-0.07164891,-0.12244162,-0.0653336,0.95085776,0.94272935,0.9441066,0.9530342,0.99606794,0.9818397,0.95982814,0.96692246,0.9157936,0.84770477,0.8403578,0.78833824,0.78183466,0.02438553,0.023773614
2020-03-07,-0.067147456,-0.7529588017339759,-0.072812825,-0.1237403,-0.066069685,0.9500739,0.94164556,0.94336283,0.9562151,1.0000303,0.9844394,0.9609165,0.96802753,0.9161622,0.8473982,0.839441,0.7877467,0.78068465,0.024845522,0.024089435
2020-03-08,-0.06820402,-0.7480679055554109,-0.073937245,-0.125005,-0.06678659,0.9492974,0.9405772,0.9426285,0.959088,1.0037075,0.9868203,0.96184903,0.96897805,0.9164032,0.84699625,0.8384522,0.7870736,0.77947026,0.025295986,0.024398636
2020-03-09,-0.069219,-0.7434313278110471,-0.075013936,-0.12623517,-0.06748352,0.9485687,0.9395708,0.94194925,0.96146905,1.0069041,0.9888415,0.9625218,0.9696696,0.9164203,0.8464094,0.8373109,0.7862273,0.77811635,0.025712593,0.024676781
2020-03-10,-0.070187815,-0.7393215525375282,-0.07603716,-0.12743291,-0.0681612,0.9479306,0.9386752,0.94137365,0.9631841,1.0094318,0.99036825,0.96283513,0.97000164,0.91611946,0.84554857,0.8359358,0.78511554,0.7765468,0.026069816,0.024897996
2020-03-11,-0.07110817,-0.7360312477742125,-0.077003725,-0.12860303,-0.0688218,0.9474285,0.93794197,0.9409532,0.96406937,1.0111097,0.99127215,0.96269375,0.96987784,0.9154094,0.8443253,0.834245,0.7836452,0.7746846,0.02634094,0.025034975
2020-03-12,-0.07194276,-0.7327409430108971,-0.07787292,-0.12968925,-0.06943504,0.94694406,0.937246,0.9405551,0.96419764,1.0120871,0.9916386,0.96216923,0.9693745,0.9143863,0.8428682,0.83237803,0.7819751,0.77266496,0.026589012,0.025156084
2020-03-13,-0.07268284,-0.7294506382475815,-0.07863481,-0.130683,-0.06999606,0.9464789,0.9365911,0.9401817,0.9634916,1.0122927,0.99141276,0.9612226,0.9684529,0.9130181,0.84115344,0.8303167,0.7800847,0.7704718,0.02681168,0.025259703
2020-03-14,-0.073321246,-0.726160333484266,-0.07928128,-0.13157731,-0.070500925,0.94603455,0.9359804,0.9398347,0.96188813,1.011668,0.9905498,0.9598219,0.9670813,0.9112788,0.8391616,0.82804656,0.77795756,0.768092,0.027007021,0.02534451
2020-03-15,-0.073852405,-0.7228700287209504,-0.07980599,-0.1323667,-0.07094655,0.94561213,0.9354163,0.9395157,0.959338,1.0101675,0.98901474,0.9579421,0.96523523,0.909148,0.8368773,0.825556,0.77558047,0.7655152,0.027173536,0.025409473
2020-03-16,-0.07427234,-0.7195797239576348,-0.080204435,-0.1330473,-0.07133074,0.9452125,0.93490046,0.9392257,0.9558062,1.0077587,0.9867827,0.95556563,0.96289694,0.9066112,0.83428985,0.8228368,0.7729443,0.7627343,0.027310155,0.025453854
2020-03-17,-0.074578665,-0.7162894191943193,-0.0804739,-0.13361675,-0.071652174,0.944836,0.9344341,0.93896526,0.9512716,1.0044222,0.9838388,0.95268166,0.9600559,0.90365964,0.8313927,0.81988424,0.7700434,0.75974476,0.027416239,0.025477214
2020-03-18,-0.074770585,-0.7129991144310037,-0.08061349,-0.13407429,-0.07191042,0.94448304,0.9340174,0.93873465,0.9457271,1.0001514,0.9801779,0.94928676,0.9567086,0.9002905,0.8281837,0.8166965,0.7668759,0.7565452,0.027491573,0.025479404
2020-03-19,-0.0748489,-0.7097088096676881,-0.080624096,-0.1344207,-0.07210591,0.9441532,0.93365014,0.93853366,0.9391799,0.99495286,0.9758051,0.94538444,0.95285857,0.8965066,0.824665,0.81327534,0.76344377,0.753137,0.027536372,0.025460573
2020-03-20,-0.07481599,-0.7064185049043724,-0.08050844,-0.13465829,-0.072239965,0.94384617,0.93333113,0.9383617,0.93165094,0.988846,0.9707353,0.9409854,0.9485163,0.8923167,0.8208431,0.8096256,0.7597525,0.74952465,0.027551277,0.025421161
2020-03-21,-0.074675836,-0.7031282001410569,-0.08027103,-0.13479097,-0.07231478,0.943561,0.9330588,0.93821764,0.92317533,0.9818634,0.9649934,0.9361073,0.94369954,0.8877353,0.81672883,0.8057555,0.75581145,0.7457154,0.027537355,0.025361907
2020-03-22,-0.074434005,-0.6998378953777414,-0.07991818,-0.1348242,-0.07233343,0.94329673,0.93283063,0.9381001,0.9138023,0.9740504,0.95861447,0.93077505,0.9384328,0.88278276,0.8123374,0.80167645,0.75163347,0.7417194,0.027496105,0.025283836
2020-03-23,-0.07397705,-0.6990472315328604,-0.0793392,-0.13473536,-0.07228358,0.94312423,0.9327236,0.9379871,0.90359503,0.9654656,0.95164317,0.9250207,0.93274784,0.8774852,0.80779356,0.7976495,0.7474032,0.7378088,0.027409023,0.025204232
2020-03-24,-0.07335681,-0.6998634797069732,-0.07858645,-0.1345436,-0.072175875,0.9430159,0.93270534,0.9378834,0.8926307,0.95618045,0.9441344,0.9188833,0.9266833,0.8718746,0.80308354,0.7936046,0.7430811,0.73390716,0.027285755,0.025119014
2020-03-25,-0.072623715,-0.7014554785109448,-0.077711195,-0.13426886,-0.072021455,0.9429454,0.9327447,0.93779314,0.8810007,0.9462794,0.93615305,0.91240907,0.9202851,0.8659886,0.7982006,0.7894812,0.73863536,0.7299473,0.027135875,0.025024792
2020-03-26,-0.07196761,-0.7014657709968977,-0.076896325,-0.13385615,-0.07178735,0.94306093,0.93300545,0.9379723,0.86822706,0.93558365,0.9274333,0.9054163,0.9133465,0.8597271,0.792918,0.7847672,0.73362845,0.7254428,0.026874729,0.024808528
2020-03-27,-0.0713859,-0.6997534247495413,-0.076143436,-0.13335416,-0.071501575,0.9432773,0.93338984,0.9383328,0.85463756,0.9243024,0.91818154,0.8980494,0.9060201,0.8531907,0.78732395,0.7795851,0.7281921,0.72049826,0.026545363,0.024507612
2020-03-28,-0.07099806,-0.6957851368971658,-0.0755736,-0.13317342,-0.07139251,0.9445838,0.93443805,0.93915796,0.84156567,0.9131013,0.9092876,0.89100987,0.8990514,0.8468585,0.7817873,0.7744475,0.7228189,0.7155334,0.026063938,0.024071448
2020-03-29,-0.07076283,-0.689613043060517,-0.075150825,-0.13323095,-0.07141511,0.9465253,0.93583876,0.9402395,0.8289791,0.902041,0.90071744,0.88424605,0.8923827,0.8407014,0.776299,0.7693329,0.71750623,0.7105373,0.025513176,0.02356406
2020-03-30,-0.07064398,-0.6813015190034561,-0.07484416,-0.13345164,-0.07152872,0.94867855,0.9373024,0.9413834,0.8168699,0.89119935,0.8924555,0.8777214,0.8859713,0.83470196,0.77085817,0.76422757,0.7122578,0.70550567,0.024970334,0.02304533
2020-03-31,-0.070924856,-0.6707844184995162,-0.07480918,-0.13428372,-0.07185917,0.95065254,0.938561,0.9425208,0.80498993,0.88086414,0.8845036,0.87148607,0.87982196,0.8288912,0.7655358,0.7592737,0.70721453,0.70052475,0.02448493,0.022593249
2020-04-01,-0.07146701,-0.6582015840750178,-0.074960195,-0.1354838,-0.07231653,0.9520882,0.9393682,0.9434469,0.7934748,0.871079,0.8768832,0.86550784,0.8739111,0.82326156,0.76032466,0.75441986,0.70234686,0.6955731,0.024131265,0.022251451
2020-04-02,-0.07214477,-0.6437015820906911,-0.07522102,-0.1368291,-0.072819136,0.9526584,0.9394991,0.94397384,0.7824781,0.8619097,0.8696342,0.8597714,0.8682313,0.81781775,0.7552275,0.74962586,0.69763505,0.6906382,0.023977617,0.022059971
2020-04-03,-0.072755985,-0.6274417027416754,-0.07542361,-0.13803007,-0.07324439,0.9520865,0.93878937,0.9439543,0.7713834,0.8527149,0.8622555,0.8538795,0.86239624,0.81225115,0.7500134,0.74467933,0.6928612,0.685552,0.024062272,0.022038724
2020-04-04,-0.07317431,-0.6095879600575203,-0.07548102,-0.13887943,-0.07351281,0.95011485,0.9370689,0.94324136,0.76014847,0.8433899,0.854659,0.847733,0.8563144,0.80649555,0.74463314,0.7395088,0.6879639,0.68027085,0.02443444,0.022215689
2020-04-05,-0.07328462,-0.5903150919021838,-0.075313956,-0.13918896,-0.07355233,0.9465182,0.93418974,0.94170576,0.7487349,0.8338392,0.84676534,0.8412427,0.84990317,0.8004914,0.7390428,0.73405075,0.6828881,0.6747567,0.025136892,0.022614948
2020-04-06,-0.072982945,-0.5698065599740343,-0.07485085,-0.13878942,-0.073298395,0.94110364,0.9300264,0.9392357,0.7371082,0.8239761,0.8385032,0.8343286,0.84308904,0.7941858,0.733204,0.72824967,0.67758465,0.66897726,0.026205963,0.023256695
2020-04-07,-0.07217654,-0.5482545498058491,-0.07402783,-0.13753064,-0.07269383,0.93371063,0.92447567,0.9357368,0.7252377,0.81372315,0.8298097,0.82692087,0.83580744,0.7875325,0.7270839,0.7220581,0.67201066,0.6629058,0.027671551,0.024157226
2020-04-08,-0.07078387,-0.5258599707648154,-0.07278873,-0.1352815,-0.07168896,0.9242111,0.9174565,0.93113214,0.71309686,0.8030117,0.82063067,0.818959,0.8280028,0.7804918,0.72065496,0.7154366,0.66612923,0.65652144,0.029557114,0.025328947
2020-04-09,-0.068734564,-0.5028324560525294,-0.07108508,-0.13192989,-0.07024151,0.9125091,0.90891033,0.9253624,0.7006628,0.79178244,0.8109199,0.8103924,0.8196285,0.7730307,0.71389514,0.70835376,0.6599096,0.6498088,0.03187968,0.026780367
2020-04-10,-0.065969475,-0.47939036270499713,-0.068876125,-0.12738276,-0.06831668,0.8985412,0.89880073,0.9183856,0.6879166,0.77998483,0.8006397,0.8011799,0.8106469,0.7651228,0.70678794,0.7007862,0.6533273,0.6427583,0.034649827,0.028516103
2020-04-11,-0.062440652,-0.455760771592634,-0.06612879,-0.12156607,-0.06588713,0.8822764,0.88711363,0.91017747,0.67484325,0.7675775,0.7897609,0.7912902,0.80102944,0.7567482,0.6993222,0.69271857,0.6463636,0.6353659,0.037871707,0.03053688
2020-04-12,-0.058111332,-0.43217948742026496,-0.06281772,-0.11442485,-0.06293292,0.8637159,0.8738574,0.9007309,0.66143167,0.75452816,0.77826256,0.78070164,0.79075646,0.747894,0.6914924,0.6841435,0.6390063,0.6276334,0.041543033,0.032839533
2020-04-13,-0.052955963,-0.4088910387271242,-0.058925275,-0.105923146,-0.05944161,0.84289324,0.85906243,0.8900565,0.6476747,0.7408134,0.7661322,0.7694021,0.7798174,0.7385535,0.68329823,0.6750617,0.631249,0.61956805,0.045655075,0.035416994
2020-04-14,-0.046960175,-0.3861486778868558,-0.05444148,-0.096044056,-0.055408165,0.8198745,0.84278166,0.87818223,0.6335689,0.7264189,0.7533656,0.75738925,0.76821053,0.7287269,0.674745,0.66548187,0.62309164,0.6111831,0.050192673,0.038258314
2020-04-15,-0.04012081,-0.36421438110751275,-0.049364094,-0.0847897,-0.050835013,0.79475796,0.8250903,0.8651537,0.61911494,0.71133953,0.7399671,0.7446704,0.75594324,0.718421,0.6658435,0.6554208,0.61454,0.60249716,0.055134222,0.04134864
2020-04-16,-0.032445904,-0.3433588484315583,-0.043698564,-0.072181255,-0.045732033,0.7676743,0.80608565,0.8510338,0.60431725,0.69557905,0.72594935,0.73126256,0.7430318,0.7076491,0.65660983,0.6449031,0.60560626,0.5935347,0.060451686,0.044669226
2020-04-17,-0.02395469,-0.32386150373586425,-0.037458044,-0.05825891,-0.04011654,0.73878664,0.78588754,0.835903,0.5891842,0.6791502,0.71133333,0.71719235,0.72950155,0.6964313,0.64706576,0.6339618,0.5963086,0.5843258,0.06611059,0.048197445
2020-04-18,-0.014677602,-0.3060104947317127,-0.030663388,-0.04308192,-0.03401331,0.70829034,0.764638,0.8198592,0.57372814,0.662075,0.6961484,0.70249605,0.7153868,0.6847941,0.63723826,0.6226375,0.5866712,0.57490623,0.072070025,0.051906765
2020-04-19,-0.0046562697,-0.29010269296479474,-0.023343153,-0.02672856,-0.027454551,0.6764131,0.74250144,0.803018,0.5579651,0.64438426,0.68043244,0.68721974,0.70073086,0.67277104,0.62716,0.61097914,0.57672447,0.5653174,0.07828263,0.05576676
2020-04-20,0.006056477,-0.27678184622173096,-0.0155336,-0.009296144,-0.020479925,0.6434152,0.71966445,0.7855121,0.5417947,0.6259075,0.6642315,0.671419,0.685586,0.66040176,0.6168689,0.5988237,0.5663227,0.55545944,0.084694624,0.05974312
2020-04-21,0.017396612,-0.26624150500041743,-0.0072786915,0.009098968,-0.013136539,0.609589,0.696336,0.767492,0.52528393,0.60676885,0.6476002,0.6551593,0.6700134,0.647733,0.6064086,0.5863147,0.5555736,0.54543763,0.091245785,0.06379764
2020-04-22,0.029288908,-0.2586922725101672,0.0013699087,0.028321385,-0.005478946,0.5752593,0.6727473,0.74912554,0.5085007,0.5870964,0.63060135,0.6385154,0.6540835,0.6348178,0.5958279,0.57359797,0.5445864,0.5353593,0.09786945,0.06788821
2020-04-23,0.04148029,-0.25090786734352943,0.01018862,0.048175767,0.0024083303,0.54068327,0.64904135,0.7306259,0.49151388,0.56702185,0.6133064,0.6215722,0.6378754,0.62171596,0.5850358,0.5604819,0.53324014,0.5249763,0.104520746,0.071946785
2020-04-24,0.05382413,-0.2421171342125984,0.019062074,0.06847661,0.01044922,0.5062209,0.62546134,0.71220416,0.47439328,0.5466809,0.595795,0.6044239,0.6214773,0.608494,0.5740494,0.5470176,0.521579,0.5142947,0.11112844,0.075917006
2020-04-25,0.06615961,-0.23150440303057987,0.027864274,0.08901865,0.018559804,0.47226283,0.602271,0.6940893,0.45720965,0.5262133,0.57815516,0.5871746,0.60498655,0.5952249,0.56288874,0.53325266,0.509645,0.5033165,0.117615364,0.079738215
2020-04-26,0.07850628,-0.22040355586188115,0.036642022,0.10947212,0.026586728,0.43899167,0.5794868,0.67617875,0.44084048,0.5061438,0.560954,0.5702625,0.58886766,0.5821872,0.55188996,0.5198681,0.49804884,0.49263182,0.12402851,0.08349791
2020-04-27,0.09073222,-0.20855520683078016,0.045302015,0.12956141,0.034412265,0.406789,0.5573343,0.65863466,0.42559534,0.48673213,0.5444346,0.55390644,0.5733413,0.5695255,0.54117095,0.5070919,0.48699558,0.4824081,0.1303171,0.08717171
2020-04-28,0.10286054,-0.19626776353981656,0.053905677,0.14949074,0.042187456,0.37458634,0.5351818,0.64112496,0.4104088,0.46762586,0.52791494,0.5375726,0.5578248,0.5568753,0.5304717,0.49461833,0.4761956,0.47238207,0.1365988,0.09085242
2020-04-29,0.11478668,-0.18343961812091486,0.062392667,0.16908872,0.049858373,0.3423837,0.51302934,0.6236865,0.39521208,0.44892278,0.5113947,0.5212849,0.54232883,0.5442489,0.51981324,0.48253202,0.46572152,0.46260515,0.14286616,0.094547436
2020-04-30,0.1263983,-0.16997397527430216,0.07069816,0.18817128,0.05736707,0.31018105,0.49087688,0.6063587,0.37992698,0.4307202,0.49487334,0.5050688,0.5268647,0.5316595,0.50921834,0.47091568,0.45564458,0.45312726,0.14911124,0.098264724
2020-05-01,0.13800992,-0.15597611718688595,0.07900364,0.20725384,0.064875774,0.2779784,0.4687244,0.5890309,0.36483163,0.4128488,0.47835204,0.48885265,0.5114006,0.51907015,0.4986235,0.45964536,0.44585454,0.4438807,0.15535633,0.101982005
2020-05-02,0.14962153,-0.14141689278913863,0.08730913,0.2263364,0.07238447,0.24577573,0.44657192,0.57170314,0.34993643,0.3953267,0.4618307,0.47263655,0.49593648,0.5064808,0.48802862,0.44874,0.43636706,0.43487817,0.16160141,0.10569929
2020-05-03,0.16123316,-0.12627547988854054,0.09561462,0.24541895,0.07989317,0.21357307,0.42441943,0.5543754,0.33524886,0.37816688,0.4453094,0.45642045,0.48047236,0.49389145,0.47743374,0.43821317,0.4271934,0.4261287,0.1678465,0.10941658
2020-05-04,0.17284478,-0.11053938516957988,0.10392011,0.2645015,0.087401874,0.1813704,0.40226695,0.5370476,0.32077327,0.36137712,0.4287881,0.44020432,0.46500823,0.48130208,0.46683887,0.42807293,0.4183403,0.4176377,0.17409158,0.11313386
2020-05-05,0.18445641,-0.09420444419375269,0.1122256,0.28358406,0.09491057,0.14916775,0.38011447,0.51971984,0.30651125,0.34495997,0.41226676,0.42398822,0.44954413,0.46871272,0.45624402,0.418322,0.40980995,0.40940702,0.18033667,0.11685115
2020-05-06,0.19606802,-0.07727482139956288,0.12053108,0.30266663,0.10241927,0.11696509,0.35796198,0.50239205,0.29246128,0.32891285,0.39574546,0.4077721,0.43408,0.45612335,0.44564915,0.40895772,0.40160015,0.40143487,0.18658175,0.12056843
2020-05-07,0.20767964,-0.05976301010252229,0.12883657,0.32174918,0.109927975,0.08476244,0.3358095,0.4850643,0.27861887,0.31322804,0.37922415,0.391556,0.4186159,0.443534,0.43505427,0.3999719,0.39370418,0.39371574,0.19282684,0.12428572
2020-05-08,0.21929127,-0.04168983249515062,0.13714206,0.34083173,0.11743668,0.05255978,0.31365702,0.46773654,0.26497665,0.2978925,0.36270285,0.3753399,0.40315178,0.43094462,0.4244594,0.39135107,0.38611078,0.38624066,0.19907191,0.128003
2020-05-09,0.23090288,-0.02308443964697545,0.14544755,0.3599143,0.12494537,0.020357125,0.29150453,0.45040876,0.25152418,0.28288814,0.3461815,0.35912377,0.38768765,0.4183553,0.41386452,0.38307625,0.37880427,0.3789969,0.205317,0.13172029
2020-05-10,0.2425145,-0.003885475515688009,0.15375304,0.37899685,0.13245408,-0.011845533,0.26865017,0.4327584,0.23775832,0.26749548,0.3288375,0.34208998,0.37127823,0.4047255,0.40219685,0.37417933,0.37080073,0.3709531,0.21097487,0.13497752
2020-05-11,0.25412613,0.015825952507724,0.16205853,0.39807943,0.13996278,-0.04404819,0.24534462,0.41490063,0.2238377,0.25193462,0.3109646,0.32453057,0.35426113,0.39042687,0.38983953,0.36496758,0.36241964,0.36245194,0.21625526,0.13793898
2020-05-12,0.26590112,0.03640615494761218,0.17043635,0.41700453,0.14756297,-0.07757647,0.22134063,0.3961931,0.20987625,0.23655605,0.29300317,0.30692846,0.3372823,0.37623248,0.37767205,0.35625705,0.35453078,0.3544336,0.22227128,0.1414604
2020-05-13,0.27778113,0.05760390956675876,0.1788607,0.43582845,0.15522198,-0.11195694,0.19702594,0.37700284,0.1960131,0.2214807,0.27514693,0.28946,0.3205144,0.36231005,0.36583802,0.3481058,0.34719053,0.3469598,0.22887589,0.14543246
2020-05-14,0.28971183,0.0791730186597368,0.18730748,0.45460352,0.1629094,-0.14674881,0.17275919,0.3576705,0.18237153,0.20681094,0.2575735,0.27228665,0.30411485,0.34881228,0.35446745,0.34055632,0.34044138,0.34007907,0.23593025,0.14975178
2020-05-15,0.30164295,0.10087230905291035,0.19575445,0.4733782,0.17059703,-0.18154395,0.14886986,0.3385103,0.16905911,0.19263057,0.2404442,0.25555488,0.28822604,0.3358768,0.34367684,0.3336358,0.3343118,0.3338267,0.24330361,0.15432099
2020-05-16,0.3135282,0.1224656321044342,0.2041811,0.4921971,0.17825899,-0.21596687,0.12565829,0.31981012,0.15616766,0.17900485,0.22390437,0.23939623,0.2729752,0.32362604,0.33356914,0.327356,0.3288163,0.3282248,0.2508734,0.15904869
2020-05-17,0.32532534,0.14372186370425413,0.21256873,0.5111009,0.18587157,-0.24967472,0.103395745,0.30183136,0.1437732,0.1659804,0.2080831,0.22392729,0.25847444,0.3121674,0.32423374,0.32171324,0.32395536,0.3232823,0.25852516,0.16384946
2020-05-18,0.3369961,0.16441490427410677,0.22090042,0.53012645,0.1934134,-0.28235734,0.08232433,0.28480902,0.13193601,0.15358534,0.19309331,0.20924973,0.24482079,0.30159312,0.31574652,0.31668833,0.31971556,0.31899494,0.26615262,0.16864386
2020-05-19,0.34850633,0.1843236787675196,0.229161,0.5493067,0.20086531,-0.3137372,0.06265704,0.2689517,0.12070061,0.14182921,0.17903183,0.19545028,0.23209617,0.2919804,0.30816975,0.31224683,0.31606948,0.31534523,0.2736576,0.17335841
2020-05-20,0.35982582,0.20323213666981108,0.23733713,0.5686708,0.2082104,-0.3435694,0.044577736,0.25444162,0.11009574,0.13070294,0.16597928,0.18260069,0.22036733,0.2833912,0.3015522,0.30833873,0.31297565,0.3123025,0.2809501,0.17792562
2020-05-21,0.3709284,0.22139650199823244,0.24541721,0.58824384,0.21543401,-0.37164173,0.028241146,0.24143451,0.100301,0.12046968,0.15400015,0.17075783,0.20968595,0.27587253,0.2959291,0.30520245,0.3106306,0.31002596,0.28794825,0.18228398
2020-05-22,0.38179198,0.23874819977231387,0.25339144,0.60804725,0.22252378,-0.3977746,0.013772892,0.23005976,0.09136261,0.11116876,0.14314277,0.15996356,0.20008862,0.2694562,0.29132208,0.30284652,0.309039,0.30851832,0.29457834,0.18637796
2020-05-23,0.39239845,0.25523200842038435,0.26125184,0.6280984,0.22946952,-0.42182106,0.0012694576,0.22042032,0.083314024,0.10282611,0.13343932,0.15024488,0.19159676,0.26415893,0.28773925,0.30126953,0.3081961,0.30777264,0.3007748,0.19015796
2020-05-24,0.40273368,0.27080605977957156,0.26899213,0.648411,0.23626338,-0.44366688,-0.009201792,0.21259274,0.076175876,0.095454305,0.12490578,0.14161375,0.1842167,0.2599824,0.2851752,0.30045995,0.3080876,0.30777243,0.3064802,0.19358046
2020-05-25,0.41278768,0.2854418390958019,0.27660787,0.66899455,0.2428997,-0.46323037,-0.01760262,0.20662715,0.06995602,0.08905251,0.11754205,0.1340673,0.17793967,0.25691307,0.28361097,0.30039635,0.30868977,0.30849168,0.31164524,0.19660781
2020-05-26,0.42255434,0.2991241850238007,0.2840964,0.689855,0.24937512,-0.4804626,-0.023923913,0.20254725,0.064649515,0.083606526,0.11133182,0.12758762,0.17274177,0.25492233,0.28301397,0.30104724,0.3099694,0.30989468,0.31622878,0.1992084
2020-05-27,0.4320317,0.3118512896270918,0.29145682,0.7109942,0.25568852,-0.49534726,-0.028185684,0.2003504,0.060238637,0.07908873,0.10624264,0.12214191,0.16858399,0.2539665,0.2833382,0.30237114,0.3118837,0.31193626,0.32019782,0.20135655
2020-05-28,0.44122174,0.323634698377998,0.29869,0.7324103,0.261841,-0.50790066,-0.030437073,0.20000748,0.056692854,0.075458154,0.102225915,0.117682435,0.16541219,0.25398684,0.28452396,0.30431652,0.3143805,0.3145616,0.32352751,0.20303261
2020-05-29,0.45013055,0.3344993101576409,0.30579862,0.7540974,0.26783594,-0.5181717,-0.03075634,0.201463,0.053968858,0.07266041,0.09921688,0.11414649,0.16315717,0.25490934,0.28649816,0.30682194,0.31739804,0.31770638,0.32620114,0.20422289
2020-05-30,0.45876813,0.3444833772559407,0.31278718,0.7760459,0.273679,-0.52624214,-0.029250873,0.20463501,0.05201054,0.070627734,0.097134605,0.11145646,0.16173454,0.25664505,0.28917405,0.30981585,0.3208652,0.3212966,0.32821015,0.20491965
2020-05-31,0.46714857,0.35363850537161634,0.31966186,0.79824215,0.27937806,-0.53222615,-0.026057187,0.2094152,0.050748996,0.069279,0.095882036,0.10951976,0.16104485,0.2590898,0.29245135,0.31321678,0.32470128,0.32524875,0.32955408,0.20512116
2020-06-01,0.47529,0.3620296536121857,0.32643068,0.82066876,0.28494325,-0.5362707,-0.02134092,0.21566884,0.05010254,0.06851965,0.09534594,0.10822887,0.16097352,0.2621244,0.29621628,0.31693316,0.3288161,0.32946977,0.3302407,0.20483166
2020-06-02,0.48321453,0.3697351344939652,0.33310348,0.84330434,0.29038697,-0.5385554,-0.015296835,0.22323476,0.049976684,0.06824179,0.09539692,0.10746135,0.16139087,0.26561445,0.30034146,0.32086346,0.33310997,0.33385694,0.33028585,0.20406133
2020-06-03,0.49094835,0.3768466139420704,0.33969185,0.86612374,0.29572386,-0.5392924,-0.008148821,0.2319254,0.050264154,0.06832409,0.095889464,0.10707979,0.16215207,0.26941058,0.30468598,0.3248962,0.33747378,0.33829802,0.32971358,0.2028264
2020-06-04,0.49852163,0.3834691112904152,0.34620908,0.88909787,0.30097085,-0.5387266,-0.00014989194,0.24152681,0.05084488,0.06863187,0.096661866,0.106931865,0.16309722,0.27334818,0.30909544,0.32890978,0.34178892,0.3426712,0.328556,0.20114899
2020-06-05,0.5059685,0.38972099928171255,0.35267037,0.9121937,0.30614707,-0.53713566,0.008417814,0.2517986,0.05158601,0.069017045,0.09753627,0.106850296,0.16405126,0.2772476,0.3134018,0.33277273,0.34592727,0.34684503,0.32685342,0.19905728
2020-06-06,0.51340234,0.3962959025255839,0.35953078,0.93453526,0.311172,-0.53472066,0.017232802,0.26244277,0.05245863,0.0694026,0.0984629,0.106743336,0.16507111,0.28137252,0.3179009,0.33683494,0.35025695,0.35127848,0.32503587,0.19679703
2020-06-07,0.5208385,0.40313822256158605,0.3666525,0.95638156,0.31610578,-0.5318634,0.025958335,0.27317733,0.053262595,0.06958352,0.09918009,0.1063815,0.16586326,0.28534928,0.32222718,0.34076935,0.35445026,0.35560676,0.32302365,0.19433273
2020-06-08,0.5282983,0.41021955420157485,0.37391037,0.977967,0.32100815,-0.52897555,0.034228303,0.28369296,0.05378786,0.069343485,0.09941356,0.10552262,0.1661252,0.28880057,0.32601324,0.34425095,0.35818246,0.35947022,0.32075462,0.19164011
2020-06-09,0.53623044,0.4157225785288502,0.3802165,1.0016719,0.32631186,-0.5273751,0.041571826,0.29386947,0.053339187,0.06792753,0.098314896,0.103459716,0.1647882,0.29016808,0.32740805,0.34541184,0.3595081,0.36062822,0.31708366,0.18801327
2020-06-10,0.54451746,0.4201853176027778,0.3858192,1.0269065,0.3319429,-0.52722067,0.0485608,0.30371183,0.052533202,0.066247016,0.09692197,0.10121649,0.16310833,0.2909248,0.32805225,0.34578705,0.36001983,0.3608078,0.31318817,0.18433341
2020-06-11,0.55245537,0.42599269715930677,0.39169672,1.0514575,0.33756924,-0.527619,0.05536097,0.3129198,0.052003752,0.06511768,0.09598923,0.0994696,0.16205585,0.29245856,0.32986036,0.34738103,0.36185637,0.36240476,0.31052533,0.18157324
2020-06-12,0.5599488,0.43249762929557284,0.39770964,1.0756007,0.34310374,-0.5273943,0.062367946,0.32217252,0.051714938,0.064312406,0.09529419,0.0979566,0.16123724,0.29425368,0.33216894,0.34950772,0.3642768,0.364626,0.30811888,0.17899872
2020-06-13,0.56706315,0.4395089944766093,0.40379596,1.0994464,0.34855077,-0.52668816,0.06950225,0.33140492,0.05160516,0.06376082,0.09478439,0.096628845,0.16059451,0.2962275,0.33484608,0.35202768,0.3671287,0.36731485,0.305914,0.1765802
2020-06-14,0.57386106,0.44684832912696115,0.40989867,1.1230972,0.3539148,-0.5256339,0.07668993,0.34055716,0.05161672,0.06339658,0.09441045,0.0954405,0.16007343,0.2983034,0.33776852,0.35481068,0.37026972,0.37032494,0.30385938,0.1742896
2020-06-15,0.58040273,0.45434982563068566,0.4159658,1.1466473,0.35920045,-0.5243565,0.08386254,0.34957474,0.051695812,0.06315744,0.094126195,0.09434848,0.15962353,0.30041072,0.34082183,0.3577356,0.37356734,0.37351996,0.30190724,0.17210047
2020-06-16,0.58698213,0.4614537308236266,0.42186764,1.1704116,0.36446306,-0.5232873,0.09081518,0.35841608,0.05167799,0.06279944,0.09376502,0.09318066,0.15907657,0.30239177,0.34365743,0.36038697,0.37659878,0.3764611,0.29987094,0.1698659
2020-06-17,0.59356976,0.4681647638330525,0.42759186,1.1943872,0.3696894,-0.5224225,0.09754113,0.36703464,0.051558137,0.06233478,0.09333117,0.0919466,0.15843311,0.30422118,0.34626502,0.36277044,0.37935883,0.3791442,0.29776064,0.16760625
2020-06-18,0.60013914,0.47449028493028256,0.43312916,1.2185692,0.37486753,-0.52175754,0.10403576,0.37538946,0.05133221,0.061775133,0.09282901,0.090655416,0.1576945,0.30587733,0.34863696,0.36489344,0.38184485,0.3815676,0.2955864,0.16534038
2020-06-19,0.6066671,0.4804402955306868,0.43847314,1.2429503,0.37998688,-0.52128744,0.11029639,0.38344496,0.05099724,0.061131664,0.09226303,0.08931573,0.15686293,0.3073423,0.3507684,0.36676505,0.38405672,0.3837321,0.29335845,0.16308579
2020-06-20,0.6131337,0.48602743819368566,0.44362044,1.267521,0.3850382,-0.5210067,0.11632243,0.39117125,0.05055132,0.060415022,0.0916378,0.08793569,0.15594134,0.30860186,0.35265717,0.36839607,0.38599697,0.38564107,0.29108694,0.16085857
2020-06-21,0.61998755,0.4929160427419393,0.45013785,1.2929407,0.39012963,-0.5217465,0.121736534,0.39824754,0.049835853,0.059690032,0.09113479,0.086640984,0.15529443,0.31056905,0.3553924,0.37104648,0.38889357,0.38840115,0.289718,0.15917136
2020-06-22,0.62704885,0.5005350889804024,0.45746833,1.3189555,0.3952132,-0.5232012,0.1266774,0.40476075,0.048907425,0.05894678,0.09069568,0.08539669,0.15479784,0.31290722,0.35858864,0.37428498,0.39231744,0.3916275,0.28892758,0.15785958
2020-06-23,0.6341525,0.5083568147575679,0.46509635,1.3453258,0.40024522,-0.52508533,0.13127637,0.41079593,0.047819827,0.05817618,0.090266615,0.08417033,0.15433687,0.31530628,0.36189014,0.37771258,0.39587224,0.3949648,0.28841472,0.15676954
2020-06-24,0.6408124,0.5141404502110153,0.47080758,1.3725559,0.40528652,-0.52607393,0.13638327,0.41693988,0.04675296,0.057304002,0.08955462,0.08273487,0.15328419,0.3162707,0.363641,0.37947953,0.3976999,0.39675066,0.28664964,0.15511753
2020-06-25,0.6470128,0.5180719870457606,0.47479138,1.4001738,0.41026595,-0.52629995,0.14185564,0.42309427,0.04570893,0.056346387,0.08860177,0.08113307,0.15173103,0.31597614,0.3640194,0.37978148,0.39800316,0.3971664,0.2838246,0.15300046
2020-06-26,0.6527443,0.520337417233155,0.47723576,1.4277401,0.41511914,-0.5258905,0.14756164,0.42917144,0.044690195,0.055318687,0.087448604,0.079405256,0.1497654,0.3145948,0.36320022,0.37880996,0.39698064,0.39639008,0.28012413,0.15051031
2020-06-27,0.6580037,0.5211227330108841,0.47832757,1.4548475,0.4197884,-0.52496654,0.15337996,0.43509433,0.043699596,0.05423545,0.08613415,0.07758936,0.14747213,0.31229547,0.3613552,0.37675238,0.39482692,0.3945964,0.27572498,0.14773418
2020-06-28,0.6627944,0.5206139268829686,0.47825226,1.4811205,0.4242226,-0.52364314,0.15919986,0.44079646,0.04274031,0.05311044,0.08469589,0.07572089,0.14493288,0.30924365,0.35865283,0.37379202,0.39173242,0.39195675,0.27079618,0.1447542
2020-06-29,0.66712624,0.5189969916197642,0.47719413,1.5062163,0.42837742,-0.5220292,0.16492118,0.44622207,0.041815896,0.05195662,0.08316976,0.07383292,0.14222613,0.3056014,0.35525846,0.37010807,0.38788345,0.3886392,0.26549894,0.1416476
2020-06-30,0.67101526,0.5164579202579617,0.4753361,1.5298241,0.4322152,-0.52022785,0.17045432,0.4513259,0.04093026,0.050786164,0.08159017,0.071956135,0.13942719,0.3015273,0.35133424,0.36587566,0.38346225,0.3848085,0.25998676,0.1384867
2020-07-01,0.674484,0.5131827061005864,0.4728599,1.5516655,0.43570492,-0.51833594,0.17572026,0.4560734,0.04008768,0.049610455,0.07999,0.07011879,0.13660815,0.29717672,0.34703907,0.36126578,0.37864694,0.38062608,0.25440535,0.13533884
2020-07-02,0.67756146,0.5093573427169983,0.46994585,1.571494,0.43882224,-0.51644444,0.18065055,0.4604406,0.039292794,0.04844008,0.07840059,0.068346724,0.13383797,0.2927015,0.3425287,0.35644522,0.37361148,0.37625006,0.24889266,0.13226648
2020-07-03,0.680283,0.5051678239428928,0.46677315,1.5890955,0.44154954,-0.5146385,0.18518728,0.46441424,0.038550593,0.047284838,0.076851755,0.066663355,0.13118239,0.28825018,0.33795568,0.35157683,0.3685258,0.37183514,0.24357888,0.12932715
2020-07-04,0.68269026,0.5008001438803003,0.4635196,1.604288,0.44387582,-0.51299685,0.18928313,0.46799153,0.03786644,0.046153724,0.075371765,0.065089695,0.12870398,0.2839678,0.3334693,0.3468192,0.36355573,0.36753282,0.23858644,0.12657341
2020-07-05,0.6848315,0.49644029689758534,0.46036184,1.6169218,0.44579685,-0.5115925,0.19290136,0.47118038,0.03724606,0.045054946,0.07398735,0.063644335,0.12646216,0.27999613,0.32921574,0.3423269,0.35886288,0.36349127,0.23403002,0.12405298
2020-07-06,0.6865865,0.4926639551765618,0.4578695,1.6249512,0.4470314,-0.51085824,0.19539784,0.4734529,0.036724124,0.04405398,0.07285277,0.062478382,0.1247702,0.2768993,0.32577613,0.3387563,0.3550857,0.36032128,0.23064241,0.12214989
2020-07-07,0.68797505,0.48874152672336013,0.45547038,1.6301392,0.44783068,-0.5108748,0.19699177,0.47507647,0.03613555,0.043020017,0.07174633,0.0614324,0.123247996,0.27402675,0.3224741,0.33539385,0.3515071,0.357169,0.22777198,0.120487615
2020-07-08,0.689092,0.48450107637419587,0.45302805,1.6334147,0.44834608,-0.51161987,0.19788775,0.47628522,0.035430204,0.041905276,0.07058864,0.060436103,0.121759504,0.27118215,0.31910643,0.33201376,0.34791094,0.35377374,0.2251469,0.11889954
2020-07-09,0.69054747,0.47875640675552783,0.44976616,1.6389104,0.4492023,-0.5129496,0.19917777,0.4784119,0.034383427,0.040377572,0.06898116,0.059109032,0.119685225,0.26748407,0.31461057,0.3273303,0.3431585,0.3489191,0.22134541,0.11650208
2020-07-10,0.6916707,0.4741972694274015,0.4471188,1.643425,0.4498713,-0.51368755,0.20084329,0.4809947,0.033659842,0.03921594,0.06772991,0.058113225,0.11810111,0.26459733,0.31112808,0.3236221,0.33959565,0.34527642,0.21802291,0.11433783
2020-07-11,0.6924557,0.4735337226693842,0.4470719,1.6456959,0.45019984,-0.5139088,0.2026007,0.48335546,0.033466417,0.03886169,0.06734088,0.057869606,0.1177998,0.26397923,0.31056008,0.3231815,0.3393326,0.3450471,0.21687552,0.11343715
2020-07-12,0.693405,0.47457731907287565,0.4485285,1.6471308,0.4504123,-0.51465917,0.20404167,0.4854062,0.033285722,0.03866985,0.06722116,0.057862513,0.118022606,0.26446024,0.31127223,0.32423487,0.34052134,0.3462002,0.21685246,0.113146864
2020-07-13,0.6944416,0.4769245639652866,0.45115817,1.6475499,0.4504772,-0.515899,0.20507419,0.487098,0.033110123,0.038597357,0.06732032,0.058046322,0.118673824,0.26584136,0.3129969,0.32644594,0.34284574,0.3484141,0.2177691,0.11336096
2020-07-14,0.6947538,0.4776103015868396,0.45219657,1.6460764,0.450203,-0.51702887,0.2054385,0.48792672,0.032859083,0.03848089,0.067233585,0.058121465,0.11886471,0.26600492,0.3133295,0.3271366,0.3434801,0.3489362,0.21790072,0.113298096
2020-07-15,0.69458216,0.4771857807834895,0.452242,1.6429324,0.4496416,-0.5182509,0.20511813,0.48802444,0.03253501,0.038306553,0.06703003,0.05812279,0.1187807,0.26545602,0.31278467,0.32683364,0.34302592,0.34833437,0.21762224,0.11309603
2020-07-16,0.6942106,0.4782534037696728,0.45363787,1.6370851,0.4486775,-0.51972705,0.2039863,0.487803,0.032464437,0.03832548,0.067243166,0.05846084,0.11946672,0.26654974,0.3138903,0.32810146,0.34444976,0.34943298,0.21878837,0.11351575
2020-07-17,0.6935483,0.4810838542715454,0.45639005,1.6289983,0.44736868,-0.52124774,0.20226772,0.4872757,0.03267244,0.038665395,0.067919485,0.059193753,0.12092122,0.2691662,0.31667203,0.33104873,0.34779847,0.3523058,0.22136207,0.114604264
2020-07-18,0.6927411,0.4855562986897691,0.4604321,1.6193722,0.44582516,-0.5229127,0.20004825,0.4864666,0.03307216,0.039270937,0.06898507,0.06025013,0.12302527,0.27310166,0.32092458,0.3354928,0.35283256,0.3567274,0.22517064,0.11628974
2020-07-19,0.6919342,0.4915649876072373,0.4657081,1.6089159,0.44415832,-0.5248166,0.19741681,0.48540294,0.033579327,0.04008941,0.0703691,0.06156082,0.12566422,0.27816182,0.32645473,0.3412631,0.35932645,0.36248577,0.23004822,0.1185035
2020-07-20,0.691273,0.4990192557890742,0.47217256,1.5983464,0.44248083,-0.52704877,0.19446537,0.48411518,0.034112275,0.041070785,0.072003916,0.063058965,0.12872767,0.28416175,0.33308113,0.34820136,0.3670685,0.36938247,0.23583575,0.12118005
2020-07-21,0.6909023,0.5078435221826353,0.4797905,1.5883896,0.44090676,-0.5296935,0.19128895,0.48263696,0.03459194,0.042167686,0.07382496,0.06467997,0.13210951,0.2909259,0.34063444,0.35616145,0.37586102,0.37723255,0.24238087,0.12425703
2020-07-22,0.690324,0.5156986818562637,0.48637214,1.5788524,0.43939134,-0.53167295,0.188509,0.48141438,0.035159856,0.043259837,0.07552657,0.06619852,0.13520904,0.2970121,0.3474532,0.36328566,0.38383052,0.3843434,0.24824485,0.1269872
2020-07-23,0.68949366,0.5218691432802349,0.49126658,1.570205,0.43800423,-0.5327207,0.18638061,0.4806079,0.03580628,0.044282965,0.07697864,0.06750661,0.13778196,0.30188826,0.35294965,0.36894524,0.3903102,0.39010966,0.2529086,0.1291122
2020-07-24,0.68898976,0.5249533811515573,0.4931729,1.5666025,0.43739802,-0.5330034,0.1855652,0.48055306,0.036212392,0.04499724,0.07767926,0.068147235,0.13893756,0.30388498,0.3553669,0.37139693,0.39332488,0.39259794,0.25488573,0.12993152
2020-07-25,0.68898153,0.5268473573270993,0.49401125,1.5661716,0.4372921,-0.5335031,0.18519916,0.48067668,0.036315937,0.045495354,0.07796482,0.068407774,0.13937315,0.30451941,0.35633674,0.3724159,0.39470178,0.39349228,0.25569412,0.1302088
2020-07-26,0.6889849,0.5280387636921743,0.49443072,1.5653214,0.4371231,-0.5339856,0.18489596,0.48086035,0.036325727,0.045847535,0.07812986,0.06857469,0.13967268,0.3048263,0.3568947,0.37299204,0.39558035,0.39399046,0.25620046,0.13032393
2020-07-27,0.68897563,0.5285464512692216,0.4944419,1.5639356,0.43687198,-0.5344567,0.18461654,0.4810568,0.036247157,0.046061635,0.07818482,0.068658076,0.13984728,0.3048239,0.35705635,0.3731468,0.395979,0.3941051,0.25643536,0.13029838
2020-07-28,0.6889337,0.5283992654929138,0.49406636,1.5619011,0.43652046,-0.5349295,0.18431976,0.48121968,0.036084756,0.046145182,0.07814089,0.06866859,0.13991073,0.30453762,0.356845,0.37290996,0.39592505,0.39385703,0.25643548,0.13015613
2020-07-29,0.68884313,0.5276360462101556,0.49333662,1.5591079,0.43605095,-0.5354248,0.18396255,0.4813035,0.035842206,0.046105403,0.07800996,0.06861748,0.13987952,0.30399984,0.3562917,0.3723198,0.3954549,0.39327535,0.25624368,0.12992358
2020-07-30,0.68869203,0.5263056276800846,0.4922964,1.5554491,0.4354466,-0.53597075,0.18349978,0.48126373,0.035522334,0.045949217,0.07780466,0.06851655,0.13977283,0.30325004,0.3554354,0.3714229,0.39461377,0.39239728,0.255909,0.12962958
2020-07-31,0.6884727,0.5244668385740714,0.49100026,1.550821,0.43469134,-0.5366028,0.18288435,0.48105657,0.03512712,0.045683227,0.07753835,0.0683782,0.13961253,0.3023347,0.3543227,0.37027442,0.3934559,0.39126834,0.25548664,0.12930542
2020-08-01,0.68818134,0.5221885019757186,0.4895139,1.5451225,0.43376976,-0.53736395,0.18206714,0.48063925,0.034657676,0.045313735,0.077225104,0.0682154,0.13942312,0.30130732,0.35300806,0.36893782,0.39204434,0.38994217,0.2550379,0.12898485
2020-08-02,0.68781847,0.5195494353808625,0.48791403,1.5382564,0.43266723,-0.5383047,0.18099703,0.47996983,0.03411427,0.04484673,0.07687973,0.068041675,0.13923186,0.3002285,0.3515537,0.36748505,0.39045122,0.3884807,0.25463033,0.1287041
2020-08-03,0.6873886,0.516638450697571,0.48628837,1.530128,0.43136987,-0.5394829,0.17962089,0.47900727,0.033496317,0.044287894,0.07651776,0.06787116,0.13906866,0.2991659,0.35002965,0.36599642,0.3887576,0.386954,0.2543376,0.12850179
2020-08-04,0.6869004,0.5135543542461456,0.4847357,1.5206459,0.42986447,-0.5409638,0.17788361,0.47771144,0.03280237,0.043642603,0.076155454,0.06771855,0.13896613,0.29819414,0.34851366,0.36456072,0.38705337,0.38544047,0.25423953,0.12841901
2020-08-05,0.6868655,0.5110735634758894,0.48424622,1.5101657,0.42821747,-0.5431709,0.17607856,0.47619024,0.031889137,0.042820238,0.07585049,0.067628734,0.1391524,0.2978672,0.3475819,0.36387548,0.3859858,0.3845596,0.25476524,0.12871602
2020-08-06,0.68736386,0.50853799292107,0.48408136,1.501108,0.42678085,-0.54555386,0.17487524,0.47510788,0.030764325,0.04177951,0.07542773,0.06742055,0.13924132,0.29751682,0.34654698,0.36313286,0.38480252,0.38357174,0.25501952,0.12888977
2020-08-07,0.6883214,0.5056960748676584,0.48391992,1.4940269,0.42563263,-0.547935,0.17434715,0.47459993,0.029459193,0.040533096,0.074839644,0.06704573,0.13910493,0.2969087,0.3451688,0.36204165,0.38324264,0.38221323,0.25473216,0.12877797
2020-08-08,0.6888238,0.5014913494869531,0.48225126,1.4882163,0.4246358,-0.54919595,0.17419623,0.47471488,0.028330894,0.039298855,0.07408411,0.066478655,0.13844895,0.29533145,0.34267965,0.35961983,0.38042727,0.3796311,0.2532009,0.12793714
2020-08-09,0.6884342,0.497395024874705,0.48011416,1.4804063,0.4233172,-0.54968745,0.17344782,0.47414094,0.02752108,0.03839748,0.07353233,0.066084966,0.13787138,0.29368132,0.34023094,0.35730773,0.37760967,0.37710696,0.25189456,0.1272922
2020-08-10,0.68721765,0.49388976639145393,0.4779186,1.4704753,0.42166722,-0.5496198,0.17200923,0.47265533,0.027006071,0.03787476,0.07324577,0.065927684,0.13749853,0.2921867,0.33813578,0.355509,0.37514275,0.37499174,0.25115076,0.12706292
2020-08-11,0.6848933,0.4889637828532749,0.47398156,1.4586142,0.4196731,-0.5486458,0.17006694,0.47064832,0.026753036,0.037528824,0.07293777,0.06578756,0.13681608,0.28976044,0.3350243,0.35250476,0.37149677,0.37172085,0.24974294,0.12653567
2020-08-12,0.6814019,0.48240271461051965,0.4681126,1.4447085,0.4173114,-0.5467894,0.16759361,0.4680574,0.026748182,0.037346326,0.07258024,0.06565516,0.13577697,0.28626612,0.3307435,0.34810758,0.36650115,0.36711332,0.24757737,0.12567289
2020-08-13,0.6770392,0.47396833834689867,0.46029052,1.4297158,0.4147502,-0.54478264,0.16443032,0.4645461,0.026711373,0.03718042,0.07202669,0.06543747,0.13423775,0.28142345,0.3250412,0.34206557,0.35989413,0.36088005,0.24461204,0.12450975
2020-08-14,0.6726219,0.466962736001217,0.45359486,1.4140884,0.412117,-0.54314065,0.1608268,0.46078837,0.026831988,0.03723168,0.07177958,0.06550233,0.13327387,0.27778453,0.32073215,0.3374218,0.35497996,0.3562124,0.24284163,0.123901516
2020-08-15,0.6682172,0.462149546205057,0.44868284,1.3975201,0.4093699,-0.54181045,0.15685493,0.456999,0.027235262,0.03758919,0.07199688,0.06597303,0.13318303,0.2760083,0.31852338,0.33490425,0.35258824,0.35390374,0.24274497,0.124038935
2020-08-16,0.6638475,0.4574339186046248,0.443788,1.3815047,0.4067094,-0.54080904,0.15273888,0.4530056,0.02758891,0.037966803,0.07218563,0.06644442,0.1330616,0.27417636,0.31631556,0.3323992,0.35025138,0.35160062,0.24273732,0.12424189
2020-08-17,0.6595819,0.45280721686488445,0.43891746,1.3662704,0.40416786,-0.54012007,0.14858939,0.4489161,0.027886966,0.03834821,0.07232411,0.066893116,0.1328786,0.27224663,0.314054,0.32986388,0.3479044,0.34924227,0.2427388,0.12446526
2020-08-18,0.6557465,0.4482557723973224,0.43407026,1.3532003,0.40202022,-0.5395796,0.14489959,0.44545674,0.028282033,0.038666904,0.07232201,0.067190304,0.13242821,0.27009496,0.3114749,0.32707375,0.3452837,0.34658068,0.24233937,0.12439731
2020-08-19,0.65233684,0.44374554756894125,0.42923993,1.3421924,0.4002263,-0.53924847,0.14164193,0.44250777,0.028696861,0.038915493,0.0721707,0.0673399,0.13172485,0.26767796,0.30856672,0.3240199,0.34235862,0.34358656,0.24155575,0.124079056
2020-08-20,0.64934623,0.43945208995108037,0.42470768,1.3323334,0.39858812,-0.5393585,0.13853872,0.43940416,0.02886127,0.039082758,0.07193715,0.067420274,0.13099915,0.26520255,0.30568323,0.32102463,0.33945975,0.34057212,0.24078614,0.1238588
2020-08-21,0.64680386,0.4352396892741764,0.42034763,1.3239588,0.39714968,-0.5399251,0.13567233,0.43625012,0.028761819,0.039150972,0.07157064,0.06739255,0.13016154,0.2625013,0.30263978,0.31791976,0.33638018,0.33734068,0.23987111,0.1236435
2020-08-22,0.64475244,0.4309666992129034,0.41603407,1.3174444,0.39596266,-0.54097426,0.13312751,0.43314865,0.028378207,0.03909746,0.07101605,0.067212924,0.12911673,0.2593984,0.29924294,0.31452844,0.33290246,0.33368525,0.23864412,0.12333763
2020-08-23,0.64320415,0.4258657676006685,0.41287994,1.3131272,0.39508337,-0.5423638,0.13119479,0.43058538,0.027780917,0.0389339,0.07019704,0.06683188,0.12772106,0.25563323,0.29519427,0.30896476,0.3271183,0.32931018,0.23675272,0.122699626
2020-08-24,0.6413673,0.420917246964465,0.41117698,1.306391,0.39377227,-0.5435707,0.12934665,0.42829588,0.027337063,0.038858112,0.06956773,0.06667761,0.12676966,0.25259408,0.29191208,0.303156,0.32117462,0.3258319,0.23539402,0.12227855
2020-08-25,0.63908213,0.4170432430549209,0.40880176,1.2962611,0.39186743,-0.5445257,0.12734093,0.42618445,0.027101543,0.038891435,0.06921603,0.0668336,0.12642498,0.25056276,0.28967792,0.300213,0.31813353,0.32357246,0.23482607,0.12219505
2020-08-26,0.63664114,0.41385818379494943,0.4055234,1.2851826,0.3897437,-0.5453871,0.1254267,0.4242298,0.026929999,0.038993508,0.06894932,0.06711005,0.12628292,0.24881524,0.28776285,0.29912022,0.31688386,0.32168067,0.23447643,0.122213624
2020-08-27,0.63401216,0.4113245161375303,0.4015703,1.2730981,0.38738543,-0.5461439,0.12360139,0.42236507,0.026824385,0.039168175,0.068780385,0.06751634,0.12635459,0.2473675,0.2861808,0.29958463,0.31714666,0.32016775,0.23437917,0.122358076
2020-08-28,0.6311679,0.40940616930689794,0.39715993,1.2599598,0.38477984,-0.5467842,0.121863745,0.42052877,0.026786365,0.039418556,0.068721235,0.068060614,0.12664992,0.24623486,0.28494456,0.30132902,0.31865752,0.31904384,0.23456524,0.1226504
2020-08-29,0.628086,0.40806855479854154,0.39249906,1.2457303,0.38191706,-0.5472952,0.12021374,0.41866466,0.02681731,0.039747052,0.06878314,0.06874974,0.12717757,0.24543199,0.28406608,0.30409178,0.32116657,0.3183178,0.23506247,0.12311082
2020-08-30,0.62432724,0.4072785663792051,0.38786325,1.2284985,0.37835756,-0.5477428,0.11865264,0.41620937,0.026814505,0.0401536,0.068962425,0.069609486,0.12793976,0.24477464,0.2832736,0.30668563,0.32345986,0.3176628,0.23591548,0.12379036
2020-08-31,0.6200299,0.4070045800868877,0.38340896,1.2089194,0.37425163,-0.54808366,0.11718299,0.41330037,0.02681581,0.040639777,0.06927392,0.07063704,0.12894449,0.2443469,0.28267795,0.30921653,0.32566613,0.31720486,0.2371388,0.12469398
2020-09-01,0.6153268,0.407216454230843,0.3792837,1.1876113,0.36974192,-0.5482755,0.11580859,0.4100679,0.026856227,0.041206397,0.06973134,0.07182881,0.13019837,0.24422736,0.28238192,0.31178284,0.32790458,0.31706062,0.23874418,0.12582563
2020-09-02,0.6105651,0.40866229846728364,0.37629825,1.1681011,0.3656448,-0.54739636,0.11505228,0.40732604,0.027519118,0.04223534,0.07061011,0.07335201,0.13188611,0.24498324,0.28325585,0.31521893,0.33118066,0.3181929,0.24094377,0.127319
2020-09-03,0.60578823,0.4110375181209357,0.3743423,1.1498823,0.3618439,-0.5457206,0.11473551,0.40494356,0.028636938,0.043589514,0.071827896,0.07514026,0.13394745,0.24650547,0.28510964,0.31934267,0.33527452,0.3203939,0.24367164,0.12912935
2020-09-04,0.6010448,0.4131847086283666,0.3730044,1.130853,0.35786182,-0.54435176,0.11411252,0.40244037,0.029582024,0.04477218,0.07309757,0.07700316,0.1362308,0.24845712,0.2873439,0.32356286,0.3395143,0.32303202,0.2468053,0.1311319
2020-09-05,0.5956867,0.41422994660999446,0.37108323,1.1105486,0.3536233,-0.5427346,0.11275608,0.39962924,0.030571278,0.04592729,0.07436638,0.0788859,0.13844922,0.2501736,0.28926298,0.3270393,0.3431133,0.3253418,0.24983051,0.13301636
2020-09-06,0.5895529,0.41394958323968684,0.3682363,1.0889331,0.34913,-0.54065603,0.11058052,0.39646745,0.031683214,0.047105018,0.07562146,0.08076286,0.14050469,0.25145176,0.29065073,0.32951778,0.34582075,0.32707843,0.25256866,0.13468395
2020-09-07,0.5824699,0.4121026275279918,0.36409947,1.0659558,0.3443815,-0.5378945,0.107491225,0.3929096,0.032998938,0.048357483,0.076849125,0.08260807,0.14229508,0.2520777,0.29127952,0.33072978,0.34737343,0.32798505,0.25483364,0.13603076
2020-09-08,0.5754421,0.4095661941820032,0.35996217,1.0433764,0.33968598,-0.5355299,0.10392818,0.38905278,0.03414492,0.049449533,0.07797012,0.084361054,0.14394562,0.25249732,0.29165208,0.3313618,0.3483641,0.3286204,0.25702778,0.13733539
2020-09-09,0.5686217,0.4063985631385312,0.35590968,1.0216514,0.33513024,-0.5337092,0.09993877,0.3848889,0.035072982,0.05035208,0.0789501,0.08598499,0.14541419,0.25267237,0.2917363,0.3314018,0.3487601,0.32894665,0.25912514,0.13859762
2020-09-10,0.56217,0.4026609118833636,0.35203555,1.0012541,0.33080468,-0.5325944,0.09557117,0.38040954,0.03572942,0.051032804,0.079752766,0.087442055,0.14665873,0.25256574,0.29150203,0.3308406,0.34853175,0.3289285,0.26110294,0.13981907
2020-09-11,0.5562573,0.39841731545126585,0.34844154,0.9826759,0.3268031,-0.5323624,0.090874314,0.3756064,0.03605497,0.051456146,0.080339834,0.08869341,0.14763731,0.25214157,0.2909211,0.32967207,0.34765247,0.32853332,0.26294145,0.14100307
2020-09-12,0.5510629,0.39373474642598033,0.34523758,0.9664253,0.3232229,-0.53320515,0.08589789,0.37047073,0.035984818,0.051583327,0.08067108,0.089699194,0.14830805,0.25136504,0.28996715,0.32789293,0.34609863,0.32773092,0.26462397,0.14215477
2020-09-13,0.5462582,0.38868375780962217,0.34226838,0.95148647,0.31989032,-0.5343194,0.08086787,0.3653717,0.035826422,0.051561568,0.0808695,0.09053546,0.14875852,0.25038677,0.28873426,0.32556614,0.34395352,0.32662115,0.26604983,0.14317127
2020-09-14,0.5420602,0.38340152795228244,0.33961374,0.93842185,0.3169665,-0.5357478,0.07591054,0.3603525,0.035612416,0.051381998,0.08088635,0.09112597,0.14887987,0.24911694,0.2871238,0.32263705,0.341106,0.32509145,0.26709998,0.14400917
2020-09-15,0.5384527,0.3779410030207736,0.33731085,0.9271429,0.31442454,-0.53737,0.07112425,0.355543,0.035380132,0.051062062,0.080746025,0.091488875,0.14870842,0.2476216,0.28519183,0.3191581,0.3376183,0.32320374,0.2677695,0.14465174
2020-09-16,0.53542364,0.3723596204260154,0.33540118,0.91756284,0.3122395,-0.5390656,0.06661184,0.35107824,0.035168014,0.05061888,0.08047261,0.0916417,0.14828026,0.24596848,0.28299564,0.3151839,0.3335545,0.32102177,0.26805288,0.14508153
2020-09-17,0.53296494,0.36671930882303483,0.33393028,0.9095965,0.31038836,-0.5407138,0.06248062,0.34709844,0.03501564,0.05006923,0.08008986,0.09160135,0.14763135,0.24422702,0.28059384,0.31077135,0.32898048,0.318611,0.2679442,0.14528045
2020-09-18,0.53072804,0.36107749757830776,0.33294955,0.901613,0.30852315,-0.54241234,0.058312964,0.3428905,0.034736007,0.04949366,0.079709284,0.09152373,0.14702897,0.24256398,0.278317,0.30621237,0.3242169,0.3162765,0.26788068,0.14559278
2020-09-19,0.5286116,0.3555024535607642,0.3325134,0.8930752,0.3065287,-0.5441045,0.054069415,0.33835238,0.034303967,0.048927136,0.079379894,0.09146557,0.14657675,0.24108034,0.27630588,0.30163676,0.31940773,0.31415728,0.26798588,0.14610589
2020-09-20,0.5265345,0.3497614528392513,0.33227307,0.8846281,0.30452028,-0.5455106,0.050063293,0.33414268,0.03395503,0.048403863,0.07903862,0.09137305,0.14606783,0.23951425,0.27417785,0.29669902,0.31417647,0.3118997,0.26784018,0.14647406
2020-09-21,0.5243976,0.3438416237277739,0.33217162,0.87603784,0.30244392,-0.54651463,0.04635042,0.33036566,0.033735707,0.047959976,0.07870362,0.09127358,0.1455212,0.23786575,0.27193013,0.2914,0.30852482,0.309508,0.26742005,0.1466672
2020-09-22,0.5221003,0.3377289830693314,0.33214906,0.8670665,0.30024606,-0.54700065,0.042988032,0.32712927,0.033694267,0.047632385,0.07839227,0.091194436,0.1449542,0.2361318,0.26955667,0.2857383,0.30245137,0.30698368,0.26669946,0.14665313
2020-09-23,0.5196012,0.3322648176390422,0.33043107,0.8575833,0.29787752,-0.5470993,0.03975364,0.32401437,0.033745833,0.04740451,0.078144416,0.09116396,0.14444135,0.23441215,0.26718128,0.28205964,0.2982734,0.30443323,0.2658971,0.14659598
2020-09-24,0.5167313,0.32767566175469254,0.32640254,0.8471174,0.29522887,-0.5464249,0.036710907,0.32124236,0.03402525,0.04733231,0.078045614,0.091227286,0.1440797,0.23281994,0.26490965,0.28104538,0.29672664,0.3019674,0.26500162,0.14642517
2020-09-25,0.5134334,0.3233757428069212,0.3220183,0.8355443,0.2922694,-0.5450597,0.033949524,0.31867263,0.03450016,0.047426175,0.07809571,0.091405295,0.14387645,0.23134321,0.26273897,0.28023893,0.29542506,0.29958287,0.26407593,0.14619745
2020-09-26,0.5096476,0.31938535356513764,0.31740448,0.8227303,0.28896743,-0.5430814,0.031454127,0.31616512,0.0351406,0.04769712,0.07829571,0.091719225,0.14383973,0.229971,0.26066753,0.27947,0.29419526,0.29727742,0.26318341,0.1459688
2020-09-27,0.50531137,0.31572376261232354,0.31269795,0.8085335,0.2852902,-0.5405636,0.029210484,0.31358036,0.03591899,0.04815681,0.07864783,0.09219063,0.14397874,0.22869338,0.25869456,0.27855104,0.29284883,0.29504988,0.26238835,0.14579438
2020-09-28,0.5003596,0.31240921434503244,0.3080461,0.79280275,0.28120396,-0.5375754,0.027205503,0.31077945,0.03681011,0.048817538,0.07915546,0.09284138,0.14430362,0.22750142,0.25682035,0.27727738,0.29118222,0.29290023,0.26175553,0.14572865
2020-09-29,0.49470344,0.3094323969587902,0.30359235,0.7751979,0.27663013,-0.5345538,0.02511009,0.3071248,0.037657373,0.049684055,0.07978775,0.09369032,0.14478135,0.22630061,0.25495708,0.27541608,0.28890616,0.290725,0.26151305,0.14599018
2020-09-30,0.48886278,0.3068189821967943,0.29940024,0.75821716,0.2721463,-0.5313162,0.023026703,0.30336514,0.03863153,0.050775267,0.08058273,0.09473334,0.145447,0.22538888,0.25352922,0.2740327,0.28716463,0.28902587,0.26164153,0.14652787
2020-10-01,0.4829428,0.30459296411791825,0.2956215,0.7425087,0.26790598,-0.5277629,0.021051127,0.2997377,0.03980119,0.052108824,0.081564896,0.09598622,0.14633052,0.22486973,0.25268447,0.27325732,0.28613022,0.2879768,0.2621457,0.14732571
2020-10-02,0.47705597,0.30277665909671064,0.29241621,0.7287541,0.26407132,-0.5237969,0.01927248,0.29648054,0.0412366,0.053702857,0.0827594,0.09746446,0.14746186,0.22485037,0.25257626,0.2732256,0.28598285,0.2877584,0.26303455,0.1483702
2020-10-03,0.47101808,0.30031738697741084,0.28902394,0.7135988,0.2598711,-0.52054113,0.01705779,0.29287755,0.042248033,0.055048376,0.08382897,0.0989463,0.14862311,0.22475894,0.25229228,0.27305177,0.2856719,0.28737572,0.2640409,0.14946966
2020-10-04,0.46486664,0.2969184267523936,0.2853481,0.6965939,0.2552076,-0.5182624,0.014272413,0.28888774,0.042685013,0.056009296,0.08469329,0.10037705,0.14977138,0.22450933,0.25168237,0.27258083,0.2850278,0.2866751,0.26509959,0.1505624
2020-10-05,0.45863378,0.29346912209210807,0.2817106,0.6795058,0.2504861,-0.5160772,0.0115653705,0.2849494,0.043035742,0.05694951,0.085556634,0.10187372,0.15098993,0.2243311,0.251164,0.27222535,0.2845081,0.2860902,0.26622626,0.15169974
2020-10-06,0.45235848,0.289986095253099,0.27812386,0.6624702,0.24574275,-0.513956,0.008999371,0.281135,0.043317236,0.05786477,0.08641248,0.10342447,0.15226552,0.22421664,0.25073123,0.2719758,0.28410256,0.28561568,0.2673782,0.15285194
2020-10-07,0.4460814,0.2864866714806641,0.27459964,0.6456234,0.2410146,-0.51187295,0.0066320184,0.2775097,0.043546174,0.058750965,0.087253675,0.10501612,0.15358278,0.22415575,0.25037515,0.27182046,0.2837976,0.2852426,0.26851335,0.15399063
2020-10-08,0.4398449,0.2829888790088544,0.27114907,0.62910265,0.23633961,-0.5098058,0.0045158057,0.27413142,0.0437389,0.059604123,0.08807243,0.106634155,0.15492436,0.22413558,0.25008386,0.27174535,0.28357628,0.28495842,0.26959026,0.15508865
2020-10-09,0.43369302,0.279511449060474,0.26778263,0.61304617,0.2317566,-0.5077359,0.0026981193,0.27105075,0.043911427,0.06042044,0.08886032,0.10826272,0.15627083,0.22414061,0.2498425,0.2717343,0.28341845,0.28474703,0.27056813,0.15612021
2020-10-10,0.42767143,0.27607381584708024,0.26451012,0.59759283,0.22730528,-0.50564826,0.0012212356,0.268311,0.044079423,0.06119624,0.0896083,0.10988462,0.15760067,0.22415276,0.24963316,0.2717688,0.28330058,0.28458872,0.27140686,0.15706077
2020-10-11,0.4218275,0.2726961165689837,0.26134074,0.58288264,0.22302628,-0.5035317,0.00012232357,0.26594815,0.044258226,0.061928008,0.09030666,0.11148133,0.15889032,0.22415127,0.24943507,0.27182823,0.28319582,0.2844601,0.272067,0.15788709
2020-10-12,0.4162103,0.2693991914152481,0.258283,0.56905615,0.21896107,-0.5013785,-0.000566557,0.263991,0.044462834,0.06261236,0.09094511,0.113032974,0.16011417,0.22411273,0.24922438,0.27188966,0.2830741,0.28433424,0.27250972,0.1585772
2020-10-13,0.4108705,0.26620458356369026,0.2553447,0.55625504,0.21515207,-0.49918464,-0.0008184546,0.26246098,0.04470791,0.06324608,0.09151267,0.114518344,0.16124456,0.22401117,0.24897434,0.2719279,0.2829019,0.2841806,0.27269688,0.15911049
2020-10-14,0.40594667,0.26328580798078294,0.25266033,0.54455674,0.21163143,-0.4961181,0.0004675987,0.2625416,0.04523763,0.06387875,0.092054375,0.115970485,0.1623319,0.22393534,0.24876331,0.27207854,0.28275564,0.28415397,0.27216914,0.15916172
2020-10-15,0.40122494,0.26052306582306994,0.25014418,0.5334753,0.20825718,-0.49231637,0.0028905447,0.26390368,0.045987472,0.06451528,0.09261127,0.11744068,0.16346113,0.22396612,0.24867326,0.2723586,0.28272632,0.2843218,0.27115494,0.15884934
2020-10-16,0.3966626,0.25786361537004193,0.24774614,0.5229844,0.20502219,-0.48801506,0.006093661,0.26618195,0.046895705,0.06514321,0.093173295,0.118913144,0.16461448,0.22407591,0.24867764,0.27271283,0.28278336,0.28463092,0.26979196,0.15826632
2020-10-17,0.39221653,0.2552575621996832,0.24541764,0.51304555,0.20191652,-0.48343003,0.009741117,0.2690341,0.04790599,0.065752,0.09373246,0.12037385,0.16577673,0.22424006,0.24875228,0.27308968,0.28289878,0.28503206,0.26821032,0.15749985
2020-10-18,0.38784325,0.25265785918847106,0.24311185,0.5036078,0.19892749,-0.47875738,0.013517978,0.27214083,0.048967388,0.066333026,0.09428285,0.12181047,0.1669351,0.22443697,0.24887547,0.27344126,0.28304705,0.28548017,0.26653236,0.15663137
2020-10-19,0.38284102,0.24970322462572409,0.24042316,0.49368688,0.19572663,-0.47464994,0.015547129,0.27343684,0.050007023,0.06702136,0.09499036,0.12339817,0.16829464,0.224767,0.24917983,0.2737149,0.2833456,0.2859658,0.2657395,0.15634833
2020-10-20,0.37740034,0.2464655495154963,0.23743673,0.48353595,0.1924075,-0.4710942,0.016120804,0.27328056,0.05099449,0.0677616,0.09579258,0.12506174,0.1697707,0.22517206,0.24959423,0.27387297,0.2837239,0.28644094,0.2656291,0.15650219
2020-10-21,0.3716951,0.2430117622616738,0.23423043,0.47337323,0.18905313,-0.46806863,0.01551314,0.27200967,0.05190408,0.06850372,0.09663336,0.12673225,0.17128652,0.2256,0.25005367,0.27388126,0.2841173,0.2868624,0.26601234,0.15695368
2020-10-22,0.36672246,0.23946166990756845,0.23101312,0.46494,0.18625335,-0.4661868,0.0148829585,0.27090064,0.05232706,0.068856426,0.09693814,0.12779865,0.17209984,0.22532843,0.24979721,0.27309453,0.2837298,0.28649467,0.26557088,0.15685879
2020-10-23,0.36232308,0.2358516180711608,0.22779888,0.45782784,0.18388553,-0.4651815,0.014145776,0.2699074,0.05238565,0.06890435,0.09685066,0.1284005,0.17238991,0.22455855,0.24902293,0.27170494,0.28277212,0.28555343,0.2645513,0.15635194
2020-10-24,0.35784066,0.23227031219678113,0.22466208,0.45048645,0.1814504,-0.46426278,0.012900603,0.26884708,0.052486293,0.0689473,0.09692231,0.12914675,0.1729234,0.22411993,0.24857728,0.27055246,0.28216177,0.28497732,0.2640553,0.15601829
2020-10-25,0.35341728,0.2287396830628986,0.22164945,0.44327787,0.17904481,-0.4638406,0.011066498,0.26736704,0.05246873,0.068939485,0.097048596,0.12996781,0.17355826,0.22383797,0.24829113,0.2695756,0.28174496,0.2845799,0.2640634,0.15593988
2020-10-26,0.34910583,0.22527058887078596,0.21876085,0.43628877,0.1767024,-0.46398652,0.008642936,0.2653701,0.05229468,0.06886997,0.09718989,0.13081592,0.17422245,0.22363213,0.24807775,0.2687136,0.2814324,0.28426173,0.2645111,0.15611136
2020-10-27,0.34496346,0.22179710851308657,0.21589383,0.42980307,0.1745223,-0.46467802,0.005732332,0.26270851,0.051900163,0.06870241,0.09723457,0.13153398,0.17468998,0.22325592,0.24766454,0.26769486,0.28092772,0.28371254,0.26505324,0.15641129
2020-10-28,0.34102696,0.2183529576831674,0.21308215,0.4237933,0.17250136,-0.46602783,0.0022835222,0.259287,0.051254347,0.06843831,0.0971734,0.13212298,0.17495394,0.2226946,0.24703859,0.2665449,0.2802251,0.28291714,0.2657451,0.1568883
2020-10-29,0.33732712,0.21496807253515351,0.21035598,0.41821873,0.17063245,-0.46814933,-0.0017578632,0.25500235,0.05032504,0.06807995,0.096997336,0.13258514,0.17500779,0.22193207,0.24618542,0.2652886,0.27931762,0.2818589,0.26664302,0.15759337
2020-10-30,0.33391765,0.2117052709159247,0.20776212,0.4132751,0.1689651,-0.47064295,-0.006011173,0.25043336,0.049263563,0.0676417,0.09674644,0.13292864,0.17490646,0.22107047,0.2452122,0.26396537,0.27829486,0.28066397,0.26757988,0.15835184
2020-10-31,0.33082587,0.20859771261641546,0.20532945,0.4089686,0.16750218,-0.4734726,-0.010408297,0.2456638,0.048089385,0.06713069,0.09642637,0.1331597,0.17466216,0.22012615,0.24413766,0.26260334,0.27717638,0.27935523,0.26854825,0.15915228
2020-11-01,0.32807365,0.20567543138621494,0.2030836,0.40529668,0.16624376,-0.47659373,-0.014876519,0.24078181,0.046823937,0.06655502,0.09604384,0.1332859,0.17428856,0.21911617,0.24298127,0.2612301,0.2759822,0.2779565,0.26953772,0.15998153
2020-11-02,0.3256774,0.202965334933567,0.20104696,0.4022479,0.16518712,-0.47995356,-0.019338517,0.23587988,0.045490578,0.065923765,0.09560658,0.13331619,0.17380086,0.21805835,0.24176322,0.25987297,0.27473295,0.27649269,0.27053505,0.1608247
2020-11-03,0.323648,0.20049120492537012,0.19923864,0.39980215,0.16432668,-0.4834908,-0.023712358,0.2310548,0.044114616,0.06524694,0.09512338,0.13326095,0.17321567,0.2169713,0.24050438,0.25855878,0.27344984,0.27498987,0.27152404,0.16166513
2020-11-04,0.32199094,0.19827369698717767,0.19767454,0.39793035,0.16365406,-0.48713586,-0.027911507,0.22640772,0.0427233,0.06453555,0.094604045,0.13313188,0.17255117,0.21587431,0.23922631,0.2573141,0.27215472,0.2734751,0.27248567,0.16248445
2020-11-05,0.32070616,0.1963303407031974,0.19636726,0.39659482,0.16315806,-0.49081075,-0.031844825,0.22204413,0.04134583,0.06380156,0.094059415,0.1329421,0.17182693,0.21478751,0.2379513,0.25616494,0.27086994,0.27197656,0.27339792,0.16326253
2020-11-06,0.32018155,0.1946530940246674,0.19542158,0.396449,0.16307727,-0.4946548,-0.03495515,0.21875103,0.039941646,0.062813066,0.09327225,0.13246164,0.17078076,0.21344678,0.23643172,0.25488633,0.26931837,0.2702183,0.27367228,0.1635524
2020-11-07,0.32026562,0.1932612507358279,0.1948095,0.3971875,0.16330463,-0.49849272,-0.03730692,0.21640074,0.03856943,0.0616714,0.09233729,0.13179366,0.16953643,0.21197546,0.23478788,0.25359315,0.26763073,0.2683396,0.27348226,0.16348231
2020-11-08,0.32039788,0.19234853620199877,0.19452536,0.39752683,0.1633887,-0.50192416,-0.039564807,0.2140493,0.037478033,0.060825214,0.09169275,0.13141863,0.1686503,0.21095188,0.23357576,0.2529046,0.26643974,0.26698282,0.27393085,0.16383041
2020-11-09,0.32058296,0.19186327554859348,0.19453111,0.3975307,0.16335341,-0.50484747,-0.041541226,0.21191005,0.03665864,0.06023985,0.09129987,0.13129403,0.16807863,0.2103222,0.232746,0.25274003,0.26568076,0.26609233,0.27482018,0.16446406
2020-11-10,0.3208195,0.19175450196997323,0.19478843,0.39724708,0.16321754,-0.50715274,-0.043047793,0.21019682,0.03610729,0.059884265,0.091123834,0.1313821,0.16778299,0.21003762,0.23225418,0.25302476,0.26529497,0.2656187,0.27595884,0.16525468
2020-11-11,0.3215243,0.19182557708929537,0.19516909,0.3976854,0.16332051,-0.5096814,-0.044228196,0.2086717,0.03536617,0.059439838,0.09071642,0.13117129,0.16713576,0.2094086,0.23139884,0.2530104,0.26449242,0.26478824,0.27660674,0.16578852
2020-11-12,0.3225326,0.1920792286817269,0.19566606,0.39851284,0.16355442,-0.51196426,-0.044773594,0.20771073,0.03460486,0.058986757,0.09019981,0.1308043,0.16632137,0.20862721,0.23038177,0.25287715,0.26348883,0.2638245,0.27678388,0.1660485
2020-11-13,0.32307068,0.19247445670527732,0.19618946,0.3983817,0.16347104,-0.512539,-0.044214297,0.2080064,0.03441993,0.058872625,0.090110876,0.1308967,0.16614218,0.20852132,0.2300864,0.2533587,0.263196,0.2636328,0.27700558,0.16625896
2020-11-14,0.3230828,0.19281375736243606,0.19658005,0.39743066,0.16310617,-0.51247644,-0.043807466,0.20818056,0.034495696,0.059000958,0.090330586,0.13132891,0.16642912,0.20886822,0.23029484,0.25418714,0.26339537,0.26390436,0.2776808,0.16673215
2020-11-15,0.32258663,0.193043266805422,0.1967982,0.39571798,0.16247907,-0.5120264,-0.043760978,0.20799296,0.034744877,0.05932976,0.09079919,0.1320404,0.16709742,0.20956483,0.23090033,0.25525668,0.26398382,0.26451963,0.27881235,0.167485
2020-11-16,0.32205293,0.1934296142977126,0.19701989,0.39390716,0.1618395,-0.51247936,-0.044578496,0.20706315,0.034345627,0.059089452,0.090738036,0.1322837,0.16732945,0.20983224,0.2311297,0.25588927,0.26425543,0.26476428,0.28024745,0.16841133
2020-11-17,0.3213075,0.19378649187638278,0.19711041,0.39180413,0.16111192,-0.51373965,-0.04643259,0.20512673,0.033469662,0.05850218,0.09035039,0.13225168,0.1673119,0.20981397,0.23112135,0.25618154,0.26432762,0.2647326,0.28208125,0.16959687
2020-11-18,0.32017496,0.19392804455004425,0.1969329,0.38921478,0.16022128,-0.51574814,-0.049532227,0.20188515,0.032269206,0.057773933,0.08982441,0.13212366,0.16721746,0.2096391,0.23100016,0.2562151,0.26430503,0.26450473,0.2844203,0.17113456
2020-11-19,0.31938732,0.19410700561374952,0.19684626,0.3872175,0.15952553,-0.5178236,-0.05193531,0.19944991,0.030914737,0.056898654,0.08909858,0.1318087,0.16690736,0.20925783,0.2306676,0.25606823,0.26408577,0.26410323,0.286185,0.1722793
2020-11-20,0.31903386,0.19426728934709672,0.19685581,0.3859922,0.15907776,-0.51978594,-0.053280227,0.19817302,0.029530609,0.05599242,0.08826184,0.13138346,0.1664387,0.20872188,0.2301599,0.25579613,0.26369214,0.26356724,0.28715238,0.17288986
2020-11-21,0.31921884,0.19436107289988236,0.19697356,0.3857415,0.15893935,-0.52147967,-0.05320275,0.1984159,0.028222367,0.055151675,0.08738385,0.13090645,0.16584933,0.20806558,0.229496,0.25543934,0.2631304,0.262921,0.28708965,0.17281722
2020-11-22,0.3189007,0.19426887280586452,0.19702731,0.38453755,0.1584651,-0.52188534,-0.052583497,0.19922389,0.02761252,0.0549323,0.08723991,0.1311759,0.16608804,0.20824018,0.22964789,0.25587258,0.26340967,0.26313746,0.28733346,0.17289123
2020-11-23,0.31787217,0.19393588504751935,0.19698639,0.3819949,0.15752256,-0.52063525,-0.051419947,0.20058738,0.02792657,0.055532373,0.08807431,0.13243692,0.16742764,0.20951998,0.23088543,0.25735664,0.2648037,0.26449448,0.28809562,0.17323741
2020-11-24,0.31661227,0.19323690577109304,0.19673483,0.37929472,0.15649824,-0.51810384,-0.049286146,0.20267576,0.028981328,0.05683722,0.08955243,0.13427147,0.16931441,0.21129546,0.23256738,0.25924128,0.26659507,0.2662563,0.2884047,0.17335676
2020-11-25,0.31510577,0.19210809030514758,0.19622254,0.3764854,0.15540461,-0.5141567,-0.046088528,0.20550783,0.030866293,0.058934007,0.09173742,0.1367217,0.17177333,0.21357965,0.23469579,0.26152006,0.26876944,0.26840657,0.28815553,0.17320776
2020-11-26,0.3133439,0.19049105539511713,0.19540118,0.3736277,0.15425886,-0.50868124,-0.041745264,0.20909157,0.033654578,0.061893407,0.09467584,0.13981336,0.17481202,0.21636915,0.23725653,0.26417068,0.27129686,0.27091312,0.28723973,0.17274733
2020-11-27,0.31131023,0.1884362955432734,0.19436395,0.37049678,0.15298453,-0.50172114,-0.03633663,0.21348472,0.037437417,0.06580675,0.098499954,0.14371264,0.17863932,0.21987714,0.24048044,0.26745284,0.27442348,0.2740246,0.2859451,0.17209856
2020-11-28,0.309005,0.18592676689937288,0.19310714,0.36709058,0.15157944,-0.49324715,-0.029848501,0.21869154,0.042265307,0.07072266,0.10325326,0.14845863,0.18329231,0.2241357,0.24439786,0.27140015,0.27817386,0.27776444,0.2842743,0.17126462
2020-11-29,0.30643475,0.18295273045856425,0.19163124,0.36341423,0.15004447,-0.4832541,-0.022281168,0.22470658,0.048172973,0.076673985,0.10896448,0.15407687,0.18879452,0.22916465,0.24902767,0.2760358,0.2825621,0.28214553,0.28223395,0.17025009
2020-11-30,0.30361232,0.179511752061388,0.18994099,0.35947984,0.14838353,-0.47176123,-0.013649338,0.23151469,0.05517938,0.08367775,0.115647614,0.16057931,0.19515595,0.23497139,0.25437716,0.28137237,0.28759184,0.2871702,0.27983454,0.169061
2020-12-01,0.3005569,0.17560870239377677,0.18804537,0.3553067,0.14660355,-0.45881188,-0.003982137,0.23909104,0.06328772,0.09173514,0.123301886,0.16796431,0.20237306,0.24155104,0.26044217,0.28741205,0.29325628,0.29283026,0.27709043,0.16770484
2020-12-02,0.297294,0.17125575698705528,0.18595757,0.35092124,0.14471455,-0.44447368,0.006676891,0.2474011,0.072485425,0.10083156,0.13191178,0.17621668,0.2104288,0.24888636,0.267207,0.29414636,0.29953817,0.299107,0.27401996,0.16619049
2020-12-03,0.2938554,0.16647239621794024,0.18369503,0.3463569,0.1427295,-0.42883858,0.018269783,0.25640064,0.08274415,0.11093658,0.14144701,0.18530758,0.21929263,0.25694773,0.2746444,0.3015564,0.30640978,0.30597112,0.27064532,0.1645283
2020-12-04,0.29027924,0.16128540530854027,0.18127947,0.3416543,0.1406645,-0.41202265,0.030724159,0.26603577,0.094019786,0.12200397,0.15186255,0.19519463,0.22892037,0.26569322,0.28271574,0.3096128,0.31383294,0.31338286,0.26699266,0.16273005
2020-12-05,0.28661,0.15572887432635626,0.17873678,0.33686113,0.13853861,-0.39416632,0.04395322,0.27624282,0.10625246,0.13397169,0.16309859,0.20582187,0.23925444,0.27506852,0.29137072,0.31827554,0.32175905,0.32129186,0.26309198,0.16080898
2020-12-06,0.28289846,0.149844198184281,0.17609712,0.33203223,0.13637398,-0.37543416,0.057855755,0.2869485,0.119366534,0.14676185,0.17508063,0.21711974,0.25022364,0.28500706,0.30054763,0.3274942,0.330129,0.3296373,0.2589772,0.15877974
2020-12-07,0.27865815,0.14371109136203142,0.17326312,0.32626212,0.13384667,-0.35570315,0.071678564,0.29713407,0.13336965,0.16061908,0.18803596,0.22934286,0.26213473,0.2958236,0.31054708,0.3375543,0.339288,0.33876932,0.25546518,0.15724586
2020-12-08,0.27379265,0.13739468044017633,0.17023462,0.31933522,0.13088223,-0.33509466,0.085104086,0.30643165,0.14818378,0.17553335,0.20195368,0.24249385,0.27500457,0.30754265,0.3213943,0.34848627,0.34927797,0.34873006,0.25282675,0.15639763
2020-12-09,0.26877326,0.13072184138290724,0.16698143,0.3123891,0.12788357,-0.31405565,0.098640434,0.31560388,0.16345434,0.190998,0.21633278,0.25604004,0.28823808,0.3195461,0.3324994,0.35961035,0.35943487,0.35885456,0.2500431,0.15552235
2020-12-10,0.26366472,0.12370103135902408,0.16349778,0.30558884,0.124911144,-0.29283515,0.11216889,0.3245704,0.17899811,0.20684023,0.23100264,0.2698137,0.30166098,0.33166036,0.34369844,0.3707407,0.36958775,0.36897177,0.24703619,0.15456504
2020-12-11,0.25853863,0.11634417827242598,0.15977924,0.2991138,0.12203086,-0.2717063,0.12556016,0.333245,0.19461313,0.22286882,0.24577501,0.2836301,0.31508166,0.3436952,0.3548117,0.38167453,0.3795501,0.3788951,0.2437224,0.15346633
2020-12-12,0.25288737,0.10886894425502937,0.15594636,0.29180688,0.118863784,-0.24964029,0.13913427,0.34216055,0.21071263,0.2392764,0.26102063,0.29794884,0.32911253,0.35633606,0.36655843,0.3931315,0.39013782,0.38943154,0.24077973,0.15256223
2020-12-13,0.24662374,0.10135368794355491,0.15203373,0.28347847,0.115354136,-0.22656846,0.15287597,0.3514031,0.22724377,0.25595316,0.27668545,0.31274578,0.34376886,0.36962184,0.37899652,0.4051513,0.40143263,0.40066016,0.2383392,0.15190217
2020-12-14,0.24050468,0.09394026258562839,0.14819042,0.27534264,0.11191766,-0.20381606,0.16653514,0.36061186,0.24354737,0.27240357,0.29212636,0.32732847,0.35819647,0.38269717,0.39122683,0.41699377,0.41253972,0.411704,0.23584555,0.15120062
2020-12-15,0.2346851,0.08673777277433678,0.14449066,0.26760572,0.10863275,-0.18172531,0.18002333,0.36975074,0.25937966,0.2883851,0.30710337,0.34146738,0.37215027,0.3953366,0.4030268,0.42846894,0.42325792,0.42236504,0.23324187,0.15041316
2020-12-16,0.22933133,0.07986340492447733,0.14101422,0.2604893,0.10558361,-0.16066378,0.19324556,0.3787809,0.2744788,0.3036372,0.32135883,0.35491592,0.38536713,0.40729794,0.4141573,0.43937275,0.4333712,0.43243062,0.230467,0.14949204
2020-12-17,0.22397757,0.07298903707461785,0.13753776,0.25337294,0.10253446,-0.13960227,0.2064678,0.3878111,0.28957793,0.3188893,0.3356143,0.36836445,0.39858398,0.41925925,0.4252878,0.45027652,0.44348446,0.44249624,0.22769214,0.14857092
2020-12-18,0.2186238,0.06611466922475835,0.13406132,0.24625653,0.099485315,-0.11854076,0.21969005,0.39684126,0.30467707,0.3341414,0.34986976,0.381813,0.4118008,0.4312206,0.4364183,0.46118033,0.45359772,0.45256183,0.22491728,0.14764981
2020-12-19,0.21327004,0.059240301374898885,0.13058488,0.23914014,0.09643617,-0.09747925,0.23291229,0.40587142,0.3197762,0.34939355,0.36412522,0.39526153,0.42501765,0.4431819,0.4475488,0.4720841,0.463711,0.46262744,0.2221424,0.1467287
2020-12-20,0.20791627,0.05236593352503941,0.12710844,0.23202373,0.09338703,-0.07641773,0.24613453,0.4149016,0.33487532,0.36464566,0.3783807,0.40871006,0.4382345,0.45514324,0.45867932,0.4829879,0.47382426,0.47269303,0.21936753,0.14580758
2020-12-21,0.20256251,0.04549156567517993,0.12363199,0.22490734,0.09033788,-0.055356212,0.25935677,0.42393178,0.34997445,0.37989774,0.39263615,0.4221586,0.45145133,0.46710458,0.46980983,0.49389172,0.48393753,0.48275864,0.21659267,0.14488646
2020-12-22,0.19720875,0.03861719782532046,0.12015554,0.21779095,0.08728874,-0.0342947,0.272579,0.43296197,0.3650736,0.39514986,0.4068916,0.43560714,0.46466818,0.4790659,0.48094034,0.5047955,0.4940508,0.49282423,0.2138178,0.14396535
2020-12-23,0.19185498,0.031742829975460976,0.116679095,0.21067454,0.084239595,-0.013233183,0.28580126,0.44199213,0.38017273,0.41040197,0.42114708,0.44905567,0.477885,0.49102724,0.49207085,0.51569927,0.5041641,0.5028898,0.21104294,0.14304423
2020-12-24,0.18650122,0.024868462125601495,0.113202654,0.20355815,0.08119045,0.007828332,0.2990235,0.4510223,0.39527187,0.42565408,0.43540254,0.4625042,0.49110186,0.5029886,0.50320137,0.5266031,0.51427734,0.5129554,0.20826808,0.14212312
2020-12-25,0.18114746,0.01799409427574202,0.109726205,0.19644175,0.0781413,0.028889848,0.31224573,0.4600525,0.410371,0.4409062,0.449658,0.47595274,0.5043187,0.51494986,0.5143319,0.5375069,0.52439064,0.52302104,0.20549321,0.141202
2020-12-26,0.17579369,0.011119726425882543,0.106249765,0.18932535,0.07509216,0.049951363,0.32546797,0.46908265,0.42547014,0.4561583,0.46391347,0.48940128,0.51753557,0.5269112,0.5254624,0.54841065,0.5345039,0.53308666,0.20271835,0.14028089
2020-12-27,0.17043993,0.004245358576023064,0.102773316,0.18220896,0.07204302,0.07101288,0.33869022,0.47811282,0.44056928,0.47141042,0.47816893,0.5028498,0.53075236,0.53887254,0.5365929,0.5593145,0.5446172,0.5431522,0.19994348,0.13935977
2020-12-28,0.16508617,-0.002629009273836415,0.099296875,0.17509256,0.068993874,0.092074394,0.35191247,0.487143,0.45566842,0.48666254,0.4924244,0.51629835,0.5439692,0.5508339,0.5477234,0.57021827,0.5547304,0.5532178,0.19716862,0.13843866
2020-12-29,0.1597324,-0.009503377123695894,0.09582043,0.16797616,0.065944724,0.11313591,0.36513472,0.49617317,0.47076756,0.5019146,0.50667983,0.5297469,0.55718607,0.5627952,0.5588539,0.58112204,0.5648437,0.56328344,0.19439375,0.13751754
2020-12-30,0.15437865,-0.01637774497355537,0.092343986,0.16085976,0.06289558,0.13419743,0.37835693,0.50520337,0.4858667,0.51716673,0.5209353,0.5431954,0.5704029,0.5747565,0.56998444,0.5920258,0.57495695,0.57334906,0.19161889,0.13659643
2020-12-31,0.14902489,-0.02325211282341485,0.08886754,0.15374337,0.05984644,0.15525894,0.39157918,0.5142335,0.50096583,0.53241885,0.53519076,0.55664396,0.5836198,0.58671784,0.58111495,0.60292965,0.58507025,0.5834146,0.18884403,0.13567531
2021-01-01,0.14367113,-0.030126480673274322,0.0853911,0.14662696,0.056797292,0.17632045,0.40480143,0.5232637,0.51606494,0.54767096,0.5494462,0.57009256,0.5968366,0.5986792,0.59224546,0.6138334,0.59518355,0.5934802,0.18606915,0.13475421
2021-01-02,0.13831736,-0.0370008485231338,0.08191465,0.13951057,0.053748146,0.19738197,0.41802368,0.53229386,0.5311641,0.5629231,0.5637017,0.5835411,0.6100534,0.6106405,0.603376,0.6247372,0.6052968,0.60354584,0.18329428,0.1338331
2021-01-03,0.1329636,-0.04387521637299328,0.0784382,0.13239416,0.050699003,0.21844348,0.43124592,0.5413241,0.5462632,0.5781752,0.57795715,0.59698963,0.6232703,0.62260187,0.6145065,0.63564104,0.6154101,0.6136114,0.18051942,0.13291198
2021-01-04,0.12760983,-0.05074958422285275,0.07496176,0.12527777,0.047649857,0.239505,0.44446814,0.55035424,0.5613624,0.5934273,0.5922126,0.61043817,0.6364871,0.63456315,0.625637,0.6465448,0.6255233,0.623677,0.17774455,0.13199086
2021-01-05,0.12225607,-0.057623952072712245,0.07148531,0.11816138,0.044600714,0.2605665,0.4576904,0.5593844,0.5764615,0.6086794,0.6064681,0.6238867,0.649704,0.6465245,0.6367675,0.6574486,0.6356366,0.63374263,0.17496969,0.13106975
2021-01-06,0.11690231,-0.06449831992257171,0.06800887,0.11104498,0.041551568,0.28162804,0.47091264,0.56841457,0.59156066,0.6239315,0.62072355,0.63733524,0.66292083,0.65848583,0.647898,0.6683524,0.64574987,0.64380825,0.17219482,0.13014863
2021-01-07,0.11154854,-0.0713726877724312,0.06453242,0.10392858,0.038502425,0.30268955,0.48413488,0.57744473,0.60665977,0.63918364,0.634979,0.6507838,0.6761376,0.6704472,0.65902853,0.6792562,0.65586317,0.6538738,0.16941996,0.12922752
2021-01-08,0.10619478,-0.07824705562229066,0.061055977,0.09681219,0.03545328,0.32375106,0.49735713,0.58647496,0.62175894,0.65443575,0.6492345,0.6642323,0.6893545,0.6824085,0.67015904,0.69016,0.6659764,0.6639394,0.1666451,0.1283064
2021-01-09,0.100841016,-0.08512142347215015,0.057579532,0.08969579,0.032404136,0.34481257,0.51057935,0.5955051,0.63685805,0.66968787,0.66348994,0.67768085,0.70257133,0.6943698,0.68128955,0.70106375,0.6760897,0.67400503,0.16387023,0.12738529
2021-01-10,0.09548725,-0.09199579132200962,0.054103088,0.08257939,0.02935499,0.36587408,0.5238016,0.6045353,0.6519572,0.68494,0.6777454,0.6911294,0.7157882,0.70633113,0.69242007,0.7119676,0.68620294,0.68407065,0.16109537,0.12646417
2021-01-11,0.09013349,-0.09887015917186912,0.050626643,0.075463,0.026305845,0.3869356,0.53702384,0.61356544,0.6670563,0.7001921,0.69200087,0.7045779,0.72900504,0.7182925,0.7035506,0.72287136,0.69631624,0.6941362,0.1583205,0.12554306
2021-01-12,0.084779724,-0.10574452702172858,0.0471502,0.0683466,0.0232567,0.40799713,0.55024606,0.6225956,0.6821555,0.7154442,0.70625633,0.71802646,0.7422219,0.7302538,0.7146811,0.73377514,0.70642954,0.7042018,0.15554562,0.12462194
2021-01-13,0.07942596,-0.11261889487158805,0.043673754,0.061230198,0.020207556,0.42905864,0.56346834,0.63162583,0.6972546,0.7306963,0.7205118,0.731475,0.7554387,0.74221516,0.7258116,0.744679,0.7165428,0.71426743,0.15277076,0.12370083
2021-01-14,0.074072205,-0.11949326272144753,0.04019731,0.0541138,0.017158411,0.45012015,0.57669055,0.640656,0.71235377,0.74594843,0.73476726,0.74492353,0.76865554,0.75417644,0.73694205,0.75558275,0.7266561,0.724333,0.1499959,0.12277971
2021-01-15,0.06871844,-0.126367630571307,0.036720864,0.046997406,0.014109267,0.47118166,0.58991283,0.64968616,0.7274529,0.76120055,0.7490227,0.75837207,0.7818724,0.7661378,0.74807256,0.7664865,0.7367693,0.7343986,0.14722103,0.1218586
2021-01-16,0.06336468,-0.1332419984211665,0.03324442,0.039881006,0.011060122,0.49224317,0.60313505,0.6587163,0.74255204,0.77645266,0.7632782,0.7718206,0.79508924,0.7780991,0.7592031,0.77739036,0.7468826,0.7444642,0.14444616,0.12093748
2021-01-17,0.057834934,-0.139181371090238,0.029674448,0.032512546,0.00790765,0.5140865,0.61682856,0.66806585,0.75814277,0.79224783,0.77799976,0.7857099,0.8087617,0.79046947,0.7707519,0.7887203,0.7573753,0.7549165,0.14159635,0.12000628
2021-01-18,0.05219207,-0.144519675428803,0.02604435,0.024982043,0.0046887547,0.5364324,0.63082504,0.67762065,0.77404964,0.80839217,0.79302096,0.79988253,0.8227271,0.80310273,0.7825696,0.8003242,0.7681119,0.7656174,0.13869834,0.11906858
2021-01-19,0.04649459,-0.1495678088491924,0.022385228,0.017373312,0.0014377921,0.5590209,0.6449678,0.6872745,0.79010904,0.824705,0.8081868,0.8141919,0.83683383,0.8158629,0.7945171,0.8120604,0.77896625,0.7764383,0.13577707,0.11812775
2021-01-20,0.040796675,-0.15461363932578676,0.018725878,0.00976396,-0.0018134251,0.5816113,0.6591117,0.6969292,0.8061696,0.8410192,0.8233538,0.82850236,0.8509417,0.8286241,0.8064657,0.82379764,0.7898215,0.7872601,0.13285562,0.11718689
2021-01-21,0.035148174,-0.15992200539501614,0.0150927855,0.002225386,-0.0050356295,0.6039822,0.67312324,0.7064943,0.8220922,0.8571809,0.83839,0.8426891,0.8649217,0.8412705,0.81829673,0.83541524,0.80057025,0.7979734,0.12995522,0.11624887
2021-01-22,0.029594595,-0.16573471615536023,0.011510144,-0.0051772227,-0.008202098,0.6259314,0.6868806,0.715887,0.83774954,0.8730497,0.8531747,0.8566381,0.87865585,0.8536962,0.82990223,0.84680295,0.8111143,0.80847806,0.12709524,0.11531629
2021-01-23,0.024177117,-0.17227055126734822,0.007999836,-0.012384885,-0.011288654,0.647276,0.7002735,0.7250328,0.8530267,0.8884984,0.86759895,0.87024623,0.8920377,0.8658056,0.8411842,0.85786104,0.82136494,0.8186837,0.12429323,0.11439152
2021-01-24,0.018932581,-0.1797252609535588,0.004581442,-0.019344829,-0.014273665,0.6678522,0.7132032,0.7338648,0.8678207,0.9034134,0.8815651,0.8834212,0.9049717,0.8775131,0.8520551,0.8685003,0.83124274,0.8285093,0.12156489,0.11347667
2021-01-25,0.013893494,-0.18827156599862038,0.00127224,-0.02601049,-0.017138043,0.6875158,0.7255827,0.74232394,0.8820407,0.91769445,0.89498705,0.8960816,0.91737384,0.88874304,0.8624376,0.878642,0.84067756,0.83788335,0.11892406,0.11257361
2021-01-26,0.009088032,-0.19805915774921085,-0.0019127973,-0.032341514,-0.019865246,0.7061415,0.7373366,0.7503591,0.895608,0.93125445,0.90779024,0.90815693,0.929171,0.89943004,0.8722648,0.888218,0.84960866,0.8467441,0.11638273,0.11168395
2021-01-27,0.0045400322,-0.20921469811405752,-0.0049609994,-0.03830375,-0.022441275,0.7236233,0.7484009,0.7579271,0.9084561,0.9440199,0.9199115,0.9195874,0.94030166,0.9095186,0.88148004,0.8971704,0.85798466,0.8550391,0.11395108,0.11080906
2021-01-28,0.00026900048,-0.22184181956393745,-0.007862001,-0.04386927,-0.02485468,0.7398747,0.75872356,0.76499254,0.9205303,0.95593065,0.93129915,0.9303242,0.9507152,0.91896343,0.89003694,0.9054521,0.86576355,0.86272556,0.11163739,0.10995005
2021-01-29,-0.0037098934,-0.23602112513167728,-0.010607738,-0.049016334,-0.027096553,0.7548283,0.7682638,0.77152777,0.93178844,0.9669398,0.941913,0.9403293,0.9603723,0.9277293,0.8978994,0.9130263,0.8729125,0.86977,0.10944814,0.10910781
2021-01-30,-0.007385813,-0.2518101884121529,-0.013192452,-0.053729426,-0.02916053,0.7684359,0.7769927,0.77751327,0.94220006,0.97701395,0.95172435,0.9495756,0.9692451,0.93579096,0.9050417,0.91986674,0.8794083,0.87614864,0.10738794,0.10828294
2021-01-31,-0.010752257,-0.2692435535622901,-0.015612688,-0.05799923,-0.031042794,0.7806686,0.78489274,0.78293717,0.9517472,0.98613304,0.96071607,0.95804685,0.9773165,0.94313335,0.9114484,0.92595774,0.88523686,0.88184726,0.10545955,0.10747583
2021-02-01,-0.013670105,-0.29103328463719796,-0.017737122,-0.061689753,-0.032668926,0.79130644,0.7917515,0.7874133,0.9619111,0.99546194,0.9698578,0.96665597,0.98549587,0.95069015,0.91805834,0.93235034,0.8914462,0.8879279,0.10384036,0.10695086
2021-02-02,-0.016190436,-0.31620338501213907,-0.0196134,-0.06485155,-0.034066323,0.8004342,0.79764855,0.79108214,0.9721667,1.004589,0.9788071,0.97508043,0.99346197,0.95813113,0.92453945,0.93867254,0.897665,0.89401424,0.10246642,0.10661352
2021-02-03,-0.018365288,-0.34382134461792657,-0.021288255,-0.067538135,-0.035263125,0.8081506,0.80267,0.7940826,0.98203754,1.0131445,0.9872566,0.98303115,1.0009276,0.96515924,0.93059343,0.9445889,0.90355736,0.8997659,0.10127629,0.106375575
2021-02-04,-0.020247666,-0.372998139940924,-0.022807525,-0.06980594,-0.036288213,0.8145687,0.80690867,0.79655194,0.99109584,1.0208014,0.99493474,0.99025244,1.007639,0.9715107,0.9359553,0.9498003,0.90882236,0.90487826,0.10021103,0.10615504
2021-02-05,-0.02189153,-0.4028882340230452,-0.024216145,-0.071714334,-0.037171215,0.8198154,0.81046355,0.798626,0.9989627,1.0272746,1.0016053,0.9965221,1.0133766,0.9769549,0.94039375,0.95404434,0.9131947,0.9090824,0.0992142,0.10587619
2021-02-06,-0.023351807,-0.43268957646175443,-0.025558146,-0.073325634,-0.037942503,0.8240318,0.8134405,0.80043906,1.0053079,1.0323213,1.0070678,1.0016516,1.017954,0.9812943,0.94371104,0.95709515,0.91644406,0.91214544,0.09823185,0.10546957
2021-02-07,-0.02468438,-0.4616436034100664,-0.026876654,-0.07470508,-0.038633183,0.827373,0.8159517,0.8021238,1.00985,1.035741,1.0111569,1.0054857,1.0212191,0.9843646,0.9457429,0.9587631,0.91837555,0.91387,0.09721254,0.104871966
2021-02-08,-0.025946096,-0.48903523757654616,-0.028213898,-0.07592084,-0.039275117,0.83000827,0.81811583,0.8038113,1.0123562,1.0373752,1.013743,1.0079026,1.0230534,0.986035,0.94635874,0.95889544,0.9188295,0.91409475,0.096107334,0.104026444
2021-02-09,-0.027407147,-0.5132464097983502,-0.029787758,-0.07695483,-0.03984708,0.8315432,0.81934375,0.8053964,1.0095329,1.0347755,1.0122573,1.0063279,1.0208924,0.9838105,0.94334817,0.9548369,0.9156204,0.91039765,0.09500991,0.10280906
2021-02-10,-0.029050449,-0.5339870439047728,-0.0315756,-0.07791295,-0.040401638,0.83238137,0.8200223,0.8070909,1.0023555,1.0287011,1.0075248,1.0015948,1.0155708,0.9784825,0.93740237,0.9474142,0.90939516,0.9035091,0.09382629,0.10120155
2021-02-11,-0.030826705,-0.5504165140180372,-0.033548992,-0.079250515,-0.041188836,0.8337681,0.8214892,0.8098135,0.99342597,1.020852,1.0016217,0.9958396,1.0092716,0.97209287,0.9300769,0.93862915,0.9014995,0.8951599,0.092114195,0.098939896
2021-02-12,-0.032744933,-0.5624889225205197,-0.03569549,-0.08095039,-0.042189337,0.83580625,0.8237657,0.8135064,0.98307335,1.0116154,0.9948666,0.98936456,1.0022831,0.9649255,0.92171055,0.9288277,0.89229447,0.88567406,0.08991805,0.09610413
2021-02-13,-0.034819394,-0.5701644888325849,-0.038005866,-0.083004765,-0.043388102,0.83861893,0.82688564,0.81812215,0.9716392,1.0013869,0.98758405,0.98247707,0.9949004,0.95727,0.91264546,0.91835916,0.8821431,0.87538,0.087279506,0.09277256
2021-02-14,-0.037094574,-0.5731643215734576,-0.04050271,-0.08532835,-0.044724878,0.84253246,0.8310938,0.82364786,0.95969856,0.9906631,0.9803484,0.97572434,0.98760194,0.94957536,0.90346736,0.9077523,0.87169755,0.8648435,0.08415658,0.089017555
2021-02-15,-0.039586306,-0.5715484556105936,-0.04317302,-0.08796296,-0.046210896,0.8476462,0.8363785,0.8300478,0.9475402,0.9798231,0.9734093,0.96933997,0.98063266,0.94208723,0.894439,0.8973009,0.8612226,0.8543185,0.080614254,0.08491554
2021-02-16,-0.04231629,-0.5653770027548758,-0.046007726,-0.09095766,-0.047860477,0.8540845,0.84274554,0.8372972,0.93547124,0.96925664,0.9670281,0.96356815,0.97424835,0.9350606,0.8858323,0.8873068,0.8509924,0.8440692,0.07671276,0.0805411
2021-02-17,-0.04506894,-0.556002103229635,-0.048872437,-0.094020344,-0.049548227,0.86091673,0.8495669,0.8449408,0.9231376,0.9586136,0.9608344,0.9580549,0.9680862,0.92819494,0.87735045,0.87749064,0.84076566,0.83383536,0.07261111,0.07598097
2021-02-18,-0.047806144,-0.5438640084587918,-0.051727917,-0.09711201,-0.05125262,0.86799973,0.8566918,0.8528457,0.9106834,0.9480842,0.95492417,0.95288706,0.9622387,0.9215977,0.8691136,0.8679969,0.8306806,0.8237443,0.068390466,0.07131022
2021-02-19,-0.05043085,-0.5286446426706414,-0.054481305,-0.10015685,-0.052931074,0.8750043,0.86377096,0.86077106,0.898191,0.9381673,0.94966555,0.94846773,0.9570714,0.9156774,0.86151195,0.85933536,0.82111025,0.81412435,0.06423334,0.06666363
2021-02-20,-0.052929617,-0.5111095534722196,-0.05711633,-0.10313128,-0.054570835,0.8818673,0.87073845,0.8686296,0.8858409,0.92893636,0.94505864,0.9447706,0.9525786,0.91043264,0.85456663,0.8515136,0.81210834,0.8050323,0.060177807,0.062091272
2021-02-21,-0.055289052,-0.492028147719502,-0.059616975,-0.10601174,-0.056159146,0.888527,0.877529,0.87633413,0.8738184,0.9204699,0.9411108,0.941777,0.9487611,0.9058686,0.84830457,0.8445459,0.80373436,0.7965306,0.056261584,0.057643156
2021-02-22,-0.057495795,-0.4721736915174035,-0.061967485,-0.10877473,-0.05768325,0.8949225,0.8840783,0.88379806,0.8623132,0.91285133,0.93783647,0.93947613,0.9456262,0.90199727,0.842758,0.8384526,0.79605323,0.788687,0.052522037,0.05336925
2021-02-23,-0.05953652,-0.45232331021977906,-0.06415236,-0.11139679,-0.059130404,0.9009941,0.8903228,0.8909348,0.8515196,0.9061688,0.93525726,0.93786496,0.9431876,0.89883745,0.83796495,0.8332607,0.78913563,0.78157496,0.048996184,0.049319457
2021-02-24,-0.061397944,-0.433257988429423,-0.066156365,-0.11385453,-0.06048784,0.9066832,0.8961998,0.8976581,0.84163636,0.9005157,0.9334022,0.93694806,0.9414655,0.89641464,0.8339687,0.82900375,0.78305775,0.77527344,0.045720693,0.04554363
2021-02-25,-0.06306681,-0.4157625699980695,-0.067964524,-0.116124585,-0.061742812,0.9119322,0.9016476,0.9038819,0.83286697,0.89598995,0.9323072,0.93673784,0.94048643,0.894761,0.8308183,0.8257217,0.7779015,0.76986706,0.04273188,0.042091575
2021-02-26,-0.06452992,-0.4006257580263924,-0.06956211,-0.11818365,-0.06288256,0.9166846,0.9066052,0.90952045,0.8254194,0.89269465,0.9320156,0.9372545,0.9402835,0.89391565,0.8285682,0.82346076,0.7737541,0.7654459,0.040065713,0.039013036
2021-02-27,-0.065774076,-0.38864011486400496,-0.07093465,-0.120008476,-0.06389433,0.92088515,0.9110125,0.91448826,0.81950617,0.8907378,0.9325779,0.9385259,0.9408961,0.8939241,0.82727855,0.8222738,0.7707088,0.7621056,0.037757803,0.036357705
2021-02-28,-0.06678616,-0.3806020621094603,-0.07206796,-0.12157585,-0.064765364,0.92447937,0.9148103,0.91870004,0.81534433,0.890232,0.9340517,0.94058776,0.94237024,0.89483887,0.82701486,0.8222202,0.7688641,0.7599473,0.03584342,0.034175225
2021-03-01,-0.06755306,-0.3773118806102513,-0.07294808,-0.12286262,-0.065482914,0.9274142,0.91794014,0.9220708,0.81315565,0.8912953,0.93650174,0.9434835,0.94475824,0.8967192,0.82784826,0.8233656,0.7683243,0.75907785,0.034357477,0.03251518
2021-03-02,-0.06806171,-0.3795737104628103,-0.07356133,-0.12384569,-0.06603422,0.9296373,0.9203446,0.9245158,0.81316626,0.8940501,0.94000024,0.9472641,0.9481189,0.89963096,0.8298554,0.82578224,0.7691993,0.7596096,0.033334535,0.031427097
2021-03-03,-0.068299085,-0.38819555101250924,-0.073894285,-0.124501996,-0.06640652,0.93109787,0.92196685,0.92595047,0.8156069,0.8986242,0.9446263,0.95198864,0.95251757,0.9036468,0.8331185,0.8295488,0.7716045,0.76166034,0.032808807,0.030960465
2021-03-04,-0.06844143,-0.40025771361826334,-0.07411363,-0.124992155,-0.066688135,0.93203646,0.9230369,0.9268188,0.81865764,0.9035311,0.9491183,0.95645463,0.95676184,0.9075491,0.83642095,0.8332907,0.77420634,0.7638795,0.032570343,0.030799551
2021-03-05,-0.06853145,-0.41547840223056015,-0.07425936,-0.12534724,-0.06689603,0.93248975,0.9235837,0.92719203,0.8219537,0.9084321,0.95317346,0.9603632,0.9605582,0.9110424,0.83947235,0.8366703,0.77670366,0.7659625,0.032580946,0.030886332
2021-03-06,-0.068615265,-0.4335131640553263,-0.07437493,-0.1256016,-0.06704899,0.93250066,0.9236423,0.92715126,0.82509845,0.9129645,0.95647204,0.96340066,0.96359676,0.91381496,0.8419646,0.83933026,0.77877504,0.767584,0.032797713,0.03115622
2021-03-07,-0.06874239,-0.45395488955392693,-0.07450727,-0.12579297,-0.06716757,0.93211836,0.92325354,0.92678714,0.82766306,0.9167417,0.95867753,0.9652384,0.9655519,0.9155387,0.84357196,0.8408937,0.78007853,0.76839817,0.033173054,0.03153806
2021-03-08,-0.068965755,-0.47633381244316625,-0.07470674,-0.12596233,-0.06727416,0.93139815,0.9224644,0.9261999,0.82918674,0.9193532,0.9594365,0.96553296,0.9660817,0.9158692,0.84395087,0.8409642,0.78025216,0.7680382,0.033654682,0.031954147
2021-03-09,-0.06934172,-0.5001175096952873,-0.07502721,-0.12615405,-0.06739293,0.9304018,0.9213276,0.92549974,0.8291765,0.9203644,0.95837873,0.96392596,0.9648281,0.9144454,0.84274024,0.8391259,0.7789134,0.7661166,0.03418561,0.032320198
2021-03-10,-0.069930024,-0.5247109015379717,-0.07552599,-0.12641579,-0.06754986,0.92919725,0.9199021,0.9248062,0.8271073,0.9193168,0.9551173,0.96004426,0.96141714,0.91089016,0.83956105,0.8349432,0.7756594,0.76222533,0.034704164,0.032545373
2021-03-11,-0.07079384,-0.5494562514543403,-0.07626386,-0.12679856,-0.067772724,0.9278587,0.91825247,0.92424864,0.8224221,0.9157281,0.9492482,0.95349973,0.9554586,0.9048098,0.8340167,0.8279609,0.77006716,0.7559354,0.035143953,0.032532275
2021-03-12,-0.07170627,-0.5749409848960654,-0.07706109,-0.12747991,-0.06816547,0.9272649,0.9174366,0.9242906,0.8188286,0.9123148,0.9437706,0.94732463,0.9499722,0.89910626,0.8286127,0.8212126,0.7645413,0.7499702,0.035240278,0.032278173
2021-03-13,-0.07265099,-0.6007667044198256,-0.07791364,-0.12855378,-0.06878137,0.92773736,0.9178215,0.9251762,0.8169694,0.90949446,0.9392527,0.9421117,0.94554335,0.8943274,0.82377595,0.81523585,0.75945586,0.74479276,0.034860417,0.031702317
2021-03-14,-0.07366291,-0.6272842793364302,-0.07882935,-0.12963776,-0.06940312,0.928455,0.9184688,0.92617846,0.8152453,0.9063969,0.9345436,0.9366606,0.94090086,0.8893,0.8187476,0.80895174,0.75422835,0.73949045,0.034352973,0.031064944
2021-03-15,-0.074737675,-0.6542485677435946,-0.07980616,-0.13069512,-0.07000973,0.92943823,0.91940147,0.92728215,0.8137152,0.9031183,0.92978126,0.93111587,0.93616086,0.88413835,0.8136642,0.8024958,0.7490035,0.7341828,0.033712886,0.030377472
2021-03-16,-0.076083876,-0.6948858490192813,-0.081080414,-0.13177565,-0.070627406,0.93133426,0.92125994,0.9289039,0.8151759,0.9015941,0.92647445,0.92657995,0.9322422,0.8796429,0.80929357,0.7965173,0.74452,0.72956556,0.03272793,0.029513305
2021-03-17,-0.07758454,-0.7444190030737096,-0.08252387,-0.13292441,-0.07128259,0.93368727,0.9235725,0.9308356,0.8184129,0.90115875,0.9239647,0.92256236,0.9287559,0.8754966,0.8052445,0.7907572,0.74034417,0.72525555,0.03158014,0.028542306
2021-03-18,-0.07920781,-0.7885268533386954,-0.08407938,-0.13474828,-0.072310805,0.93594986,0.9257893,0.93273103,0.8214255,0.90123653,0.9220218,0.91908556,0.9259949,0.8717444,0.80143005,0.7854503,0.7361739,0.7209406,0.030195227,0.027365003
2021-03-19,-0.08084908,-0.826246281805233,-0.08564278,-0.13697685,-0.073562525,0.9379716,0.9277598,0.9344833,0.8237343,0.9013798,0.92025965,0.91586804,0.9236285,0.8682056,0.7977282,0.7804497,0.73196524,0.7165729,0.028731016,0.026101466
2021-03-20,-0.08240892,-0.8566906054933661,-0.08711534,-0.13935691,-0.07489771,0.93960553,0.92933667,0.93598944,0.82489896,0.9011923,0.9183355,0.9126654,0.9213642,0.8647283,0.79403985,0.77563745,0.7276901,0.7121192,0.027338523,0.024865821
2021-03-21,-0.08364283,-0.8765187669852765,-0.0884078,-0.14093347,-0.07579087,0.9407087,0.93037564,0.9371502,0.8232834,0.8986851,0.91456383,0.9081875,0.91786814,0.86048466,0.7897749,0.77007246,0.72306025,0.70746243,0.026495423,0.024030743
2021-03-22,-0.08459897,-0.8869805780128033,-0.08950726,-0.14179668,-0.076291814,0.9414068,0.9310178,0.9380233,0.8190605,0.8937216,0.90880954,0.9022137,0.9129317,0.8552148,0.7846894,0.7634894,0.7178528,0.70235586,0.026075922,0.02351935
2021-03-23,-0.08526792,-0.8885777636837227,-0.09035252,-0.14199944,-0.07642906,0.94164217,0.93120813,0.9385623,0.8123464,0.8864797,0.90121186,0.89484245,0.90662396,0.848964,0.778814,0.75599,0.71208304,0.6967606,0.026057346,0.023315089
2021-03-24,-0.085643224,-0.8818453960587543,-0.09088929,-0.14159507,-0.07623142,0.9413656,0.9308997,0.9387268,0.8032673,0.87714046,0.891913,0.88617486,0.8990188,0.8417814,0.7721827,0.74767464,0.7057697,0.6906448,0.026415862,0.023400463
2021-03-25,-0.085721396,-0.8673518941515607,-0.09107021,-0.14063735,-0.07572799,0.9405362,0.9300537,0.9384832,0.7919601,0.8658883,0.8810579,0.87631476,0.89019483,0.83371985,0.76483333,0.73864216,0.6989345,0.6839836,0.027126474,0.023757039
2021-03-26,-0.0855019,-0.8456990239287465,-0.090854846,-0.13918051,-0.074948154,0.93912166,0.92863965,0.9378042,0.77857214,0.8529107,0.86879456,0.86536866,0.8802353,0.8248362,0.75680727,0.7289902,0.6916025,0.6767593,0.028163023,0.024365444
2021-03-27,-0.08498715,-0.8175218983098597,-0.09020968,-0.1372792,-0.073921606,0.937098,0.92663497,0.9366692,0.76326126,0.8383984,0.8552736,0.85344565,0.8692283,0.8151909,0.7481494,0.7188151,0.6838019,0.6689611,0.02949819,0.025205366
2021-03-28,-0.084182516,-0.7834889771673904,-0.0891081,-0.13498853,-0.07267832,0.9344497,0.9240253,0.9350637,0.74619573,0.8225453,0.8406487,0.8406576,0.8572666,0.8048484,0.7389084,0.7082118,0.67556405,0.66058546,0.031103488,0.026255557
2021-03-29,-0.08309634,-0.744302067326772,-0.08753046,-0.13236405,-0.07124857,0.9311697,0.92080444,0.9329801,0.7275543,0.8055486,0.82507634,0.827119,0.8444477,0.79387677,0.7291365,0.6972739,0.6669236,0.65163565,0.032949276,0.02749383
2021-03-30,-0.0817399,-0.70069632256638,-0.085464,-0.12946175,-0.06966292,0.9272593,0.9169743,0.93041706,0.70752627,0.7876087,0.8087159,0.812947,0.8308737,0.78234804,0.7188894,0.6860937,0.6579183,0.64212215,0.035004742,0.028897056
2021-03-31,-0.08012744,-0.6534402436175332,-0.08290289,-0.12633806,-0.06795223,0.9227284,0.91254497,0.92737967,0.68631136,0.7689291,0.7917295,0.7982615,0.81665164,0.77033794,0.7082266,0.67476207,0.6485892,0.6320625,0.037237924,0.03044117
2021-04-01,-0.078276165,-0.6033356781644929,-0.07984824,-0.12304988,-0.066147655,0.9175952,0.90753466,0.9238796,0.6641198,0.74971664,0.77428234,0.783185,0.8018931,0.757926,0.69721115,0.6633687,0.63898045,0.6214812,0.039615683,0.03210117
2021-04-02,-0.07620622,-0.5512178208444626,-0.07630806,-0.119654514,-0.06428064,0.91188633,0.9019697,0.9199351,0.6411723,0.7301813,0.7565423,0.7678427,0.78671443,0.7451957,0.6859096,0.65200174,0.6291396,0.6104098,0.042103726,0.033851106
2021-04-03,-0.073940724,-0.49795521324758946,-0.07229729,-0.116209745,-0.062382907,0.90563697,0.8958845,0.9155706,0.6177001,0.71053624,0.7386802,0.75236255,0.7712368,0.73223406,0.6743923,0.6407482,0.61911714,0.59888697,0.044666603,0.0356641
2021-04-04,-0.07150575,-0.4444497439169625,-0.067837805,-0.112773776,-0.060486507,0.89889055,0.88932174,0.9108173,0.5939447,0.69099796,0.72086966,0.736875,0.75558597,0.71913224,0.662733,0.6296937,0.608967,0.58695847,0.04726769,0.037512336
2021-04-05,-0.068930306,-0.3916366483486139,-0.06295839,-0.109405264,-0.058623757,0.89169914,0.88233215,0.9057128,0.57015854,0.671786,0.70328736,0.72151333,0.7398924,0.70598495,0.65100926,0.61892235,0.59874606,0.57467705,0.04986921,0.039367046
2021-04-06,-0.06624638,-0.3404845089915184,-0.057694755,-0.1061633,-0.056827273,0.8841231,0.8749746,0.900301,0.546604,0.6531233,0.6861126,0.7064134,0.72429156,0.6928908,0.6393021,0.6085171,0.5885147,0.56210244,0.05243222,0.04119854
2021-04-07,-0.063488916,-0.2919952552475935,-0.052089535,-0.103107445,-0.05512997,0.87623125,0.8673162,0.8946326,0.5235543,0.6352359,0.6695277,0.6917138,0.7089232,0.6799522,0.6276962,0.5985596,0.5783362,0.54930156,0.054916617,0.04297618
2021-04-08,-0.060695793,-0.24720416347169943,-0.04619228,-0.10029767,-0.05356505,0.86810094,0.8594319,0.88876444,0.50129306,0.61835295,0.6537178,0.67755586,0.6939321,0.66727537,0.61627996,0.58913,0.5682773,0.5363483,0.05728113,0.044668384
2021-04-09,-0.057907872,-0.20717985697163901,-0.040059477,-0.097794406,-0.05216601,0.85981786,0.85140526,0.8827601,0.48011428,0.60270697,0.63887095,0.66408336,0.67946774,0.6549703,0.60514516,0.58030725,0.5584077,0.52332354,0.059483334,0.046242647
2021-04-10,-0.055514116,-0.17305003762355936,-0.033754528,-0.09662389,-0.05127409,0.8520102,0.8434585,0.8767463,0.46004465,0.58864737,0.625247,0.6514943,0.66564256,0.6430511,0.59424114,0.57218266,0.5486098,0.5098828,0.061368223,0.047613867
2021-04-11,-0.053438015,-0.14594083277850542,-0.027347751,-0.09650268,-0.050813574,0.84458977,0.8356445,0.87077916,0.44149843,0.5763724,0.61301506,0.6399197,0.65263027,0.63167095,0.5837192,0.5648276,0.5390279,0.4962756,0.06293084,0.04876609
2021-04-12,-0.051614515,-0.12701235052409537,-0.020916399,-0.09717152,-0.05071661,0.8374901,0.8280273,0.86492276,0.42489362,0.56608635,0.6023488,0.62949437,0.6406083,0.62098455,0.57373077,0.5583123,0.5298049,0.48274788,0.06416231,0.04968117
2021-04-13,-0.049990013,-0.11745867968452083,-0.01454464,-0.09839542,-0.0509232,0.8306662,0.8206826,0.85924906,0.41065177,0.5579995,0.5934264,0.62035704,0.6297578,0.61114776,0.5644272,0.552706,0.5210821,0.46954203,0.06504985,0.050338734
2021-04-14,-0.04852238,-0.1185078898205465,-0.008323569,-0.09996357,-0.051381223,0.8240947,0.8136972,0.8538379,0.39919814,0.5523282,0.5864307,0.6126506,0.6202637,0.6023179,0.55595994,0.54807705,0.5129995,0.45689678,0.06557679,0.050716206
2021-04-15,-0.04718092,-0.13142203122951046,-0.0023511995,-0.10168939,-0.05204643,0.8177739,0.8071693,0.84877694,0.3909616,0.5492948,0.58154905,0.60652167,0.61231446,0.5946536,0.5484803,0.54449266,0.50569534,0.4450473,0.06572254,0.050788794
2021-04-16,-0.04565094,-0.13884774215575765,0.003597853,-0.10328668,-0.052814823,0.8108572,0.80035573,0.84356236,0.38259736,0.54659945,0.57709646,0.6008158,0.6050083,0.58738244,0.5412851,0.5413276,0.49850345,0.4334436,0.065749675,0.050722156
2021-04-17,-0.043837763,-0.13662991884342965,0.009508882,-0.10458087,-0.053637996,0.80313116,0.7931266,0.8381214,0.3734306,0.5437329,0.57271725,0.59530365,0.59821945,0.58039135,0.5342744,0.5384438,0.49132296,0.42208382,0.06571422,0.05054374
2021-04-18,-0.041574992,-0.13359663055935064,0.015418673,-0.104524866,-0.053979665,0.79478174,0.78574455,0.8326142,0.364205,0.5402234,0.5678271,0.5893956,0.59114444,0.5732982,0.52727497,0.53527945,0.4842796,0.4111986,0.06591232,0.050507706
2021-04-19,-0.038757414,-0.12890223239457024,0.021325897,-0.102725014,-0.053659283,0.7857234,0.7781886,0.82703173,0.35455424,0.5355062,0.5619539,0.5827232,0.58343107,0.5658847,0.5201394,0.5315492,0.47731215,0.40082452,0.06647271,0.050710272
2021-04-20,-0.035284624,-0.12163937801522405,0.027229128,-0.09879376,-0.052494157,0.7758838,0.77044106,0.82136625,0.34407476,0.52897877,0.55459297,0.5748929,0.57469964,0.55791295,0.5127038,0.52694684,0.47034797,0.39098507,0.06752957,0.0512529
2021-04-21,-0.03126858,-0.11433602486188393,0.03313236,-0.093343124,-0.050845135,0.7652038,0.76248735,0.81561154,0.33403274,0.52227235,0.5471233,0.5669817,0.56603384,0.5500981,0.50549847,0.5223227,0.46368405,0.3818265,0.06876177,0.051876817
2021-04-22,-0.026679521,-0.1069899546918429,0.039035592,-0.08628988,-0.04868571,0.75363725,0.75431615,0.8097627,0.32445222,0.5153772,0.5395391,0.5589853,0.5574372,0.5424489,0.49853593,0.5176755,0.4573368,0.37338609,0.07017894,0.05258647
2021-04-23,-0.021496197,-0.09959958304602447,0.044938825,-0.07757459,-0.045996957,0.7411514,0.7459195,0.8038162,0.31535026,0.5082864,0.53183603,0.5509004,0.5489123,0.53497136,0.49182522,0.5130045,0.451318,0.36569047,0.071787916,0.05338504
2021-04-24,-0.015705854,-0.0921639592489828,0.050842058,-0.06716159,-0.042767506,0.72772646,0.7372925,0.79776996,0.30673715,0.5009956,0.52401155,0.54272527,0.54046065,0.52766925,0.48537177,0.50830907,0.4456347,0.35875565,0.07359283,0.054274444
2021-04-25,-0.0093042385,-0.08468276640890261,0.05674529,-0.055038985,-0.038993582,0.71335584,0.72843355,0.79162335,0.29861632,0.49350345,0.5160648,0.5344592,0.5320828,0.52054375,0.47917736,0.5035891,0.4402892,0.3525869,0.075595036,0.055255305
2021-04-26,-0.0022956047,-0.07715632141759916,0.06264852,-0.04121867,-0.034678962,0.69804615,0.71934426,0.78537697,0.29098433,0.48581138,0.5079967,0.5261028,0.52377826,0.5135936,0.47324017,0.49884474,0.43527922,0.34717897,0.07779318,0.056326997
2021-04-27,0.0053072968,-0.06958557495051837,0.06855176,-0.025736302,-0.029835012,0.68181705,0.7100295,0.77903295,0.28383094,0.47792357,0.49980968,0.51765794,0.5155454,0.5068152,0.4675548,0.49407652,0.43059766,0.3425158,0.08018314,0.057487607
2021-04-28,0.0134832105,-0.06197211146673662,0.074454986,-0.008651334,-0.024480661,0.6647015,0.70049727,0.7725948,0.277139,0.46984705,0.49150807,0.50912786,0.5073818,0.50020236,0.4621123,0.48928526,0.4262328,0.3385708,0.082758054,0.058733955
2021-04-29,0.022202382,-0.05431814920896098,0.08035822,0.009953017,-0.018642412,0.64674556,0.6907589,0.7660674,0.27088454,0.46159157,0.4830978,0.50051695,0.49928373,0.49374652,0.45689997,0.4844722,0.4221682,0.33530667,0.085508324,0.060061593
2021-04-30,0.031426553,-0.04662654020352902,0.08626145,0.029969754,-0.012354344,0.6280083,0.68082887,0.759457,0.2650368,0.45316973,0.47458652,0.49183092,0.49124664,0.48743656,0.45190167,0.47963884,0.41838267,0.3326755,0.08842158,0.06146479
2021-05-01,0.041108962,-0.03890077026040892,0.09216469,0.051268097,-0.0056581073,0.6085622,0.6707249,0.7527714,0.25955808,0.444597,0.4659836,0.48307672,0.4832649,0.48125902,0.44709754,0.47478706,0.41485044,0.3306186,0.09148276,0.06293655
2021-05-02,0.05119435,-0.03114495897319945,0.09806792,0.07369349,0.0013970765,0.5884926,0.66046816,0.7460195,0.2544039,0.4358915,0.4573001,0.47426254,0.47533175,0.4751979,0.4424642,0.46991912,0.4115409,0.32906675,0.094674006,0.064468615
2021-05-03,0.061618958,-0.02336385971912993,0.103971146,0.09706761,0.008754412,0.5678982,0.6500826,0.7392119,0.2495229,0.4270743,0.4485487,0.4653979,0.4674396,0.46923482,0.4379746,0.46503752,0.40841886,0.32794005,0.09797475,0.06605143
2021-05-04,0.07231052,-0.015562859659060273,0.10987438,0.12118834,0.01634953,0.54689085,0.6395958,0.7323604,0.24485686,0.41816917,0.43974397,0.45649356,0.45957965,0.46334887,0.43359813,0.46014524,0.40544432,0.32714793,0.10136165,0.06767419
2021-05-05,0.083188266,-0.007747979737480967,0.11577761,0.1458298,0.02411049,0.5255955,0.6290383,0.7254784,0.24034078,0.40920272,0.43090197,0.4475615,0.45174217,0.45751673,0.42930055,0.45524547,0.40257272,0.32658914,0.10480865,0.069324814
2021-05-06,0.094162926,7.412531748692346e-05,0.12168085,0.17074232,0.03195778,0.50415015,0.618444,0.7185804,0.23590276,0.40020433,0.42204058,0.43861502,0.4439164,0.45171258,0.42504406,0.4503418,0.39975467,0.32615182,0.10828693,0.07098993
2021-05-07,0.105136745,0.007896166994091755,0.12758408,0.19565247,0.039804313,0.48270613,0.6078501,0.7116826,0.23146404,0.39120623,0.41317937,0.42966866,0.43609053,0.44590816,0.4207872,0.44543815,0.39693618,0.32571346,0.111764945,0.072654925
2021-05-08,0.11600344,0.015710222996951306,0.13348731,0.22026302,0.047555428,0.46142784,0.5972968,0.70480233,0.22693905,0.38224342,0.40433958,0.42073825,0.42825174,0.44007283,0.41648492,0.4405388,0.39405844,0.32514083,0.11520837,0.074303895
2021-05-09,0.12664823,0.023507737247052785,0.13939054,0.24425296,0.055108897,0.4404928,0.5868277,0.6979586,0.22223537,0.3733537,0.39554417,0.41184086,0.42038614,0.43417335,0.41208863,0.43564838,0.3910581,0.3242901,0.118580185,0.07591966
2021-05-10,0.13694787,0.031279519881752815,0.14529377,0.26727757,0.062354915,0.4200918,0.5764896,0.6911715,0.21725371,0.36457765,0.3868178,0.4029948,0.4124789,0.42817417,0.40754607,0.43077183,0.38786697,0.32300678,0.12184059,0.07748377
2021-05-11,0.14724751,0.03905130251645283,0.151197,0.29030216,0.06960093,0.39969078,0.5661515,0.68438447,0.21227206,0.35580158,0.37809145,0.39414877,0.40457162,0.42217496,0.4030035,0.42589527,0.38467583,0.32172343,0.12510099,0.079047896
2021-05-12,0.15754713,0.04682308515115287,0.15710025,0.31332675,0.07684695,0.37928975,0.5558134,0.6775974,0.20729041,0.34702554,0.36936507,0.38530272,0.39666435,0.41617575,0.39846095,0.4210187,0.38148472,0.3204401,0.12836139,0.08061201
2021-05-13,0.16784677,0.0545948677858529,0.16300347,0.33635134,0.08409297,0.35888872,0.54547524,0.67081034,0.20230876,0.3382495,0.3606387,0.37645668,0.3887571,0.41017655,0.3939184,0.41614214,0.3782936,0.31915677,0.13162178,0.08217613
2021-05-14,0.17814639,0.06236665042055292,0.1689067,0.3593759,0.091338985,0.3384877,0.5351372,0.6640233,0.1973271,0.32947347,0.35191232,0.36761063,0.38084984,0.40417737,0.38937584,0.41126558,0.37510246,0.31787345,0.13488218,0.08374024
2021-05-15,0.18844603,0.07013843305525296,0.17480993,0.38240048,0.098584995,0.31808668,0.52479905,0.65723616,0.19234546,0.32069743,0.34318596,0.3587646,0.3729426,0.39817816,0.38483328,0.40638903,0.37191135,0.31659013,0.13814259,0.085304365
2021-05-16,0.19874567,0.07791021568995297,0.18071316,0.40542507,0.10583101,0.29768565,0.5144609,0.6504491,0.1873638,0.3119214,0.3344596,0.34991854,0.36503533,0.39217895,0.38029072,0.40151247,0.36872023,0.31530678,0.14140297,0.08686848
2021-05-17,0.20904529,0.08568199832465301,0.1866164,0.42844966,0.11307703,0.27728462,0.50412285,0.64366204,0.18238214,0.30314535,0.3257332,0.3410725,0.35712805,0.38617977,0.37574816,0.39663592,0.3655291,0.31402346,0.14466338,0.088432595
2021-05-18,0.21934493,0.09345378095935304,0.19251963,0.45147425,0.12032305,0.2568836,0.49378473,0.636875,0.17740048,0.29436928,0.31700686,0.33222646,0.3492208,0.38018057,0.3712056,0.39175937,0.36233798,0.31274012,0.14792378,0.08999672
2021-05-19,0.22964455,0.10122556359405306,0.19842286,0.47449884,0.12756906,0.23648258,0.4834466,0.6300879,0.17241883,0.28559324,0.3082805,0.3233804,0.34131354,0.37418136,0.366663,0.38688278,0.35914683,0.3114568,0.15118417,0.09156083
2021-05-20,0.23994419,0.1089973462287531,0.2043261,0.49752343,0.13481508,0.21608156,0.4731085,0.62330085,0.16743718,0.2768172,0.2995541,0.31453437,0.3334063,0.36818218,0.36212045,0.38200623,0.35595572,0.31017348,0.15444458,0.09312495
2021-05-21,0.2502438,0.1167691288634531,0.21022934,0.52054805,0.1420611,0.19568053,0.46277037,0.6165138,0.16245553,0.26804116,0.29082775,0.30568832,0.32549903,0.36218297,0.3575779,0.37712967,0.3527646,0.30889013,0.15770498,0.09468907
2021-05-22,0.26054347,0.12454091149815315,0.21613257,0.5435726,0.14930712,0.17527951,0.45243227,0.6097267,0.15747388,0.25926512,0.28210136,0.29684228,0.31759176,0.35618377,0.35303533,0.37225312,0.34957346,0.30760682,0.16096537,0.09625319
2021-05-23,0.2708431,0.13231269413285318,0.2220358,0.5665972,0.15655313,0.15487848,0.44209415,0.60293967,0.15249223,0.2504891,0.273375,0.28799623,0.30968451,0.35018456,0.34849277,0.36737657,0.34638235,0.30632347,0.16422577,0.0978173
2021-05-24,0.2811427,0.1400844767675532,0.22793902,0.5896218,0.16379914,0.13447747,0.43175605,0.5961526,0.14751057,0.24171303,0.26464865,0.2791502,0.30177724,0.34418538,0.3439502,0.3625,0.34319124,0.30504015,0.16748618,0.09938142
2021-05-25,0.29144236,0.14785625940225322,0.23384225,0.6126464,0.17104515,0.114076436,0.42141792,0.58936554,0.14252892,0.232937,0.25592226,0.27030414,0.29387,0.33818617,0.33940765,0.35762346,0.3400001,0.30375683,0.17074656,0.10094554
2021-05-26,0.301742,0.15562804203695327,0.2397455,0.63567096,0.17829117,0.09367541,0.41107982,0.5825785,0.13754725,0.22416094,0.2471959,0.2614581,0.28596273,0.33218697,0.3348651,0.3527469,0.33680898,0.3024735,0.17400697,0.102509655
2021-05-27,0.3120416,0.1633998246716533,0.24564873,0.6586956,0.18553719,0.07327439,0.40074173,0.5757914,0.1325656,0.2153849,0.23846953,0.25261205,0.2780555,0.3261878,0.33032253,0.34787032,0.33361787,0.30119017,0.17726737,0.10407377
2021-05-28,0.32234123,0.1711716073063533,0.25155196,0.68172014,0.1927832,0.05287336,0.3904036,0.56900436,0.12758395,0.20660886,0.22974315,0.24376601,0.27014822,0.32018858,0.32577997,0.34299377,0.33042672,0.29990682,0.18052776,0.10563789
2021-05-29,0.3326409,0.17894338994105335,0.2574552,0.70474476,0.20002922,0.03247234,0.3800655,0.56221724,0.1226023,0.19783281,0.2210168,0.23491997,0.26224095,0.31418937,0.32123742,0.3381172,0.3272356,0.2986235,0.18378817,0.10720201
2021-05-30,0.3429405,0.1864645243188103,0.2633584,0.7277693,0.20727524,0.012071314,0.36972737,0.5554302,0.117398985,0.18872392,0.21194595,0.22578737,0.25402254,0.3077369,0.31626245,0.33280188,0.32366028,0.2970191,0.18704857,0.10876612
2021-05-31,0.35324013,0.19382452767424674,0.26926166,0.75079393,0.21452126,-0.008329709,0.35938928,0.5486431,0.11205318,0.17940105,0.20265365,0.21647057,0.24560407,0.30099303,0.31100953,0.32720447,0.31983796,0.29520825,0.19030896,0.11033025
2021-06-01,0.3635398,0.20110674363959738,0.27516487,0.7738185,0.22176728,-0.028730733,0.34905115,0.54185605,0.10663858,0.16997491,0.19325446,0.20706484,0.23708904,0.29410848,0.3056224,0.3214709,0.31589642,0.29329777,0.19356936,0.11189436
2021-06-02,0.3738394,0.2083883422447092,0.28106812,0.7968431,0.2290133,-0.04913176,0.33871305,0.535069,0.10122344,0.16054793,0.1838544,0.1976584,0.22857323,0.2872228,0.30023423,0.3157362,0.31195393,0.29138651,0.19682977,0.11345848
2021-06-03,0.38413903,0.21574031991704154,0.28697136,0.8198677,0.23625931,-0.06953278,0.32837495,0.5282819,0.09587053,0.1512144,0.17455108,0.18833242,0.22014481,0.2804644,0.29496744,0.31012475,0.3081193,0.28956538,0.20009016,0.11502259
2021-06-04,0.39443868,0.22322749948166581,0.29287457,0.8428923,0.24350533,-0.089933805,0.31803682,0.52149487,0.09063719,0.14206041,0.16543357,0.17916101,0.21188423,0.27395052,0.28993392,0.30474997,0.30449194,0.28791746,0.20335056,0.116586715
2021-06-05,0.4047383,0.23090853016126575,0.29877782,0.86591685,0.25075135,-0.11033483,0.30769873,0.5147078,0.08557528,0.13316387,0.15658247,0.17021123,0.2038643,0.26778722,0.2852348,0.29971454,0.3011617,0.2865179,0.20661096,0.11815083
2021-06-06,0.41503793,0.23883588757613736,0.30468103,0.88894147,0.25799736,-0.13073586,0.2973606,0.50792074,0.08073121,0.12459441,0.14806992,0.16154304,0.19615018,0.26206934,0.28096062,0.29511032,0.29820904,0.28543386,0.20987135,0.119714946
2021-06-07,0.42533758,0.2470558737441888,0.31058428,0.911966,0.26524338,-0.15113688,0.2870225,0.5011337,0.076145925,0.116413556,0.13995953,0.15320939,0.18879935,0.2568807,0.27719125,0.29101837,0.29570496,0.28472468,0.21313176,0.12127907
2021-06-08,0.4356372,0.25560861708094046,0.31648752,0.93499064,0.2724894,-0.1715379,0.27668437,0.4943466,0.07185491,0.108674586,0.13230647,0.14525616,0.18186161,0.25229383,0.27399594,0.28750896,0.29371092,0.2844418,0.21639216,0.12284318
2021-06-09,0.44593683,0.2645280723995252,0.32239074,0.9580152,0.27973542,-0.19193892,0.26634628,0.48755953,0.06788819,0.10142259,0.12515739,0.13772216,0.17537913,0.24837013,0.27143323,0.2846415,0.29227898,0.28462866,0.21965255,0.1244073
2021-06-10,0.45623645,0.2738420209106877,0.32829398,0.9810398,0.28698143,-0.21233995,0.25600818,0.48077247,0.06427034,0.09469446,0.11855047,0.13063917,0.1693864,0.24515983,0.2695511,0.28246465,0.29145175,0.2853209,0.22291295,0.12597142
2021-06-11,0.4674968,0.2825783610284226,0.3344228,1.0055065,0.29461235,-0.23538257,0.24446891,0.4733291,0.060893238,0.08785172,0.11202515,0.1236499,0.16365413,0.24250214,0.26813704,0.28072795,0.29100013,0.28641906,0.2263234,0.1275045
2021-06-12,0.4793748,0.2911074228995429,0.34069666,1.0309004,0.30249068,-0.26012334,0.23215751,0.4654638,0.057815973,0.08115315,0.10577771,0.11690842,0.15829296,0.24049634,0.2673069,0.27956137,0.29104143,0.2879883,0.2298303,0.12901762
2021-06-13,0.49155092,0.299768887472554,0.34704056,1.0567418,0.31048846,-0.28568393,0.21947335,0.45739484,0.05508904,0.07483288,0.09998393,0.11055234,0.15339954,0.23922564,0.26715967,0.27907696,0.291677,0.29008275,0.23338376,0.1305211
2021-06-14,0.5037294,0.30887178649765307,0.35338497,1.0825868,0.31848723,-0.31125104,0.20678622,0.44932422,0.05275434,0.06910042,0.094798975,0.10470277,0.14905654,0.2387572,0.2677776,0.27936894,0.29299235,0.29274553,0.2369376,0.13202453
2021-06-15,0.5156382,0.31869450252672915,0.35966608,1.1080267,0.3263779,-0.3360764,0.19443634,0.44143793,0.050845172,0.06414063,0.09035749,0.09946438,0.14533268,0.23914202,0.26922604,0.2805135,0.29505697,0.29600868,0.2404493,0.13353665
2021-06-16,0.5258289,0.331289860299131,0.3653931,1.130632,0.33370507,-0.35684225,0.18351129,0.4340361,0.049640097,0.061084323,0.08747739,0.095431976,0.14262454,0.24084795,0.27205494,0.28309798,0.29843333,0.30023816,0.24387494,0.13525802
2021-06-17,0.53450537,0.3462302684752147,0.3706677,1.1507999,0.34050578,-0.37387142,0.17401463,0.4272258,0.04906458,0.05972047,0.08600081,0.09249636,0.1408508,0.24373925,0.27611703,0.28697392,0.30297735,0.30532077,0.24718125,0.13712715
2021-06-18,0.5418653,0.36310194689598824,0.37558642,1.1689119,0.3468178,-0.3874869,0.16593951,0.42110094,0.049041737,0.059837345,0.08576664,0.090544336,0.13992457,0.24767476,0.28126067,0.29198793,0.30854166,0.31114072,0.25033852,0.13908651
2021-06-19,0.54810065,0.3815049265831112,0.38024068,1.1853354,0.35267958,-0.39801186,0.1592686,0.41574267,0.04949235,0.061222486,0.0866106,0.089458734,0.13975346,0.2525079,0.2873297,0.29798174,0.31497544,0.3175797,0.25332057,0.1410826
2021-06-20,0.5533974,0.4010530497388951,0.38471684,1.2004217,0.3581303,-0.40576965,0.15397416,0.41121906,0.050334863,0.06366271,0.08836512,0.0891184,0.14023945,0.25808668,0.29416355,0.30479223,0.3221245,0.3245168,0.25610492,0.14306584
2021-06-21,0.5579357,0.42137396974630326,0.38909614,1.2145076,0.36320987,-0.4110838,0.15001799,0.40758526,0.051485367,0.0669441,0.09085946,0.089398175,0.14127903,0.26425362,0.30159715,0.3122514,0.3298313,0.3318287,0.25867248,0.14499067
2021-06-22,0.5618899,0.4421091511689506,0.3934548,1.2279143,0.36795887,-0.41427794,0.1473514,0.40488353,0.052857626,0.07085202,0.09391961,0.09016892,0.1427631,0.2708459,0.30946106,0.32018635,0.33793482,0.3393894,0.26100785,0.14681545
2021-06-23,0.5654282,0.46291386975110393,0.3978638,1.2409482,0.37241864,-0.41567597,0.14591531,0.40314314,0.05436305,0.07517111,0.097368374,0.091297515,0.14457703,0.2776952,0.31758127,0.3284193,0.34627074,0.3470705,0.26309916,0.1485026
2021-06-24,0.5687132,0.4834572124176817,0.40238917,1.2539005,0.37663123,-0.41560194,0.14564016,0.40238032,0.05591072,0.07968528,0.10102532,0.092646845,0.14660063,0.28462785,0.32577944,0.3367676,0.3546713,0.35474083,0.26493812,0.15001845
2021-06-25,0.5719014,0.5034220772742541,0.4070918,1.2670473,0.3806394,-0.41437998,0.14644594,0.4025985,0.05740737,0.08417772,0.10470677,0.0940758,0.14870816,0.29146466,0.33387265,0.34504378,0.36296535,0.36226693,0.26652002,0.15133333
2021-06-26,0.575729,0.5226527298452428,0.41267425,1.2821118,0.3847403,-0.41301107,0.14818347,0.40390947,0.05871552,0.08819341,0.10809822,0.09530179,0.15076596,0.29817972,0.3419117,0.35332382,0.37124562,0.3698315,0.26804176,0.15245596
2021-06-27,0.5801318,0.5408069919410213,0.41895622,1.2988174,0.38888747,-0.41157806,0.15077278,0.40624732,0.059752174,0.09159891,0.11105513,0.09622484,0.15263799,0.30452642,0.34961984,0.3613146,0.3792388,0.37718204,0.26943505,0.1533523
2021-06-28,0.58505404,0.5575601309427195,0.4257683,1.3169085,0.3930415,-0.41018078,0.1541221,0.40953615,0.060430974,0.09425418,0.11342661,0.09673761,0.15418267,0.3102565,0.35672164,0.3687247,0.38667473,0.3840713,0.27063996,0.15399323
2021-06-29,0.5904483,0.5726048598022214,0.4329518,1.3361502,0.39716986,-0.40893582,0.1581277,0.4136902,0.06066218,0.09601262,0.11505542,0.09672539,0.15525278,0.31512034,0.36294314,0.37526444,0.39328635,0.39025736,0.27160507,0.15435435
2021-06-30,0.5962761,0.5859976761361204,0.440359,1.3563286,0.40124708,-0.4079766,0.16267397,0.41861367,0.060658965,0.097180955,0.116253905,0.096462026,0.15612547,0.31949303,0.36860925,0.38125217,0.3993408,0.39594728,0.27228743,0.15441611
2021-07-01,0.6025071,0.597568048477209,0.44785294,1.3772504,0.4052546,-0.4074534,0.1676334,0.42420077,0.060414936,0.09773471,0.11699207,0.09593451,0.15676875,0.32330602,0.3736245,0.38658002,0.40473363,0.40104026,0.27265254,0.15416384
2021-07-02,0.60911983,0.6071690645314235,0.4553075,1.3987437,0.40918076,-0.4075333,0.17286661,0.43033585,0.059925783,0.09765101,0.11724204,0.09512951,0.1571527,0.32650045,0.37790558,0.39115265,0.40937304,0.4054487,0.27267423,0.15358762
2021-07-03,0.616101,0.6146774311778422,0.46260747,1.420657,0.41302097,-0.4084003,0.17822228,0.4368932,0.05918928,0.09690864,0.11697804,0.09403339,0.15724945,0.32902712,0.38138115,0.3948872,0.4131799,0.40909827,0.27233496,0.15268242
2021-07-04,0.6245404,0.6172123154711561,0.4688127,1.4463147,0.41733986,-0.41162825,0.18379633,0.44432238,0.05749339,0.094597235,0.115386434,0.09199907,0.15616827,0.32953873,0.38231352,0.39590675,0.4142534,0.40982562,0.2702917,0.15063837
2021-07-05,0.6340511,0.6156909337072763,0.4741281,1.4743732,0.4219459,-0.4169444,0.18932113,0.45226875,0.05509432,0.091016926,0.11272783,0.089238375,0.15419428,0.32847244,0.38125494,0.39479882,0.4131949,0.4083336,0.26702008,0.14774922
2021-07-06,0.6426755,0.6150203660808072,0.4799022,1.4982923,0.4257986,-0.42204833,0.19421017,0.45968294,0.053359855,0.08775245,0.11040951,0.08688135,0.152891,0.32826152,0.38120383,0.39471897,0.41325933,0.40839073,0.26486102,0.14541572
2021-07-07,0.6506716,0.6145870835495595,0.48590842,1.5188347,0.4290587,-0.42751074,0.19829673,0.46646896,0.052112788,0.08459724,0.108241685,0.08477438,0.15204158,0.32857698,0.38176978,0.39526233,0.4140236,0.40951413,0.26356643,0.14350063
2021-07-08,0.658293,0.6138320527760441,0.4919389,1.5367379,0.43188632,-0.43390194,0.20140082,0.4725182,0.051188223,0.081356585,0.106045894,0.082770966,0.15144196,0.3291169,0.38259414,0.39605594,0.41509825,0.41125876,0.26291037,0.14187917
2021-07-09,0.6663985,0.610625018988344,0.49729422,1.5548619,0.43479407,-0.44263735,0.20346673,0.4779794,0.049949516,0.077341184,0.10317887,0.08036097,0.15036462,0.3287144,0.38231722,0.3956881,0.4150187,0.41194355,0.26190776,0.13998339
2021-07-10,0.6750162,0.6050965535223398,0.5019861,1.5731285,0.43781477,-0.4539841,0.20423894,0.4826218,0.048429277,0.07256084,0.09965485,0.07754449,0.14882237,0.3274405,0.38101253,0.39423257,0.4138587,0.41165426,0.26065594,0.13787633
2021-07-11,0.684185,0.5973916811245437,0.5060321,1.5914881,0.44098923,-0.46822962,0.20345205,0.48620853,0.04666051,0.06702467,0.09548768,0.07431957,0.14682752,0.32537147,0.37875986,0.39176878,0.41169837,0.4104832,0.25925514,0.13562235
2021-07-12,0.6926273,0.5890429608832258,0.5091444,1.6079264,0.4438345,-0.4820315,0.20249055,0.48940352,0.044852402,0.06166304,0.09136823,0.07121003,0.14474577,0.32286498,0.37599024,0.3887802,0.40898636,0.40870485,0.25760126,0.13333003
2021-07-13,0.70001346,0.580628171698846,0.5112612,1.6218641,0.44625127,-0.4946442,0.20155752,0.4922244,0.04309044,0.05675492,0.0875088,0.06836509,0.1426925,0.3200889,0.3728975,0.38547486,0.405922,0.40647614,0.25573927,0.1310789
2021-07-14,0.70600104,0.5727640214784148,0.5123213,1.6327143,0.4481387,-0.50527734,0.20087576,0.49469882,0.041463636,0.052595083,0.08413335,0.06594135,0.14078897,0.31722116,0.36968777,0.38207352,0.40271735,0.40396377,0.25371352,0.12895061
2021-07-15,0.710235,0.5661061471354953,0.51226395,1.6398833,0.4493946,-0.5130959,0.2006878,0.49686453,0.040064525,0.049494065,0.08147753,0.06410278,0.1391622,0.31444994,0.36657965,0.37880987,0.39959735,0.40134406,0.25156745,0.12702885
2021-07-16,0.7123474,0.5613491145902021,0.511029,1.6427696,0.44991544,-0.51721996,0.20125595,0.4987693,0.038989156,0.047778208,0.079788655,0.063020706,0.13794503,0.31197336,0.36380413,0.37593025,0.39679965,0.39880294,0.24934375,0.12539937
2021-07-17,0.71361554,0.5567321915095571,0.5091544,1.6436069,0.45008793,-0.5203654,0.20178872,0.5002907,0.037986357,0.046448555,0.078353174,0.06217384,0.13680376,0.30940166,0.36091188,0.37296295,0.3938717,0.39605933,0.24709135,0.12388399
2021-07-18,0.7141336,0.5522942055739419,0.5067566,1.642615,0.4499504,-0.5226336,0.20227215,0.50144345,0.03705607,0.045468584,0.07715572,0.061542384,0.13574395,0.30677733,0.35795504,0.36996505,0.39086992,0.39317837,0.24485345,0.122494385
2021-07-19,0.71401274,0.5480684530913301,0.5039636,1.6400574,0.44954845,-0.5241459,0.20269284,0.50224936,0.0361955,0.04479364,0.07617524,0.061101433,0.13476852,0.30414236,0.35498565,0.36699328,0.38785106,0.39022622,0.24267252,0.12123949
2021-07-20,0.71338075,0.544082698997287,0.5009144,1.636241,0.44893515,-0.5250439,0.20303804,0.50273687,0.03539913,0.04437096,0.07538507,0.060820986,0.13387781,0.30153814,0.35205597,0.36410424,0.38487217,0.3872703,0.24059036,0.12012562
2021-07-21,0.7123824,0.5403591768549699,0.4977592,1.6315156,0.44817087,-0.52548945,0.20329559,0.5029413,0.034658708,0.04413965,0.07475287,0.060665924,0.13306956,0.29900554,0.3492182,0.36135432,0.3819905,0.38437915,0.23864815,0.11915637
2021-07-22,0.7111792,0.5369145888551282,0.49465945,1.6262752,0.44732338,-0.5256642,0.2034539,0.5029049,0.03396326,0.044030707,0.07424062,0.060596034,0.13233885,0.29658487,0.34652463,0.35879964,0.37926355,0.38162246,0.23688634,0.11833267
2021-07-23,0.70994943,0.5337601058161031,0.49178782,1.6209562,0.44646785,-0.52577025,0.20350203,0.50267655,0.03329907,0.043966997,0.07380466,0.060565993,0.13167824,0.29431587,0.3440276,0.35649613,0.3767491,0.3790711,0.23534472,0.117652774
2021-07-24,0.70888823,0.5309013671838277,0.48932806,1.616039,0.44568676,-0.5260296,0.20342961,0.50231224,0.032649707,0.043863278,0.07339568,0.060525376,0.13107759,0.2922378,0.3417796,0.35449943,0.3745052,0.37679702,0.23406246,0.11711225
2021-07-25,0.70820767,0.5283384810318273,0.4874752,1.6120473,0.44507006,-0.5266845,0.20322688,0.50187457,0.031996,0.043626178,0.072958685,0.060418654,0.13052422,0.29038927,0.33983302,0.352865,0.37259018,0.37487346,0.23307799,0.116703995
2021-07-26,0.7082434,0.5266349145539515,0.48689517,1.609609,0.4447275,-0.5278935,0.20295256,0.50138545,0.031394202,0.043214317,0.072525755,0.06023204,0.13012953,0.28912172,0.3385761,0.35206592,0.37142083,0.3737755,0.2326763,0.11657171
2021-07-27,0.7083939,0.525372648618131,0.48674753,1.6072918,0.4444088,-0.5290413,0.20265508,0.50077045,0.030849637,0.042824745,0.07217385,0.06007307,0.12983364,0.28814158,0.33761257,0.35163707,0.3705587,0.3729949,0.23253253,0.11660056
2021-07-28,0.70864785,0.5242860666490862,0.4868451,1.6051346,0.44411868,-0.53019005,0.20232773,0.50007933,0.030325986,0.042416252,0.071852066,0.059911214,0.1295749,0.28731722,0.33678666,0.35138518,0.36983517,0.37234542,0.23252045,0.11671037
2021-07-29,0.7092066,0.5223232597475324,0.4862948,1.6049252,0.4441454,-0.53171355,0.202167,0.49953994,0.029548058,0.041826837,0.07124968,0.059516527,0.12888637,0.28570437,0.33513477,0.35025194,0.368203,0.37070662,0.23183629,0.116479665
2021-07-30,0.7099949,0.5195108534905831,0.48517713,1.6060989,0.4443959,-0.53356475,0.20210248,0.49914455,0.028565373,0.041056573,0.070408046,0.05892836,0.12785247,0.28346935,0.3327955,0.34836122,0.36581323,0.36823347,0.23059706,0.11595076
2021-07-31,0.71145236,0.5165309458502146,0.48453903,1.6079477,0.4447738,-0.5366723,0.20146063,0.49893004,0.027406888,0.03996322,0.0694117,0.05819294,0.12686473,0.281518,0.33067116,0.34655735,0.3636721,0.36596435,0.2296863,0.115393735
2021-08-01,0.71334386,0.5131415568903182,0.48409006,1.6100801,0.44520685,-0.5406611,0.20040679,0.4988893,0.026116123,0.038588837,0.06827096,0.057334296,0.12587564,0.27971274,0.32858634,0.34466454,0.36157992,0.36369172,0.22890913,0.11475035
2021-08-02,0.7154569,0.5091025720477381,0.4835528,1.6121513,0.44563097,-0.54518837,0.19909985,0.4990231,0.02473058,0.03696832,0.0669907,0.0563713,0.12483603,0.27791774,0.32636738,0.34250736,0.35933936,0.3612103,0.22807379,0.11396001
2021-08-03,0.71665347,0.5038277206437618,0.48194557,1.6119397,0.44565782,-0.54835796,0.19821534,0.49922207,0.023524644,0.035393864,0.06575947,0.055505875,0.12370733,0.27582273,0.32361552,0.3397096,0.3564711,0.3580252,0.22662088,0.11293036
2021-08-04,0.7155928,0.5010478437711137,0.4804281,1.6051077,0.44458118,-0.5485609,0.19735447,0.4987365,0.023420677,0.035022378,0.06559545,0.055554178,0.123627916,0.27516535,0.32256088,0.3386645,0.35541853,0.35694486,0.22634026,0.112725295
2021-08-05,0.7120005,0.5017744183932362,0.47934055,1.5906869,0.4422432,-0.5455207,0.19637759,0.49739245,0.024646627,0.03614135,0.06674555,0.056714326,0.12489121,0.27640525,0.32379255,0.3399984,0.35683134,0.3587225,0.22771488,0.11361602
2021-08-06,0.707794,0.5015056114003313,0.47744521,1.5749509,0.43967384,-0.54179215,0.19557819,0.49597287,0.025890632,0.037256464,0.067866996,0.057908773,0.12601763,0.27724218,0.3245167,0.3407847,0.35768777,0.3598689,0.2286433,0.11434
2021-08-07,0.70329624,0.4997367527448428,0.47464553,1.5589154,0.43704087,-0.53786236,0.1949441,0.49456927,0.026957583,0.038167477,0.068771064,0.058986153,0.12681323,0.27737468,0.32439145,0.34067267,0.35762677,0.35996953,0.22889414,0.11474611
2021-08-08,0.69884205,0.4959255892627678,0.4708325,1.5436407,0.43451944,-0.5342292,0.19447097,0.4932809,0.027642107,0.03866329,0.069259085,0.059787165,0.12707205,0.2764812,0.32305145,0.3392873,0.35626167,0.35858032,0.2282163,0.11467244
2021-08-09,0.6939363,0.49173865737082156,0.4665896,1.5272669,0.43180436,-0.5302326,0.19397227,0.49184147,0.028397435,0.03922168,0.06978032,0.060656838,0.127317,0.2754529,0.3215348,0.33770916,0.354712,0.35698798,0.22741853,0.11457604
2021-08-10,0.6886898,0.4872192355242137,0.46199036,1.5100721,0.4289422,-0.52604795,0.19340335,0.4902561,0.029194376,0.039815664,0.070309676,0.061570667,0.12753607,0.27429074,0.3198489,0.33594996,0.35299036,0.35520715,0.2265278,0.114458695
2021-08-11,0.68321043,0.48241306135577355,0.45710853,1.4923272,0.42597848,-0.5218406,0.19272391,0.48853108,0.030005395,0.040419873,0.07082384,0.062505335,0.12771845,0.27299747,0.31800306,0.3340236,0.351111,0.3532543,0.22557063,0.1143226
2021-08-12,0.6776027,0.47736833167595055,0.452018,1.4742948,0.4229574,-0.51776576,0.19189814,0.48667383,0.030804604,0.041010566,0.07130128,0.06343872,0.1278546,0.2715779,0.3160086,0.3319461,0.34908977,0.35114765,0.2245731,0.11417043
2021-08-13,0.6724473,0.47152974350597676,0.44647938,1.4582118,0.42028788,-0.514364,0.19118236,0.48529837,0.031410854,0.041313756,0.07147057,0.06409728,0.12755628,0.26956832,0.31325856,0.32909235,0.34627777,0.3482355,0.22293268,0.11382803
2021-08-14,0.6676714,0.4651668259282685,0.4406789,1.4436175,0.41788104,-0.51162905,0.19044673,0.48419824,0.0318576,0.041398916,0.0714036,0.06455151,0.12695205,0.26714528,0.30998966,0.32571235,0.34293225,0.3447798,0.22089884,0.1133623
2021-08-15,0.6631949,0.4590593191997694,0.43537626,1.4287493,0.41541755,-0.5109371,0.1881646,0.4810365,0.03236467,0.04168572,0.07169015,0.06544852,0.12651469,0.26470372,0.30682817,0.32248157,0.3397699,0.3414271,0.21918081,0.11283618
2021-08-16,0.6589676,0.4532651501717912,0.4305351,1.4137083,0.41290924,-0.51178706,0.18473206,0.47640553,0.03289375,0.042107772,0.0722067,0.066641025,0.12623063,0.26231936,0.30384034,0.3194658,0.33684915,0.33826733,0.2178263,0.112308756
2021-08-17,0.6549477,0.4478426535956244,0.4261258,1.398603,0.41036987,-0.51371145,0.18052197,0.4708608,0.033408955,0.042602837,0.07283816,0.06799105,0.12608683,0.26006386,0.30108905,0.31672806,0.33422527,0.3353856,0.2168788,0.11183517
2021-08-18,0.6508781,0.44285057212253826,0.42212555,1.3835388,0.40781993,-0.5152381,0.17721966,0.46702182,0.03376169,0.042924818,0.0731125,0.068957955,0.12607087,0.2580048,0.29863378,0.31432837,0.33195055,0.3328621,0.21637757,0.11146664
2021-08-19,0.6468131,0.4383480563037807,0.41851822,1.3686445,0.40527532,-0.51633775,0.1746746,0.46462023,0.033962063,0.04308695,0.07306201,0.06956948,0.12617078,0.25620577,0.2965307,0.31232396,0.33007413,0.33077222,0.21635762,0.11125048
2021-08-20,0.6428098,0.4343946645905787,0.41529453,1.3540561,0.40275407,-0.51698905,0.17274591,0.46340275,0.034019765,0.043101992,0.07271842,0.06985251,0.12637521,0.2547262,0.29483247,0.31076908,0.32864216,0.32918635,0.21684979,0.11123011
2021-08-21,0.6389281,0.43105036333413765,0.41245195,1.3399173,0.40027627,-0.5171789,0.17130247,0.46313098,0.033944085,0.04298223,0.07211289,0.069833085,0.12667331,0.25362155,0.29358843,0.30971515,0.3276976,0.32817012,0.21788068,0.11144502
2021-08-22,0.6352305,0.42837552678564206,0.40999472,1.3263794,0.39786398,-0.51690215,0.1702228,0.46358147,0.033743914,0.042739496,0.07127602,0.0695364,0.12705481,0.2529432,0.2928445,0.3092107,0.3272805,0.32778427,0.21947268,0.11193076
2021-08-23,0.6317824,0.426430937096255,0.40793383,1.3136019,0.3955414,-0.5161619,0.16939515,0.46454576,0.033427726,0.04238513,0.07023785,0.068986796,0.12750995,0.25273845,0.29264322,0.30930126,0.3274277,0.32808462,0.22164391,0.112719
2021-08-24,0.6286519,0.4252777843171184,0.40628707,1.301751,0.39333463,-0.5149692,0.16871747,0.46583027,0.03300361,0.041930012,0.06902789,0.06820777,0.12802957,0.25305057,0.29302374,0.3100296,0.32817295,0.3291222,0.22440836,0.11383749
2021-08-25,0.6259098,0.4249776663993529,0.40507895,1.2910014,0.39127198,-0.51334333,0.16809739,0.46725643,0.03247923,0.041384555,0.06767505,0.067221984,0.128605,0.25391883,0.29402176,0.3114355,0.32954708,0.33094305,0.22777572,0.11531005
2021-08-26,0.6234818,0.4248065114442478,0.4037055,1.2814507,0.3893664,-0.51145494,0.16735847,0.46872634,0.03175388,0.040675633,0.0660796,0.0659865,0.12905304,0.25494546,0.29520583,0.3129786,0.33108267,0.33303466,0.23140997,0.11694453
2021-08-27,0.62140065,0.42459553386470184,0.40201795,1.2732639,0.38764504,-0.50938165,0.16640015,0.4701106,0.030802665,0.039788287,0.064231694,0.064503245,0.12931468,0.25603423,0.2964685,0.31452307,0.33265874,0.33527055,0.2352119,0.11869454
2021-08-28,0.61969936,0.42416234389249063,0.39986297,1.2666119,0.38613692,-0.50721174,0.1651299,0.471296,0.029598363,0.038705606,0.062118605,0.062772125,0.12932828,0.2570772,0.29769063,0.31592,0.33414236,0.33750942,0.23907204,0.120505996
2021-08-29,0.6181244,0.4244041219095376,0.39806724,1.2592678,0.38448292,-0.5046149,0.16318776,0.47194284,0.0284418,0.037574533,0.06008349,0.061065838,0.12959033,0.25908184,0.29986113,0.31820732,0.33660617,0.3408905,0.2438075,0.122789145
2021-08-30,0.6166248,0.4256509147150084,0.39655656,1.2507076,0.3826008,-0.50097936,0.16004919,0.47130728,0.027398268,0.036423024,0.058213443,0.059461102,0.13019899,0.26263747,0.3035425,0.3219267,0.34062618,0.3461368,0.24993572,0.12588961
2021-08-31,0.6144469,0.4270166836563377,0.3941924,1.2406403,0.3804192,-0.49516788,0.1565362,0.46940818,0.026557216,0.035471484,0.05653027,0.05802051,0.13082236,0.2667681,0.30771625,0.3261137,0.34507143,0.35203537,0.25639415,0.12945284
2021-09-01,0.61132467,0.42828025158455707,0.39079762,1.228548,0.37785012,-0.48697457,0.1528682,0.46629816,0.025997115,0.03480619,0.05510793,0.05682157,0.13144478,0.27125362,0.31214353,0.3305412,0.34968287,0.35827544,0.26289925,0.13336189
2021-09-02,0.6069744,0.4292151906045592,0.386179,1.2138808,0.37480077,-0.4761581,0.1492737,0.46202615,0.025800362,0.03451783,0.054022692,0.05594439,0.13205022,0.27587312,0.31658372,0.33498105,0.3541989,0.36454496,0.2691638,0.13750155
2021-09-03,0.602405,0.43007070891020777,0.38111857,1.1987147,0.3716325,-0.46463275,0.14526767,0.45680067,0.025717612,0.03433611,0.053091984,0.055211607,0.13260537,0.2806487,0.321108,0.3394818,0.35874826,0.3709341,0.27540904,0.14179899
2021-09-04,0.5976832,0.43075131441856185,0.3756826,1.1832182,0.36837763,-0.4527307,0.14088434,0.4507113,0.025740393,0.034253076,0.052319918,0.054632023,0.13308848,0.2854297,0.32556456,0.34389493,0.36317983,0.3772469,0.28149098,0.14615437
2021-09-05,0.5928816,0.43116483625838664,0.36993903,1.1675746,0.36507174,-0.44078758,0.13615425,0.44384688,0.02585817,0.034258693,0.051708262,0.054212395,0.13347714,0.29006904,0.3298055,0.34807587,0.3673471,0.38329336,0.28727096,0.15047032
2021-09-06,0.5880789,0.43122242477015404,0.36395735,1.151983,0.36175373,-0.42914277,0.13110419,0.43629533,0.02605836,0.034340814,0.051256467,0.053957444,0.13374819,0.2944233,0.33368683,0.351884,0.37110797,0.3888894,0.2926158,0.15465185
2021-09-07,0.5833597,0.4308385515060415,0.3578088,1.136658,0.35846567,-0.41813916,0.12575717,0.42814392,0.026326317,0.034485206,0.05096164,0.053869843,0.13387787,0.29835272,0.3370684,0.3551827,0.37432483,0.39385682,0.29739764,0.15860645
2021-09-08,0.57881445,0.42993100922993316,0.35156614,1.1218295,0.35525295,-0.40812322,0.12013252,0.419479,0.026645344,0.03467554,0.050818563,0.053950224,0.1338417,0.30172107,0.33981404,0.3578392,0.37686467,0.39802334,0.30149412,0.16224408
2021-09-09,0.5745395,0.42842091191741954,0.3453038,1.1077429,0.35216418,-0.399445,0.114245795,0.4103863,0.026996683,0.03489338,0.050819688,0.054197177,0.13361451,0.30439585,0.3417914,0.35972464,0.37859884,0.40122262,0.30478823,0.16547705
2021-09-10,0.5706372,0.4262326947557969,0.33909786,1.0946593,0.34925124,-0.3924581,0.108108826,0.40095064,0.027359527,0.035118207,0.05095512,0.05460725,0.13317052,0.30624807,0.34287205,0.3607142,0.3794033,0.40329418,0.30716836,0.16822018
2021-09-11,0.5672158,0.4232941141440683,0.333026,1.0828551,0.34656927,-0.38751978,0.1017297,0.39125603,0.027711006,0.035327397,0.051212657,0.055174943,0.13248317,0.30715245,0.34293148,0.3606869,0.37915838,0.40408355,0.30852836,0.17039071
2021-09-12,0.56438947,0.41953624769294284,0.32716757,1.0726221,0.3441767,-0.38499075,0.095112756,0.38138583,0.028026197,0.035496235,0.05157774,0.05589272,0.13152532,0.3069873,0.34184903,0.35952574,0.37774903,0.40344208,0.3087674,0.1719083
2021-09-13,0.5616158,0.4157307922061052,0.3220367,1.061529,0.3416296,-0.38468885,0.087860905,0.37058595,0.028494947,0.035945944,0.05238121,0.05710008,0.13079399,0.30628434,0.340365,0.3580066,0.3759855,0.40215555,0.30865815,0.17294003
2021-09-14,0.5588261,0.4120617318298152,0.31784338,1.0490934,0.33884415,-0.38682127,0.079854056,0.35869205,0.02915199,0.036749985,0.053706117,0.058888067,0.13041502,0.3051203,0.3386186,0.3562818,0.3740326,0.40036026,0.30836588,0.1734825
2021-09-15,0.5559671,0.4080090757141333,0.3140041,1.0366541,0.33606017,-0.3896779,0.072907165,0.3484902,0.0297733,0.03749567,0.054917637,0.06054821,0.13003606,0.30327183,0.3362117,0.35391676,0.3714207,0.3976632,0.30741945,0.1735391
2021-09-16,0.55296445,0.4035808825930801,0.31051135,1.024208,0.33327922,-0.3928915,0.06745082,0.34065706,0.030320596,0.03812049,0.055894267,0.06194353,0.12965707,0.30075336,0.33315822,0.35092497,0.3681637,0.39408335,0.3058326,0.17312007
2021-09-17,0.54973847,0.3987905836900238,0.3073528,1.0117507,0.330503,-0.3960546,0.06393944,0.33590642,0.030752752,0.03855729,0.056505524,0.06292691,0.12927811,0.29758877,0.3294812,0.3473288,0.3642846,0.38965225,0.30362824,0.17224237
2021-09-18,0.5465125,0.39365698271767974,0.30451113,0.99929345,0.32772675,-0.40015423,0.061005708,0.33208665,0.03118491,0.038994096,0.057116777,0.06391029,0.12889913,0.29381168,0.3252131,0.34315968,0.35981578,0.3844141,0.3008384,0.17092986
2021-09-19,0.5432865,0.3882042558781104,0.30196396,0.98683614,0.32495055,-0.40512443,0.05860895,0.32913217,0.031617068,0.039430898,0.057728034,0.06489367,0.12852016,0.2894652,0.3203955,0.3384579,0.35479873,0.37842578,0.2975044,0.16921316
2021-09-20,0.5400605,0.3824619518627255,0.29968402,0.9743789,0.3221743,-0.41088456,0.05669944,0.32696286,0.032049224,0.039867703,0.058339287,0.06587705,0.1281412,0.28460202,0.31507927,0.33327284,0.34928423,0.3717567,0.29367656,0.16712967
2021-09-21,0.53683454,0.3764649918522821,0.29763913,0.96192163,0.31939808,-0.4173394,0.05521842,0.32548407,0.03248138,0.040304504,0.058950543,0.06686044,0.12776221,0.27928448,0.3093246,0.32766277,0.34333223,0.36448896,0.2894144,0.16472362
2021-09-22,0.5340018,0.3701556115937642,0.2958898,0.9500506,0.31679764,-0.42421922,0.055294175,0.32593215,0.03299095,0.040665314,0.05947107,0.06773751,0.12714224,0.27316377,0.30270034,0.32136253,0.33652586,0.35612088,0.28392783,0.16148388
2021-09-23,0.53142184,0.3636144979334521,0.29435897,0.9385564,0.3143102,-0.43145648,0.056422688,0.32770267,0.03355029,0.04097727,0.05993327,0.06854625,0.12636732,0.2664716,0.29546395,0.314567,0.32911712,0.34697282,0.27760145,0.15766907
2021-09-24,0.52840227,0.35704563571586523,0.2929397,0.9260549,0.31156567,-0.43917033,0.056848705,0.32879946,0.03422689,0.041485522,0.06059527,0.069551684,0.12592247,0.25990438,0.28842527,0.30777633,0.32190043,0.3379703,0.27171093,0.15411833
2021-09-25,0.5250226,0.35049264749474635,0.29155958,0.9127903,0.30862123,-0.4471828,0.05656322,0.329159,0.034963615,0.042134933,0.061403587,0.070704505,0.12573728,0.25352606,0.28163713,0.3010783,0.3149277,0.32921267,0.26629442,0.15086637
2021-09-26,0.5213582,0.3440050771507607,0.29014304,0.89899206,0.3055307,-0.4553024,0.05554633,0.32870156,0.03570754,0.04287392,0.06230812,0.07195847,0.12574542,0.24741128,0.27516288,0.29456893,0.3082615,0.32081223,0.26140025,0.1479553
2021-09-27,0.51789254,0.3371755113188323,0.28824666,0.8864305,0.30276644,-0.46388865,0.0536043,0.32698736,0.03605078,0.04341402,0.06295578,0.07290809,0.12529004,0.24086152,0.2682606,0.2876134,0.30108878,0.3120073,0.2564149,0.14510626
2021-09-28,0.5145455,0.33023065030942234,0.28591853,0.8747498,0.30022496,-0.4725213,0.05075361,0.32402715,0.036077082,0.0437966,0.06341265,0.07364257,0.12452518,0.2342527,0.26130626,0.28058833,0.29381004,0.3032527,0.2516472,0.1424935
2021-09-29,0.5109768,0.3238398844233943,0.28361896,0.86229366,0.2974519,-0.48029745,0.04727297,0.32026175,0.03615143,0.04423896,0.064014286,0.07457678,0.12410077,0.22862984,0.25535437,0.2745984,0.2875748,0.2957445,0.24801089,0.14058049
2021-09-30,0.5072133,0.3177574974962776,0.2814983,0.8492258,0.29448572,-0.48779228,0.04355719,0.31630751,0.036246188,0.044714026,0.06472069,0.07566971,0.12396872,0.22357187,0.24999733,0.26923376,0.2819721,0.28894314,0.24507007,0.13905492
2021-10-01,0.5032815,0.31195608297904087,0.27950886,0.83570087,0.29136288,-0.4949892,0.039635018,0.31219056,0.036336116,0.04519674,0.06549448,0.07688267,0.12408288,0.21904543,0.24520122,0.2644479,0.276964,0.28281865,0.24276035,0.13788041
2021-10-02,0.49944997,0.30601212232443603,0.2773362,0.82292926,0.28842574,-0.5021934,0.035536427,0.30817634,0.03628243,0.045435414,0.06607435,0.07791075,0.1240488,0.21461888,0.240503,0.2596457,0.27202863,0.27684927,0.24045369,0.136623
2021-10-03,0.49565732,0.30004011727437174,0.2750355,0.8106668,0.28559756,-0.5092807,0.03129197,0.30420813,0.036106095,0.045490675,0.06650893,0.0788157,0.12394908,0.21039751,0.23601784,0.25497493,0.26729694,0.27117345,0.23828605,0.13538755
2021-10-04,0.49175265,0.29434040792062655,0.27278808,0.7978006,0.28255576,-0.51651233,0.026341688,0.29930276,0.035782624,0.04551878,0.066914275,0.07975366,0.12399702,0.2065917,0.23196608,0.2507937,0.26302516,0.26604903,0.23691638,0.1346993
2021-10-05,0.4877192,0.28893855670160024,0.27059582,0.7844372,0.27932504,-0.52365214,0.020929277,0.2937508,0.03534814,0.045537673,0.06730784,0.08074243,0.124212585,0.2032426,0.22839628,0.24714108,0.25926763,0.26153618,0.2362602,0.1344892
2021-10-06,0.48354322,0.2838553646800799,0.26846027,0.7706783,0.2759297,-0.5304842,0.015284822,0.28782693,0.03483718,0.045564126,0.06770581,0.08179793,0.124612406,0.20038292,0.2253476,0.24404742,0.25606856,0.25768316,0.23623201,0.13468862
2021-10-07,0.47909188,0.27932238902234396,0.2663935,0.75699013,0.27250916,-0.53561085,0.010762522,0.28294694,0.034470104,0.045832675,0.06825258,0.08302673,0.12530874,0.198177,0.22305527,0.24166624,0.2536945,0.25482416,0.23629943,0.13494222
2021-10-08,0.4744013,0.2752739375117039,0.26439273,0.7433332,0.2690457,-0.53928584,0.0071589095,0.27894026,0.03421141,0.04627956,0.06891554,0.08440789,0.12627609,0.1965907,0.22146621,0.23996344,0.25208646,0.2528775,0.23653401,0.13528502
2021-10-09,0.46957105,0.27165449049692514,0.26267007,0.72914594,0.26536024,-0.54227656,0.0039207847,0.27541792,0.03396947,0.04672571,0.06969082,0.08602434,0.12763828,0.19574969,0.22067527,0.2391825,0.25136188,0.2518424,0.237472,0.13598366
2021-10-10,0.46461487,0.2683960119101191,0.26114613,0.7145856,0.26149845,-0.54463124,0.0010035605,0.2723168,0.033736017,0.0471585,0.070540085,0.08781892,0.12931429,0.19555105,0.22056623,0.23917738,0.25138828,0.2515978,0.23899059,0.13697486
2021-10-11,0.45954803,0.26543124970453086,0.25974673,0.69980097,0.2575045,-0.5464015,-0.0016319044,0.26958048,0.033504374,0.047566563,0.071427576,0.08973746,0.13122585,0.195891,0.22102225,0.23980358,0.2520332,0.25202012,0.24096677,0.13819467
2021-10-12,0.45469466,0.2624897838467109,0.2584051,0.6860643,0.2537802,-0.549201,-0.0050391033,0.26661244,0.03305106,0.04766196,0.072087705,0.09156972,0.13317563,0.19662134,0.22189048,0.24069977,0.2531488,0.25308272,0.2435578,0.1396226
2021-10-13,0.44996372,0.25957877033496674,0.257057,0.6731028,0.2502382,-0.5525319,-0.008882077,0.26356527,0.032450575,0.047535118,0.07257287,0.09332415,0.13513441,0.19765198,0.22306551,0.24180253,0.2546083,0.2546219,0.24653982,0.14117746
2021-10-14,0.44627932,0.2579783794724743,0.2562385,0.66150725,0.24728474,-0.5600797,-0.015656615,0.25823373,0.029062875,0.044386964,0.07006597,0.092209116,0.13426647,0.19620739,0.2219506,0.24066722,0.2539599,0.25407478,0.24997355,0.14302164
2021-10-15,0.44320956,0.25723112635565504,0.25568354,0.65074193,0.24467325,-0.5699511,-0.024061793,0.25159687,0.023923023,0.03932678,0.06563683,0.089230746,0.1315444,0.19315179,0.21932662,0.23807178,0.25190645,0.25213462,0.2535491,0.14498782
2021-10-16,0.4403566,0.25690674610512726,0.25514624,0.6403111,0.24217641,-0.58039653,-0.032885626,0.24456939,0.01799553,0.033387225,0.060281523,0.08532524,0.12787145,0.18928136,0.21591161,0.23473176,0.24909326,0.24943565,0.25697002,0.14691506
2021-10-17,0.4373566,0.25660219386570604,0.25440058,0.6297592,0.23958614,-0.5898103,-0.041005068,0.2380013,0.012174357,0.027524378,0.054922402,0.08135888,0.12408156,0.18532418,0.21236089,0.23130031,0.24610803,0.24655305,0.25995332,0.14864878
2021-10-18,0.43387964,0.25594164480640336,0.25324062,0.6186706,0.23671363,-0.5967306,-0.047386,0.23267807,0.0072829053,0.022617701,0.050408054,0.078128,0.12093923,0.18194026,0.20926687,0.2283682,0.2434809,0.24400292,0.2622295,0.15004078
2021-10-19,0.42962983,0.2545764941204282,0.2514804,0.60666996,0.2333893,-0.59983945,-0.05108326,0.22932065,0.0040740245,0.019470062,0.047513336,0.07635904,0.119139686,0.17972156,0.20715924,0.22646375,0.24168444,0.2422424,0.26354247,0.15094918
2021-10-20,0.4243453,0.25218535702518613,0.24895403,0.5934218,0.22946283,-0.597963,-0.0512406,0.22858538,0.0032300083,0.018807726,0.046939358,0.076708496,0.119308755,0.17919192,0.20650484,0.22605294,0.24113362,0.24166952,0.2636497,0.15123852
2021-10-21,0.41779816,0.24847406876227976,0.24551556,0.5786309,0.22480312,-0.5900709,-0.04709072,0.23106407,0.005362598,0.021280356,0.049313482,0.07976295,0.12200293,0.18080713,0.20770772,0.22753932,0.24218582,0.2426233,0.26232198,0.15077968
2021-10-22,0.4097945,0.24317568459750852,0.24103907,0.5620421,0.21929835,-0.57527703,-0.03795526,0.23728395,0.01101298,0.027461011,0.05518933,0.086039044,0.12770933,0.1849549,0.21110912,0.23126407,0.24514088,0.24538374,0.25934365,0.14944987
2021-10-23,0.39963105,0.23618597365059857,0.23528361,0.54263026,0.21261305,-0.5530598,-0.0248975,0.24584836,0.020544816,0.03795116,0.06517214,0.09613041,0.13717875,0.19253622,0.21767896,0.23796527,0.25091276,0.25099587,0.25569934,0.14790955
2021-10-24,0.38481727,0.22514000815640695,0.22679098,0.5168708,0.20327818,-0.5142244,-0.002178499,0.260734,0.039146725,0.05839527,0.084728144,0.11524482,0.15552704,0.20822291,0.23170759,0.25187504,0.2634033,0.26339832,0.25036892,0.14568491
2021-10-25,0.36665532,0.2105114412552707,0.2159669,0.48713064,0.19206749,-0.46119478,0.029810429,0.28216982,0.065264605,0.08701063,0.11211984,0.14170769,0.18091004,0.23021905,0.25141314,0.27148414,0.280939,0.28084973,0.24272104,0.14231423
2021-10-26,0.3458694,0.1928669411012032,0.2031752,0.4545655,0.17943299,-0.3965297,0.06946021,0.30901307,0.09748154,0.12228219,0.1458843,0.17411907,0.21193011,0.25722966,0.27560055,0.29562154,0.30241916,0.3022437,0.23301066,0.13791448
2021-10-27,0.32316762,0.17274585013322064,0.1887652,0.42030954,0.16581668,-0.3227173,0.11521571,0.34015968,0.13442458,0.16274267,0.1846052,0.21112397,0.24723122,0.2879952,0.303106,0.3231501,0.32677057,0.32650164,0.22147612,0.13259384
2021-10-28,0.29867232,0.15129977837402245,0.17357542,0.38332534,0.15106763,-0.24139501,0.16580085,0.37501934,0.17526104,0.20730478,0.22733611,0.25191292,0.28632045,0.32237482,0.33392426,0.35398796,0.35417268,0.35379797,0.20926777,0.1269054
2021-10-29,0.27289176,0.12920153250871286,0.15807423,0.34407127,0.13543636,-0.1546804,0.21983454,0.41270506,0.2188518,0.25469452,0.27287847,0.29536802,0.3281666,0.3594985,0.36728537,0.38736612,0.3839679,0.38346997,0.1968637,0.12107309
2021-10-30,0.2466755,0.1064887256072206,0.14213821,0.3047747,0.11964739,-0.06527403,0.2756107,0.45174873,0.26371565,0.30344516,0.31970963,0.33996722,0.37109497,0.3976148,0.40152004,0.42154798,0.41449785,0.41386783,0.18389744,0.114919566
2021-10-31,0.22058731,0.08362017692765611,0.12605219,0.26631188,0.104055844,0.02467916,0.33175147,0.4911727,0.30870292,0.35231766,0.3666281,0.38456562,0.41398108,0.4356879,0.43568134,0.45556882,0.44489503,0.44412306,0.17059845,0.108549446
2021-11-01,0.19517116,0.061027742302765954,0.11008494,0.22953175,0.08900522,0.1131068,0.38693017,0.5300354,0.35270974,0.40012226,0.41247976,0.4280642,0.45574424,0.47272012,0.4688567,0.48849776,0.47432277,0.47339836,0.15718096,0.102059454
2021-11-02,0.17061555,0.039663908929082524,0.09486216,0.19378409,0.07440256,0.19844972,0.43987072,0.5671018,0.39483824,0.44603437,0.45647076,0.46978042,0.4958313,0.5083001,0.5007583,0.52019495,0.50264144,0.50156283,0.14462236,0.09608737
2021-11-03,0.14732622,0.02006766307955116,0.0807303,0.15943015,0.060443237,0.27891028,0.48934856,0.60140514,0.4341232,0.4890558,0.49763384,0.50881577,0.5333915,0.5416676,0.5307159,0.55002004,0.5292719,0.52803993,0.1333354,0.09087558
2021-11-04,0.125814,0.0024907723719216333,0.067847066,0.12800168,0.04765106,0.35328892,0.5350074,0.6332988,0.46971014,0.52810615,0.53495735,0.5441875,0.5674364,0.5719494,0.55794173,0.5770696,0.5534859,0.55211055,0.122989215,0.08607355
2021-11-05,0.10647162,-0.012641598228002787,0.056487426,0.10011268,0.03628529,0.4201011,0.5759652,0.66225547,0.5007494,0.5622567,0.5675514,0.57506156,0.5971643,0.59843385,0.5818076,0.6007067,0.574733,0.5732297,0.11377559,0.081752494
2021-11-06,0.09123782,-0.0233156838562205,0.0478992,0.07846863,0.027520578,0.47125813,0.60692215,0.68467695,0.52409005,0.58828044,0.59246933,0.59882295,0.62012905,0.6190492,0.6005378,0.61918044,0.59154683,0.5899048,0.10702341,0.07861525
2021-11-07,0.08006683,-0.030023366655912508,0.041965492,0.062351517,0.02109911,0.5061846,0.6271567,0.6996589,0.5395626,0.60589075,0.60949767,0.61526334,0.63609487,0.63348204,0.6137287,0.63216835,0.60347545,0.6016121,0.10310002,0.07688384
2021-11-08,0.07280894,-0.033028664775209965,0.038591534,0.051423814,0.016885577,0.52540207,0.6370122,0.70740163,0.547172,0.6150092,0.61854845,0.62426955,0.6449296,0.6415657,0.6211899,0.63948995,0.6103094,0.6081336,0.10195177,0.07650714
2021-11-09,0.06924516,-0.03259655028408461,0.037397176,0.04608697,0.014978092,0.53005034,0.63726246,0.70837206,0.5469925,0.61571157,0.6194928,0.625588,0.6462986,0.642913,0.62252814,0.6405838,0.61159945,0.6091416,0.10289119,0.077118985
2021-11-10,0.06923652,-0.02897026019224129,0.038223233,0.046240214,0.01532202,0.52065396,0.62825334,0.70275956,0.5390276,0.6079464,0.6122242,0.6190685,0.6400184,0.63730437,0.6175062,0.63517475,0.6070825,0.60439986,0.1057205,0.07859971
2021-11-11,0.07266075,-0.022380922077890913,0.04091668,0.05180713,0.01787381,0.4976457,0.6102668,0.6907067,0.5232694,0.5916543,0.59663165,0.6045608,0.6259069,0.62452304,0.6058909,0.6229907,0.59650105,0.5936782,0.11025497,0.0808379
2021-11-12,0.07898794,-0.012765738628658064,0.045327846,0.061171275,0.022104437,0.4635198,0.5849302,0.67306536,0.5000008,0.567152,0.57292056,0.58213425,0.60395163,0.60441524,0.5875018,0.6040647,0.5796247,0.57661533,0.11593521,0.08366932
2021-11-13,0.08800438,-0.0002487316600325917,0.051315185,0.07384482,0.027846461,0.41915852,0.55281234,0.6501071,0.46927986,0.53447735,0.5410654,0.5517033,0.57402223,0.5767876,0.5621277,0.5782198,0.5562133,0.552953,0.122488536,0.08698112
2021-11-14,0.09811557,0.01329833466150698,0.057921216,0.088169746,0.03426263,0.3711135,0.518329,0.6253191,0.43490478,0.49765208,0.5050023,0.5170537,0.53987044,0.5451588,0.5330026,0.5485724,0.52924484,0.52575153,0.12926435,0.090331584
2021-11-15,0.10871726,0.027266623330116348,0.064774826,0.10330801,0.040992305,0.32184312,0.4831145,0.5998622,0.3980236,0.45788413,0.46587306,0.4792452,0.50251484,0.510434,0.50093675,0.5159291,0.49943587,0.4957349,0.13588932,0.09352337
2021-11-16,0.117670864,0.03904671330708741,0.070335664,0.116724215,0.04690079,0.27816027,0.45110938,0.57664526,0.35242763,0.4083598,0.41632783,0.43007946,0.4532005,0.46358347,0.45681906,0.4708154,0.457436,0.4535504,0.13989855,0.09459959
2021-11-17,0.124883235,0.04871049210818496,0.07463005,0.12812918,0.051880915,0.24108233,0.42319626,0.5562627,0.3020357,0.35331684,0.36071023,0.37409425,0.39660937,0.40922576,0.40515882,0.41786754,0.40770584,0.40366867,0.14166404,0.0939941
2021-11-18,0.13084735,0.053434392995975695,0.07826542,0.13772044,0.05607699,0.21245655,0.40174386,0.5404079,0.25842148,0.3048417,0.31149402,0.3246217,0.3466502,0.3612203,0.35965753,0.37115878,0.363984,0.3598138,0.14218274,0.092836395
2021-11-19,0.13513567,0.054175306963683556,0.08097299,0.14488049,0.059224673,0.19336823,0.38730833,0.529441,0.22248262,0.26406434,0.26979125,0.28268865,0.3043109,0.3204696,0.32111734,0.33151242,0.32697824,0.32271075,0.14148034,0.09121247
2021-11-20,0.13728333,0.05175711708948141,0.08246206,0.14893991,0.06103795,0.18507372,0.38056692,0.52381444,0.19518644,0.23218189,0.23677854,0.24938533,0.27064148,0.28793168,0.29039127,0.29980102,0.29744306,0.29313007,0.13954699,0.08918432
2021-11-21,0.13678816,0.046870698536491076,0.08242,0.14917733,0.061209127,0.1890006,0.38231796,0.5240734,0.17756987,0.21045874,0.21369705,0.22586548,0.24675427,0.2646203,0.26838326,0.27694654,0.2761798,0.27188772,0.1363373,0.08678995
2021-11-22,0.13311069,0.040073918552783264,0.08051231,0.14481945,0.059408832,0.20674756,0.39348087,0.5308555,0.17073952,0.20022647,0.20185255,0.21334633,0.23382378,0.25160474,0.25604814,0.2639202,0.26403648,0.2598452,0.13177039,0.084043324
2021-11-23,0.12603785,0.04546843470070308,0.07675384,0.13534597,0.055443954,0.23716262,0.41240457,0.5425386,0.17457509,0.20213912,0.20188473,0.2123658,0.23233096,0.24940218,0.25389344,0.2615175,0.26150095,0.25758696,0.12702283,0.08204242
2021-11-24,0.11787214,0.06149075378285154,0.07247503,0.12406968,0.050715134,0.27126226,0.43330193,0.5550852,0.18412542,0.21075217,0.20854849,0.21791776,0.23739249,0.25353852,0.25780445,0.2655264,0.26479688,0.26129714,0.12311188,0.081175804
2021-11-25,0.10873723,0.08464296433413152,0.06769376,0.11122451,0.045313615,0.30861014,0.45602408,0.56851596,0.19917838,0.22573584,0.22154473,0.22971112,0.24872303,0.26372492,0.2674811,0.27556372,0.27361754,0.27064472,0.11989981,0.0812577
2021-11-26,0.09878273,0.11168501082747494,0.06244794,0.09707655,0.039345484,0.34865588,0.48033595,0.58278483,0.2194408,0.24668123,0.24049723,0.24738203,0.26596582,0.27960846,0.28256655,0.2911944,0.28760627,0.28524917,0.11727431,0.08212018
2021-11-27,0.08818422,0.13963469367384282,0.056795552,0.08192409,0.03293164,0.3907349,0.5059163,0.5977785,0.24453856,0.27310047,0.2649526,0.27049395,0.28869268,0.3007722,0.30264735,0.31193164,0.30635646,0.30468053,0.115148455,0.08361319
2021-11-28,0.077143215,0.16576766922222522,0.050814644,0.06609763,0.026207827,0.43406844,0.53235775,0.6133168,0.2740165,0.30442655,0.2943803,0.29853758,0.316404,0.3267351,0.32725325,0.33723673,0.3294115,0.3284593,0.11346072,0.08560452
2021-11-29,0.0658872,0.18761744975964106,0.044603303,0.04995988,0.019324604,0.47776362,0.5591665,0.6291524,0.3073385,0.34001353,0.32817268,0.33093092,0.34852877,0.35695222,0.3558573,0.36651915,0.3562649,0.3560565,0.11217498,0.08797985
2021-11-30,0.054669596,0.20297540351113866,0.038279694,0.033905745,0.012447372,0.52081347,0.5857627,0.6449712,0.34388748,0.37913635,0.36564484,0.3670192,0.38442454,0.39081442,0.38787588,0.39913663,0.38636017,0.38689375,0.11128051,0.090642735
2021-12-01,0.043236736,0.20989075463979504,0.03141723,0.018193057,0.0056742444,0.5623854,0.61141855,0.6600744,0.38582975,0.42280987,0.4079488,0.4079957,0.42561498,0.4297306,0.42467207,0.43545923,0.42090043,0.42219996,0.11087785,0.09372281
2021-12-02,0.032084323,0.20667058324671647,0.024375893,0.0033415877,-0.00077040115,0.60114104,0.63540375,0.6741271,0.43136317,0.46950132,0.4535618,0.45237425,0.47051567,0.47222,0.46483323,0.4743609,0.45858303,0.4606346,0.11097638,0.09708499
2021-12-03,0.021890702,0.11522915319335156,0.017703475,-0.010377301,-0.006800981,0.63719565,0.6586121,0.68844575,0.47838685,0.5178888,0.50095946,0.49845788,0.51696354,0.5161486,0.5061681,0.5147853,0.497433,0.50013185,0.11084953,0.09984642
2021-12-04,0.0131165795,-0.03823550347967586,0.011707377,-0.022289045,-0.012113362,0.66843945,0.6795266,0.70192933,0.52518076,0.56628346,0.5485489,0.54477566,0.5635425,0.5602389,0.54752475,0.55552095,0.5363751,0.5396013,0.11083437,0.102193266
2021-12-05,0.0062396736,-0.2291554463842964,0.0067056203,-0.031697854,-0.016394338,0.69269395,0.69658476,0.7134446,0.5700073,0.61296844,0.594708,0.58982676,0.608806,0.6031848,0.587725,0.5953335,0.5743123,0.57793105,0.111276686,0.10431568
2021-12-06,0.0016673574,-0.27323800318890584,0.002946784,-0.03779501,-0.019267932,0.7082688,0.7087478,0.7222887,0.609018,0.6554143,0.6373135,0.6317668,0.65108013,0.6435737,0.6254778,0.63257223,0.60982054,0.61356413,0.11228767,0.106212616
2021-12-07,-0.0022260402,-0.2090276450392071,-0.0005629215,-0.042808983,-0.02170478,0.721899,0.7203538,0.7314152,0.6444364,0.695376,0.67776567,0.67167675,0.6912681,0.6820115,0.6612264,0.6676937,0.6431885,0.6468613,0.112726115,0.10726717
2021-12-08,-0.0051915213,-0.1572821931967149,-0.0035100568,-0.046644412,-0.023637425,0.7325544,0.730193,0.7398208,0.67650443,0.73171896,0.71455383,0.70808685,0.7277673,0.7169875,0.6936432,0.6997644,0.6734301,0.67693913,0.11301769,0.10781851
2021-12-09,-0.0074504465,-0.11956634951182207,-0.0060547274,-0.049545974,-0.025176704,0.7409178,0.7386863,0.74776435,0.70493615,0.7640642,0.7472833,0.74052167,0.7600938,0.7479667,0.7221918,0.72815794,0.6999789,0.70324445,0.11296407,0.107738286
2021-12-10,-0.009239875,-0.09726171172579973,-0.008364351,-0.05178149,-0.026442911,0.7477531,0.7463049,0.7555392,0.729444,0.79202974,0.77555025,0.7684953,0.78775054,0.77440065,0.7463221,0.7522377,0.7222549,0.72521055,0.11235211,0.10688978
2021-12-11,-0.01081256,-0.09156677347079725,-0.010613655,-0.053641967,-0.027565809,0.75390476,0.7535711,0.76347244,0.7497385,0.8152304,0.7989418,0.7915114,0.81022656,0.7957273,0.76547056,0.7713569,0.73966455,0.7422569,0.1109539,0.10512786
2021-12-12,-0.012436956,-0.10349692426984249,-0.012984684,-0.055441573,-0.028684616,0.76029855,0.7610576,0.7719256,0.76552844,0.8332778,0.8170361,0.80906296,0.82699776,0.8113712,0.7790601,0.78485864,0.7516009,0.75378925,0.10852671,0.10229906
2021-12-13,-0.014397213,-0.1338844495368419,-0.01566679,-0.057517637,-0.029948015,0.7679408,0.76938814,0.7812942,0.7765206,0.84578043,0.829402,0.82063246,0.8375262,0.8207433,0.78650016,0.79207605,0.7574434,0.7591995,0.10481304,0.09824146
2021-12-14,-0.016993178,-0.18337853057658002,-0.01885664,-0.060230665,-0.03151415,0.77791893,0.77923685,0.7920079,0.78242016,0.8523437,0.8355996,0.8256919,0.84126073,0.82324123,0.78718644,0.79233193,0.756558,0.7578659,0.0995406,0.092784815
2021-12-15,-0.020540398,-0.2524452445847198,-0.022758212,-0.06396432,-0.033550624,0.79140115,0.7913289,0.8045306,0.7829303,0.85256976,0.83517957,0.8237028,0.8376364,0.818249,0.7805013,0.78493917,0.7482971,0.74915296,0.092422284,0.08575046
2021-12-16,-0.02566952,-0.318838861996137,-0.027850363,-0.06915747,-0.03624725,0.80905175,0.8056057,0.8186477,0.77615285,0.844605,0.8264413,0.81281507,0.8250789,0.80392915,0.7649524,0.76769054,0.7310496,0.731535,0.083436444,0.077183925
2021-12-17,-0.030522065,-0.3879606592973779,-0.032652352,-0.073916905,-0.03872991,0.8264597,0.8200473,0.832764,0.77260816,0.8397449,0.8211936,0.80582684,0.8169584,0.7938948,0.7540027,0.7547162,0.7184774,0.7186724,0.07505534,0.06923967
2021-12-18,-0.034975763,-0.5187417691732207,-0.03711812,-0.07836152,-0.041081935,0.8453259,0.8369235,0.84815013,0.77804285,0.8438474,0.82531875,0.8086911,0.8186733,0.79362124,0.7524822,0.7516486,0.71526045,0.7147373,0.06720083,0.061908785
2021-12-19,-0.039462574,-0.6943929469195919,-0.04164944,-0.082872495,-0.043490164,0.86387384,0.85377604,0.8630396,0.78420323,0.8485228,0.8300982,0.8120598,0.82057613,0.79351604,0.7509303,0.7487994,0.71194446,0.71047866,0.059585515,0.054805297
2021-12-20,-0.043782383,-0.9013894023640223,-0.046037473,-0.08728388,-0.04586422,0.8809919,0.869536,0.8766756,0.7906237,0.85338444,0.83511066,0.81555986,0.8224296,0.79341644,0.7492673,0.7461158,0.70854187,0.7060785,0.05261377,0.048292644
2021-12-21,-0.04774219,-1.1266385947815845,-0.050081026,-0.09143486,-0.04811654,0.89555746,0.8831243,0.88827866,0.7968505,0.85807115,0.8399633,0.81884146,0.8240104,0.79317176,0.7474219,0.7435562,0.70506775,0.70171154,0.046704493,0.042745892
2021-12-22,-0.05115613,-1.3574802328948947,-0.053586558,-0.095169745,-0.050162397,0.9064373,0.893452,0.8970469,0.80244124,0.86224705,0.8442916,0.8215781,0.82510966,0.7926436,0.7453315,0.7410898,0.7015397,0.69754505,0.04229113,0.038551703
2021-12-23,-0.05384544,-1.5816862748741127,-0.05636818,-0.09833796,-0.051919892,0.9124874,0.89941984,0.9021559,0.8069652,0.86560136,0.84775925,0.82346684,0.82553273,0.7917057,0.742942,0.73869693,0.6979778,0.693739,0.039821655,0.036108382
2021-12-24,-0.056141097,-1.806359164313916,-0.05876072,-0.1012154,-0.053528193,0.91659033,0.9036376,0.9060088,0.8117947,0.8688779,0.85106766,0.82525444,0.8261432,0.7910838,0.7408962,0.73667955,0.6949669,0.6908918,0.03797192,0.034294825
2021-12-25,-0.058026407,-2.02569366297866,-0.0607445,-0.10378564,-0.054975234,0.9187681,0.9060797,0.9086921,0.8170491,0.87211925,0.85423404,0.8269865,0.827082,0.790923,0.73935974,0.7351312,0.6926976,0.68927974,0.036693484,0.03308227
2021-12-26,-0.05950077,-2.2346536490317046,-0.06231664,-0.10604493,-0.056255683,0.9191038,0.90677685,0.9103278,0.8228912,0.87541175,0.8573219,0.8287503,0.8285226,0.79139566,0.7385188,0.73416203,0.6913728,0.6891798,0.035920583,0.032426275
2021-12-27,-0.060579643,-2.4289721170354146,-0.06349107,-0.10800214,-0.057370923,0.91774184,0.9058159,0.9110731,0.8295273,0.8788852,0.860441,0.83067495,0.83067167,0.79270136,0.7385806,0.73389864,0.6912081,0.6908695,0.035570137,0.032266732
2021-12-28,-0.06055475,-2.599977311093557,-0.06349955,-0.109616645,-0.05829398,0.911745,0.9002495,0.91112065,0.8351882,0.87970096,0.8602718,0.82964504,0.831738,0.79324603,0.73890823,0.7325125,0.69126904,0.6954807,0.035541758,0.032527864
2021-12-29,-0.05973794,-2.7467882681585065,-0.06267494,-0.11094477,-0.0590522,0.9025025,0.89138067,0.91069865,0.8408884,0.8791519,0.85825783,0.82704645,0.83271885,0.7939338,0.74005944,0.7308674,0.69221145,0.7029872,0.035717737,0.033118214
2021-12-30,-0.05843893,-2.8691657064373643,-0.061347216,-0.11205397,-0.059678778,0.8913874,0.8804923,0.9100707,0.8476359,0.8785004,0.8558034,0.82422596,0.8345945,0.7956513,0.7425914,0.72979486,0.69467497,0.71338433,0.035963047,0.03393066
2021-12-31,-0.05742973,-2.9721695657226475,-0.060354274,-0.112677485,-0.060023196,0.8814445,0.8704474,0.9085008,0.85893893,0.88150275,0.85734874,0.82559115,0.8405007,0.8013443,0.7470607,0.73232126,0.7011967,0.72706693,0.036542818,0.035387106
2022-01-01,-0.056113336,-3.0551805194699555,-0.059057474,-0.11279439,-0.06008461,0.8730129,0.862003,0.90713155,0.8709401,0.88594526,0.86047655,0.8286489,0.84751546,0.80824524,0.7512554,0.7369483,0.7092003,0.7413729,0.037019625,0.036866795
2022-01-02,-0.054271273,-2.932879414034924,-0.057216555,-0.11278472,-0.060068663,0.8673848,0.85659873,0.90774477,0.8821111,0.89154905,0.8645078,0.8325056,0.8546687,0.81536406,0.7558333,0.74319893,0.71747375,0.75508946,0.03667848,0.037491404
2022-01-03,-0.052120376,-2.5664802274983045,-0.05505822,-0.1123284,-0.05980075,0.86283714,0.85234857,0.90848076,0.89201313,0.8975083,0.86893755,0.83693564,0.86211044,0.8229675,0.7612248,0.75051486,0.72629905,0.7685188,0.036331054,0.03806237
2022-01-04,-0.049704306,-1.9881481741825295,-0.052623764,-0.11137917,-0.059256386,0.85920316,0.849075,0.90920454,0.8998986,0.9032464,0.87327355,0.841515,0.8694171,0.83067244,0.7670805,0.75842613,0.7352839,0.7812351,0.03602646,0.0386107
2022-01-05,-0.047248,-1.5528065037909382,-0.050141428,-0.109813616,-0.05837376,0.8563731,0.84663737,0.9099045,0.9036306,0.9075371,0.87647605,0.84538496,0.8758368,0.83780307,0.77281296,0.76576155,0.7436404,0.79229826,0.035751246,0.039058566
2022-01-06,-0.044601753,-1.3868711220657075,-0.047466334,-0.10773355,-0.057212405,0.85338056,0.84405035,0.9097581,0.9058011,0.91108143,0.878864,0.84867847,0.8813088,0.8441673,0.7782577,0.77282846,0.7515209,0.8020351,0.035915256,0.039746355
2022-01-07,-0.041614607,-1.2073130153026392,-0.04444373,-0.105257526,-0.055834413,0.84948283,0.84053344,0.90794414,0.90834,0.9142903,0.8807435,0.85154194,0.8857374,0.84956837,0.7832211,0.7799826,0.7589562,0.81061435,0.036875878,0.041062325
2022-01-08,-0.03870825,-0.963789849435679,-0.041504785,-0.10266855,-0.05439188,0.84598255,0.8373418,0.9054723,0.9107019,0.917634,0.88288283,0.85464525,0.8899049,0.8546659,0.78820884,0.7872649,0.7661378,0.81816834,0.038134895,0.0426114
2022-01-09,-0.035980303,-0.6900639017418836,-0.03874835,-0.10002646,-0.052918106,0.84300625,0.8345906,0.90246415,0.9127451,0.92104733,0.88525087,0.8579413,0.89378387,0.85940933,0.7931486,0.79448926,0.7729461,0.8245843,0.039634053,0.04433095
2022-01-10,-0.033655178,-0.705757607861237,-0.036410064,-0.09722212,-0.051353194,0.84071004,0.8324165,0.8988943,0.91534996,0.9245463,0.88802993,0.86171705,0.89813995,0.8645738,0.79883575,0.80157304,0.78010166,0.83041924,0.041323,0.046238452
2022-01-11,-0.031796955,-0.937769830322995,-0.034551986,-0.09439026,-0.04977167,0.8392212,0.8309345,0.89493877,0.918064,0.92806894,0.8911476,0.8658307,0.9026866,0.8698271,0.80489814,0.80829984,0.78719133,0.83533084,0.043138467,0.048243064
2022-01-12,-0.030272327,-1.074931147567171,-0.03303522,-0.09182556,-0.04833734,0.838897,0.83053184,0.8912181,0.9194905,0.931606,0.894392,0.87035435,0.90647304,0.87421167,0.8102221,0.81496006,0.7931011,0.8386719,0.044916864,0.050073612
2022-01-13,-0.029234674,-1.1411081932626619,-0.032013297,-0.089609995,-0.0470952,0.8397953,0.8312352,0.88774294,0.91962665,0.9351127,0.8977871,0.87511307,0.90951926,0.8776796,0.81476045,0.8211684,0.79772323,0.84025747,0.046629075,0.051708713
2022-01-14,-0.028840302,-1.1592459401552433,-0.031642973,-0.087831266,-0.046093408,0.841985,0.8330815,0.884532,0.91849256,0.9385606,0.9013724,0.8799553,0.9118573,0.8801928,0.81847256,0.826557,0.8009556,0.839915,0.04824281,0.053124633
2022-01-15,-0.029499775,-1.203040600957107,-0.032336246,-0.08662375,-0.045405045,0.84539366,0.83591616,0.8814671,0.91546637,0.9419374,0.9052033,0.8840333,0.9133296,0.8814612,0.82110023,0.82971346,0.80233335,0.83674943,0.04974691,0.054297756
2022-01-16,-0.03087176,-1.3062687811456233,-0.033796526,-0.08602779,-0.045059234,0.8509746,0.8410217,0.8796198,0.91306263,0.94725436,0.91106784,0.8892963,0.9154415,0.8832288,0.8238859,0.8327705,0.80320954,0.8320864,0.050706863,0.05487741
2022-01-17,-0.03291607,-1.4810843483263574,-0.0359976,-0.0861217,-0.045101248,0.8591179,0.8488719,0.8793712,0.9122426,0.9551221,0.919558,0.89643,0.91873425,0.88606477,0.8272334,0.83637947,0.8040071,0.8263912,0.05095892,0.054737467
2022-01-18,-0.03527388,-1.6682382149481427,-0.038517173,-0.08649746,-0.04530034,0.8676853,0.85714775,0.87951094,0.91055584,0.9627575,0.92790526,0.9029816,0.9214724,0.8882723,0.8299889,0.8389506,0.80387646,0.8195412,0.051025182,0.05435639
2022-01-19,-0.03781425,-1.8604288487831568,-0.041217346,-0.087100536,-0.045626383,0.87636006,0.86554563,0.8799898,0.90803903,0.96986175,0.93579245,0.90877765,0.9235819,0.8898105,0.8321363,0.84052485,0.8028999,0.8118561,0.050927456,0.053772185
2022-01-20,-0.040402263,-2.0499717533293134,-0.04395593,-0.087873556,-0.046047665,0.88480175,0.87373775,0.8807521,0.9047134,0.9761267,0.94288796,0.91362566,0.9249795,0.89063066,0.83365333,0.84113115,0.8011567,0.8036605,0.050690472,0.053025767
2022-01-21,-0.042899035,-2.228799467810261,-0.046586446,-0.08875637,-0.04653088,0.892646,0.88137174,0.88173544,0.90058476,0.9812346,0.9488458,0.9173141,0.92557263,0.8906761,0.83451223,0.84078664,0.7987227,0.79528457,0.050341897,0.05216094
2022-01-22,-0.04517226,-2.3854536647093103,-0.048976257,-0.08950684,-0.04694248,0.89978945,0.8884535,0.88320327,0.89619005,0.98484,0.9533088,0.91976,0.925341,0.8898629,0.834517,0.8395955,0.7955659,0.78709865,0.04976194,0.051094405
2022-01-23,-0.04707133,-2.5121752055823237,-0.050963826,-0.090123184,-0.047281213,0.90571845,0.8944453,0.88496137,0.891309,0.9866131,0.9559013,0.92066073,0.92414445,0.8881256,0.83368605,0.83751553,0.79179317,0.77943057,0.049037814,0.049922198
2022-01-24,-0.04844193,-2.6007479014432584,-0.05238376,-0.09059636,-0.04754182,0.90990263,0.8987941,0.88681704,0.88571954,0.98621446,0.9562333,0.9196984,0.92183536,0.88539016,0.8320278,0.8344953,0.7875057,0.77261406,0.048255935,0.048740063
2022-01-25,-0.048381347,-2.5283367338238367,-0.052260406,-0.09091014,-0.047715012,0.91179466,0.90093213,0.8885793,0.8772742,0.9818062,0.9527245,0.91598326,0.9176757,0.8814351,0.83001965,0.83125204,0.7835887,0.76780325,0.04750195,0.047643438
2022-01-26,-0.04699379,-2.326583476561477,-0.05070869,-0.09104103,-0.047787488,0.9108305,0.90027654,0.89005864,0.8664338,0.9735608,0.9453764,0.9093651,0.91171175,0.8762194,0.82747954,0.8274373,0.77984965,0.7650532,0.046860725,0.046727464
2022-01-27,-0.045095738,-2.203419953269294,-0.04861538,-0.09124464,-0.047898814,0.90598655,0.8956348,0.8905593,0.8561493,0.9636773,0.9358398,0.90072846,0.9051368,0.8704298,0.824422,0.82244325,0.77600676,0.7642347,0.046713933,0.04634609
2022-01-28,-0.043507326,-2.126971012915642,-0.046867836,-0.09146667,-0.04802008,0.9011659,0.8908766,0.8900765,0.8486659,0.9556568,0.9282277,0.89402527,0.9003423,0.8662537,0.8217944,0.8187611,0.7735379,0.76435065,0.0470386,0.046501312
2022-01-29,-0.042323112,-2.0614687903873836,-0.045570023,-0.091592036,-0.048088003,0.89717865,0.88682777,0.88859427,0.8442726,0.9500672,0.92326206,0.88999957,0.897746,0.8641086,0.8197073,0.81696206,0.7727979,0.76525754,0.047818292,0.047201194
2022-01-30,-0.04138038,-1.9042518724741064,-0.044580445,-0.0911659,-0.047852058,0.8951951,0.8848072,0.8863151,0.84211016,0.9465216,0.9208674,0.88872945,0.8969942,0.8637357,0.8175896,0.81704307,0.7734475,0.7661345,0.048920386,0.048427172
2022-01-31,-0.040257413,-1.640027141735891,-0.043421637,-0.09067485,-0.047579464,0.8936816,0.883364,0.8845495,0.8395634,0.9426262,0.91799873,0.88709694,0.8959124,0.8630454,0.8158614,0.81682545,0.7735397,0.76655793,0.049808554,0.049458496
2022-02-01,-0.03899306,-1.2576462762730074,-0.04212348,-0.09026163,-0.047348615,0.8928081,0.88266474,0.88359314,0.8364945,0.9385026,0.91467327,0.8850673,0.8944829,0.8620072,0.81495345,0.8163386,0.7730152,0.76645565,0.05035716,0.05011098
2022-02-02,-0.03783051,-1.0017066892975022,-0.040936567,-0.089748174,-0.04706564,0.89186734,0.8818952,0.882465,0.8334561,0.9340857,0.9111225,0.8830191,0.8930394,0.86096936,0.81404054,0.81564796,0.7723865,0.76627207,0.05092339,0.050825752
2022-02-03,-0.03686211,-0.9354047104763845,-0.039949805,-0.08918535,-0.04675955,0.8907983,0.8809644,0.8811197,0.8304648,0.9294269,0.9074038,0.8810108,0.89163893,0.8599824,0.81320214,0.81476176,0.77171916,0.76604253,0.051512077,0.051588647
2022-02-04,-0.036180038,-1.125991812028456,-0.03925267,-0.08861976,-0.046457008,0.88953954,0.8797818,0.8795092,0.8275212,0.92456573,0.90356517,0.8790917,0.8903281,0.859086,0.81250554,0.8136705,0.77106386,0.76578593,0.052130055,0.052388653
2022-02-05,-0.035621196,-1.190920812150941,-0.038671717,-0.08819668,-0.04623186,0.88794535,0.87820125,0.8774091,0.8265011,0.92040503,0.9003805,0.87788403,0.8895807,0.85870135,0.81232363,0.81330717,0.77099216,0.7662059,0.05287384,0.05336873
2022-02-06,-0.035949156,-1.0751858845534785,-0.038907506,-0.0889281,-0.04664047,0.88618594,0.87614894,0.87527525,0.8279296,0.9172175,0.8980954,0.87759036,0.88955164,0.8589621,0.81279325,0.8139094,0.77168274,0.7674946,0.05327073,0.053836852
2022-02-07,-0.037030455,-1.067112719237748,-0.039846316,-0.09038991,-0.047453128,0.8845194,0.87398726,0.8734202,0.8303681,0.9145801,0.8963017,0.8779405,0.8901488,0.85987747,0.81394964,0.81508535,0.7730411,0.76946187,0.0532864,0.05376725
2022-02-08,-0.038659804,-1.2028812440909153,-0.041300494,-0.092286736,-0.048507355,0.88289946,0.871739,0.8717239,0.8337947,0.9125669,0.89505917,0.879,0.89145035,0.86153793,0.81588894,0.8168866,0.77515686,0.77218074,0.05305842,0.05335671
2022-02-09,-0.039871726,-1.4999002465156308,-0.042340983,-0.09314737,-0.048999272,0.8799114,0.86823934,0.86816233,0.8399794,0.91148484,0.8946522,0.88134605,0.8944016,0.8650314,0.8200179,0.8203133,0.7794799,0.77725035,0.053772688,0.054189783
2022-02-10,-0.040601466,-1.6087063785292328,-0.04289829,-0.09338101,-0.04915234,0.8759929,0.86393076,0.8635445,0.846839,0.9112105,0.8947671,0.884398,0.89767337,0.86894536,0.8247524,0.82491153,0.7844333,0.783254,0.055148188,0.05581448
2022-02-11,-0.04096304,-1.4796619044419352,-0.04309788,-0.093646675,-0.049318332,0.8727457,0.8604251,0.85998464,0.85164505,0.91183656,0.89535505,0.88770705,0.9001096,0.87191385,0.8284218,0.83003026,0.788425,0.78848135,0.056281235,0.057068408
2022-02-12,-0.04126215,-1.3703857859062467,-0.0432523,-0.093791604,-0.049413063,0.86986256,0.857351,0.85694844,0.855277,0.9131915,0.89648044,0.89080906,0.90232897,0.87451726,0.831712,0.8347513,0.792028,0.79299885,0.057291947,0.058148228
2022-02-13,-0.041599482,-1.2964743289706513,-0.043464754,-0.093820885,-0.049440376,0.86726177,0.8546063,0.85434955,0.85760903,0.9151392,0.8980471,0.8934234,0.90425444,0.87667996,0.83454084,0.8386479,0.7950907,0.79654247,0.05819979,0.059067328
2022-02-14,-0.042294316,-1.2804594813425911,-0.044072337,-0.09380315,-0.04944198,0.8649901,0.8521578,0.8521876,0.8589343,0.9175274,0.90001583,0.8953069,0.9059908,0.87854016,0.8369233,0.84096074,0.79734296,0.79865426,0.058965337,0.05977239
2022-02-15,-0.043022774,-1.2666826596876182,-0.044746406,-0.09366358,-0.049377505,0.8631324,0.8501599,0.8505475,0.8598647,0.9202217,0.90226704,0.8971315,0.90766984,0.88029754,0.83904874,0.84282434,0.7991842,0.8001429,0.059593048,0.06029537
2022-02-16,-0.043711852,-1.2511413953390136,-0.04540992,-0.09336854,-0.049228463,0.8616291,0.8485731,0.8493754,0.86036026,0.9230856,0.904681,0.8988575,0.9092284,0.8818975,0.8408888,0.84431916,0.8006515,0.80109054,0.06010861,0.06066822
2022-02-17,-0.044288065,-1.2298164334082535,-0.045985393,-0.0928847,-0.048976492,0.8604287,0.8473654,0.8486237,0.8603944,0.9259802,0.90713817,0.90045196,0.91061026,0.8832928,0.8424219,0.8455332,0.80178785,0.80158764,0.06053465,0.060920432
2022-02-18,-0.04467747,-1.1986717327850047,-0.04639486,-0.092179015,-0.048603375,0.85948724,0.8465125,0.8482509,0.8599541,0.9287649,0.9095189,0.9018893,0.91176665,0.8844436,0.8436327,0.8465624,0.8026425,0.80173314,0.060890723,0.061079033
2022-02-19,-0.044805635,-1.1536544661371282,-0.046559915,-0.09121874,-0.048091024,0.85876864,0.8459979,0.848222,0.85903966,0.9312965,0.9117037,0.9031511,0.9126557,0.88531756,0.84451264,0.84751016,0.80327076,0.8016342,0.06119331,0.06116857
2022-02-20,-0.044597674,-1.0906950199106762,-0.04640169,-0.08997138,-0.04742148,0.8582448,0.84581274,0.84850806,0.8576648,0.93343,0.91357315,0.90422595,0.9132429,0.8858898,0.8450596,0.8484879,0.8037337,0.8014064,0.06145583,0.06121113
2022-02-21,-0.04364755,-0.993843751098674,-0.045490574,-0.08809149,-0.04640743,0.8572559,0.8453593,0.8484047,0.8559748,0.9357389,0.9156637,0.90569055,0.9139141,0.8865775,0.8459261,0.8507147,0.80505353,0.80215424,0.0620982,0.061666064
2022-02-22,-0.041982945,-0.8673905859005901,-0.04384682,-0.08590659,-0.045228045,0.8556242,0.8443282,0.84767985,0.853213,0.93784237,0.9176177,0.9071362,0.91438884,0.887242,0.8471158,0.85378754,0.8071074,0.8036111,0.063189186,0.06257312
2022-02-23,-0.0396332,-0.7123826499865058,-0.041499287,-0.08356204,-0.043962225,0.85344183,0.8427762,0.84641516,0.84917235,0.9393566,0.91909635,0.90831983,0.91448337,0.88774437,0.8484966,0.85743475,0.8096998,0.80557734,0.06465793,0.063853614
2022-02-24,-0.03684449,-0.5381747645454678,-0.03870876,-0.081441,-0.042817455,0.8513173,0.8412562,0.84523296,0.8435732,0.9394543,0.9192562,0.90852624,0.91363513,0.8875729,0.8493968,0.8605691,0.8118835,0.80709857,0.0661085,0.06509001
2022-02-25,-0.034576792,-0.5000390421655088,-0.0365131,-0.07959679,-0.041822918,0.84912294,0.8396091,0.84397763,0.83889884,0.94000494,0.9196023,0.90849143,0.91263807,0.88695776,0.8492782,0.862211,0.81271565,0.8071943,0.06761141,0.066351876
2022-02-26,-0.033060424,-0.641873193616298,-0.035160027,-0.07808563,-0.041009407,0.84672946,0.837672,0.84248865,0.8357575,0.9414309,0.9204956,0.90841466,0.9117227,0.8860023,0.8480817,0.86215144,0.8120365,0.8056903,0.0692396,0.067711726
2022-02-27,-0.031526074,-0.7622525029190039,-0.03381426,-0.07657108,-0.04019252,0.84461737,0.8360997,0.84130216,0.83129704,0.94133157,0.91999125,0.90704453,0.9095249,0.8838003,0.8454802,0.86054564,0.8098219,0.80269563,0.070657276,0.06888695
2022-02-28,-0.029935678,-0.8376759633606305,-0.032432757,-0.07499883,-0.03934247,0.8428336,0.83496326,0.84045416,0.8251906,0.9393695,0.9178271,0.9041868,0.9058402,0.8801795,0.8413371,0.85727847,0.80594075,0.798106,0.07182133,0.069850616
2022-03-01,-0.028248113,-0.843007310700058,-0.030969162,-0.073310465,-0.03842721,0.841434,0.8343447,0.8399882,0.81709707,0.9351978,0.9137317,0.8996403,0.9004556,0.87496173,0.8355118,0.85223407,0.80025774,0.7918148,0.07268382,0.07057234
2022-03-02,-0.026794374,-0.8456770113206692,-0.029734489,-0.071914755,-0.03767215,0.84005445,0.8337195,0.8396384,0.80833495,0.92988783,0.9086417,0.8942251,0.8942948,0.8689688,0.82884026,0.84616023,0.7936481,0.78464854,0.07336148,0.07106348
2022-03-03,-0.025637563,-0.8449847530288084,-0.028781831,-0.07088362,-0.037117083,0.8386429,0.8330098,0.8393705,0.7990271,0.9234934,0.9026249,0.8880289,0.88746405,0.86230695,0.8214622,0.83919317,0.7862667,0.7767705,0.07384646,0.071300074
2022-03-04,-0.024844404,-0.840274145927162,-0.028167393,-0.07029325,-0.036804177,0.83714837,0.8321373,0.83915174,0.7893122,0.916084,0.89576143,0.88115084,0.88008136,0.85509443,0.81353086,0.83148354,0.7782826,0.7683581,0.07412909,0.07125548
2022-03-05,-0.024485253,-0.8309327224147599,-0.027950492,-0.07022409,-0.036777955,0.8355215,0.8310238,0.8389515,0.7793445,0.907745,0.88814366,0.8737019,0.8722761,0.8474616,0.80521286,0.8231963,0.7698786,0.75960296,0.0741978,0.07090044
2022-03-06,-0.024634087,-0.8163919371869741,-0.02819356,-0.07076088,-0.03708531,0.8337144,0.82959086,0.83874106,0.7692941,0.89857763,0.8798762,0.86580426,0.8641897,0.839551,0.7966883,0.8145109,0.76125187,0.7507106,0.07403919,0.070203036
2022-03-07,-0.02536851,-0.7961271672355192,-0.028962137,-0.0719926,-0.03777548,0.8316804,0.82775974,0.83849365,0.75934654,0.8886988,0.87107605,0.85759205,0.8559747,0.83151734,0.7881508,0.80562085,0.7526132,0.7419008,0.07363801,0.069128715
2022-03-08,-0.026738299,-0.7661850822327089,-0.030243311,-0.07402889,-0.038889308,0.82980114,0.82563096,0.8381429,0.7501261,0.8788065,0.8625748,0.8499707,0.8485062,0.8242279,0.7805777,0.7976785,0.7450903,0.7343128,0.07310777,0.06783675
2022-03-09,-0.027807705,-0.7230596162418302,-0.031188056,-0.07565744,-0.039766356,0.8275259,0.8230166,0.83690596,0.7416988,0.8688474,0.85426307,0.8428258,0.84170663,0.81761163,0.7739144,0.790569,0.7385998,0.7278711,0.073086545,0.06722811
2022-03-10,-0.028372189,-0.6662451016149183,-0.031618983,-0.07659108,-0.040255293,0.824566,0.81976444,0.83454764,0.7341569,0.8587981,0.8460613,0.8360732,0.8355273,0.81162655,0.76813847,0.7842152,0.7330943,0.7225367,0.07371703,0.06749234
2022-03-11,-0.028431945,-0.5968128660886283,-0.031570777,-0.0767549,-0.04032463,0.82181317,0.8167185,0.8318794,0.72737217,0.8483177,0.83754313,0.8294646,0.82980245,0.8058516,0.7627394,0.77786076,0.7278582,0.7175904,0.074732915,0.06843986
2022-03-12,-0.028745001,-0.5425431846956014,-0.031798124,-0.07739185,-0.040655006,0.82047856,0.81503206,0.8309192,0.7190773,0.83723205,0.828501,0.82232946,0.82338625,0.7990634,0.7561238,0.7704329,0.7212744,0.7111984,0.07498848,0.06850068
2022-03-13,-0.029302338,-0.510578503502478,-0.032307755,-0.07856746,-0.041284267,0.820461,0.8147196,0.8318225,0.7087895,0.825624,0.8189744,0.8145285,0.81601095,0.79103667,0.7480038,0.76181537,0.7130815,0.70304435,0.0743772,0.06748644
2022-03-14,-0.030016575,-0.4846788337616046,-0.03301782,-0.07976686,-0.041942943,0.82012236,0.8142327,0.83276343,0.6982774,0.8133796,0.8089163,0.80619663,0.8082488,0.7826069,0.7393964,0.752313,0.70418525,0.6941332,0.07365959,0.06629672
2022-03-15,-0.030870993,-0.46586437572176864,-0.03392335,-0.08091306,-0.042593073,0.8190265,0.813224,0.83341795,0.68767846,0.8005498,0.7983656,0.7972969,0.800086,0.7738515,0.7303756,0.7419272,0.6946422,0.6845047,0.07294547,0.06502177
2022-03-16,-0.031856313,-0.45517319337515955,-0.035026062,-0.08193494,-0.04319963,0.8167771,0.81137455,0.83348626,0.6771463,0.78719693,0.7873741,0.7878097,0.79152757,0.76486176,0.721026,0.7306631,0.684515,0.6742034,0.07233785,0.063747436
2022-03-17,-0.032669127,-0.44561497798737226,-0.036011156,-0.08267905,-0.043677785,0.8128415,0.80830014,0.8325748,0.66625285,0.7734149,0.77592576,0.77766514,0.7823428,0.75544095,0.7113064,0.71897495,0.674036,0.66353947,0.072012894,0.06264624
2022-03-18,-0.033226337,-0.43589698089916595,-0.036798667,-0.083060086,-0.043982852,0.8068513,0.80371124,0.8303974,0.655008,0.7592948,0.76407427,0.76685834,0.7724996,0.745619,0.70128256,0.7070065,0.66332847,0.65264374,0.07208351,0.06182197
2022-03-19,-0.03344692,-0.42460089051965716,-0.037309542,-0.082997054,-0.044072114,0.79847515,0.797345,0.82669,0.6434271,0.74493957,0.7518845,0.7554008,0.7619805,0.7354338,0.69102836,0.6949135,0.6525246,0.6416566,0.072657235,0.061375625
2022-03-20,-0.033251908,-0.4101828323263199,-0.037465658,-0.082413256,-0.043904845,0.78741825,0.7889655,0.8212105,0.6315306,0.73046404,0.73943293,0.74332,0.75078195,0.7249317,0.68062586,0.6828634,0.6417657,0.6307277,0.073836245,0.061405398
2022-03-21,-0.03256441,-0.39097336886498557,-0.037189815,-0.08123631,-0.04344229,0.77342254,0.77836365,0.8137388,0.6193447,0.7159948,0.72680724,0.7306597,0.7389152,0.7141672,0.67016524,0.6710356,0.6312023,0.6200162,0.07571729,0.062006697
2022-03-22,-0.03130959,-0.3651774997498431,-0.03640574,-0.07939814,-0.04264769,0.756267,0.765357,0.80407715,0.60690075,0.7016701,0.7141063,0.7174799,0.7264056,0.70320314,0.65974504,0.659621,0.6209939,0.6096909,0.078391775,0.06327212
2022-03-23,-0.029414687,-0.3308746616634388,-0.035038073,-0.07683497,-0.04148625,0.7357672,0.7497901,0.7920496,0.5942355,0.6876403,0.70144075,0.70385665,0.713293,0.69211054,0.6494717,0.64882267,0.6113091,0.59992963,0.08194572,0.06529147
2022-03-24,-0.027265897,-0.30241104227961896,-0.033496406,-0.073920205,-0.040159386,0.71265906,0.732358,0.7784444,0.5812282,0.67307115,0.688026,0.6890795,0.6990603,0.6803683,0.6385644,0.63733506,0.60100645,0.5895653,0.08589382,0.067544155
2022-03-25,-0.024928968,-0.2824362212185104,-0.03184959,-0.070726,-0.03870516,0.6870915,0.7132012,0.76340705,0.56787866,0.6578435,0.6737286,0.6730209,0.6836082,0.66788745,0.6268827,0.62493765,0.5898846,0.5783962,0.09014487,0.06993568
2022-03-26,-0.022479858,-0.2737664132777405,-0.030176027,-0.06733653,-0.03716779,0.65926623,0.6925016,0.74712163,0.55418885,0.6418322,0.65841025,0.65555507,0.66684127,0.6545765,0.6142782,0.61139446,0.577728,0.5662062,0.09459223,0.07235791
2022-03-27,-0.019692868,-0.267580539861851,-0.028230041,-0.06351522,-0.03541778,0.6287032,0.6697743,0.7290383,0.5402677,0.6255415,0.6426481,0.637235,0.64921343,0.6408817,0.60137695,0.5976261,0.5653894,0.5538508,0.09957771,0.075173266
2022-03-28,-0.016572649,-0.26355634242623976,-0.026011012,-0.05927243,-0.033458762,0.59549296,0.6450758,0.70919156,0.5261529,0.6090212,0.6265061,0.61813784,0.6307979,0.6268657,0.58824515,0.5837107,0.55294293,0.54140395,0.10510017,0.07838876
2022-03-29,-0.013128504,-0.26132778889488223,-0.023521924,-0.054624587,-0.031297307,0.5597659,0.61849153,0.687641,0.5118866,0.59232646,0.6100561,0.5983545,0.611682,0.6125982,0.57495505,0.5697319,0.5404675,0.5289442,0.11115126,0.08200641
2022-03-30,-0.009374388,-0.2604850736603316,-0.020769365,-0.049594227,-0.028942956,0.52169144,0.5901358,0.66447145,0.49751505,0.575518,0.5933782,0.57798994,0.59196687,0.59815603,0.5615851,0.5557792,0.5280469,0.51655465,0.117715456,0.08602325
2022-03-31,-0.0053289044,-0.2629542123156364,-0.017763527,-0.04420996,-0.02640818,0.48147872,0.5601517,0.63979256,0.48423228,0.55978763,0.5776869,0.557163,0.57176757,0.58454084,0.548993,0.5425751,0.5163909,0.50491965,0.12477,0.0904313
2022-04-01,-0.0010153095,-0.2673879969291061,-0.01451821,-0.038506504,-0.023708412,0.4393763,0.52871126,0.6137392,0.47168505,0.5448046,0.562676,0.53600645,0.55121297,0.5715162,0.5369933,0.5299961,0.5053713,0.4939188,0.13228495,0.0952176
2022-04-02,0.0035384912,-0.2724540567453104,-0.011050812,-0.03252466,-0.020862034,0.39567208,0.49601537,0.58647126,0.45955265,0.5302712,0.548075,0.51466703,0.530446,0.5588756,0.525426,0.5179395,0.49487996,0.48345092,0.14022319,0.10036418
2022-04-03,0.00829994,-0.2768348581850796,-0.0073823403,-0.026311312,-0.017890375,0.35069352,0.46229368,0.55817384,0.4475468,0.5159228,0.53364927,0.49330536,0.5096233,0.5464422,0.514156,0.5063239,0.48482904,0.47343427,0.14854035,0.10584806
2022-04-04,0.01323183,-0.27922770484550413,-0.0035374062,-0.019919446,-0.014817718,0.30480745,0.42780483,0.52905697,0.4354118,0.5015279,0.5191998,0.47209597,0.4889156,0.53406906,0.50307363,0.4950888,0.47515085,0.46380642,0.15718493,0.11164129
2022-04-05,0.0182923,-0.27560434730400807,0.00045577556,-0.013408135,-0.0116712935,0.25523737,0.39048672,0.49724954,0.42073902,0.48461074,0.5023253,0.44995382,0.4672449,0.51974076,0.49042687,0.482697,0.4643914,0.45316726,0.16662174,0.118083194
2022-04-06,0.023434844,-0.26567047429446244,0.004565386,-0.0068425382,-0.008481283,0.2035657,0.35149476,0.463764,0.40411815,0.46581936,0.4836977,0.42753622,0.4452605,0.50404775,0.47675186,0.46966517,0.4530257,0.4419777,0.1765979,0.12500285
2022-04-07,0.0286083,-0.24907911443153247,0.0087560015,-0.00029391164,-0.0052808183,0.15133604,0.3119554,0.42958602,0.38611764,0.44577894,0.4639698,0.40548295,0.42359456,0.48756358,0.46256882,0.456494,0.4415142,0.4306847,0.18686613,0.13223352
2022-04-08,0.033713393,-0.23022902343834356,0.012875888,0.0061830636,-0.002120871,0.099463135,0.27271825,0.39573166,0.3667005,0.42431062,0.4428045,0.3833662,0.4018801,0.46987683,0.44731757,0.44236392,0.42905545,0.4184697,0.19700442,0.13934116
2022-04-09,0.038676877,-0.21007920005222766,0.016849263,0.012511619,0.0009551465,0.04923913,0.23477891,0.36314973,0.3462207,0.40176392,0.4205304,0.36148196,0.380426,0.45124236,0.4311735,0.42736027,0.41571417,0.40538344,0.20672381,0.14608756
2022-04-10,0.043420084,-0.18962151564046703,0.020594733,0.0186093,0.0039006076,0.0019067286,0.19909947,0.33276337,0.32500046,0.37845138,0.39743942,0.34009022,0.3595065,0.43188077,0.4142771,0.41152936,0.40151834,0.39144024,0.21573786,0.15223376
2022-04-11,0.04816329,-0.16753802208541982,0.024340203,0.02470698,0.0068460684,-0.04296405,0.16523716,0.30400598,0.3036711,0.35512802,0.37430665,0.31968343,0.3395634,0.41254333,0.39745367,0.395869,0.38743272,0.37760785,0.22434698,0.15809204
2022-04-12,0.0529065,-0.144197308921659,0.028085673,0.03080466,0.009791529,-0.08470685,0.13368392,0.2773185,0.2825916,0.33217365,0.35150352,0.30052823,0.32086092,0.39354825,0.38098565,0.3806386,0.37369823,0.36411902,0.23244153,0.16358446
2022-04-13,0.057649706,-0.11995907909597418,0.03183114,0.03690234,0.01273699,-0.122733705,0.104873754,0.25309005,0.26209524,0.3099396,0.32937416,0.28285992,0.30363235,0.37518972,0.3651335,0.36607623,0.3605365,0.35118768,0.2399248,0.16864222
2022-04-14,0.062392913,-0.09517414896737152,0.03557661,0.04300002,0.015682451,-0.15653504,0.07918285,0.23165785,0.24248971,0.2887489,0.30823535,0.26688236,0.28807977,0.35773775,0.35013556,0.35239848,0.34814966,0.33900908,0.24671297,0.17320576
2022-04-15,0.06691241,-0.07040516389171503,0.03932993,0.048552647,0.018455714,-0.18339515,0.05837451,0.21461745,0.22487246,0.26978436,0.28921324,0.25359288,0.27520436,0.34220934,0.33693603,0.34052348,0.33739328,0.32838959,0.2526227,0.17714874
2022-04-16,0.071288094,-0.04590634005792907,0.0430883,0.053754885,0.021118278,-0.20377715,0.042193074,0.20173435,0.2092085,0.25299513,0.27227095,0.24283808,0.26484957,0.32855076,0.3254693,0.3303668,0.32819068,0.31926206,0.25763604,0.18045704
2022-04-17,0.07559435,-0.02192844341160387,0.046849098,0.058787968,0.023727402,-0.2181663,0.030360606,0.19275448,0.19545735,0.23832381,0.25736478,0.23445348,0.2568482,0.31670314,0.31566566,0.3218403,0.32046238,0.311556,0.26174533,0.18312375
2022-04-18,0.079900056,0.001281210345004561,0.05060992,0.06381971,0.0263361,-0.22706999,0.022576883,0.1874041,0.18357286,0.22570649,0.24444424,0.22826359,0.25102234,0.30660236,0.30745137,0.3148523,0.31412613,0.30519778,0.26495287,0.18514931
2022-04-19,0.08426858,0.023478755752974388,0.054368537,0.06900449,0.028993152,-0.2310177,0.018519413,0.18538992,0.17350332,0.21507281,0.23345214,0.22408178,0.24718352,0.2981792,0.3007485,0.30930746,0.3090969,0.3001105,0.2672712,0.18654147
2022-04-20,0.088757776,0.04442377759671797,0.058122918,0.07448328,0.031743087,-0.23056108,0.017843414,0.186399,0.16519146,0.20634593,0.22432446,0.22171047,0.2451326,0.29135934,0.29547504,0.30510682,0.3052869,0.296214,0.26872292,0.18731524
2022-04-21,0.093419984,0.06387931090398183,0.06187123,0.08038362,0.0346262,-0.22627386,0.020181831,0.19009882,0.15857439,0.19944252,0.21699044,0.22094096,0.24465975,0.28606316,0.29154488,0.3021478,0.30260557,0.29342505,0.2693408,0.18749298
2022-04-22,0.098302044,0.08161184094584667,0.065611824,0.086819604,0.037678543,-0.21875197,0.025145328,0.19613726,0.15358368,0.19427274,0.2113725,0.22155353,0.24554455,0.282206,0.2888678,0.30032417,0.30095953,0.29165706,0.26916772,0.1871043
2022-04-23,0.103445284,0.0973913032367274,0.06934326,0.09389193,0.040931925,-0.20861337,0.032322288,0.20414259,0.15014528,0.19074029,0.20738633,0.22331737,0.24755591,0.27969798,0.2873495,0.29952613,0.30025265,0.2908203,0.2682567,0.18618615
2022-04-24,0.10888551,0.11099108353437309,0.073064275,0.10168787,0.044413913,-0.19649822,0.04127882,0.21372342,0.14817958,0.1887424,0.20494083,0.22599065,0.25045207,0.27844405,0.28689155,0.2996402,0.30038604,0.2908218,0.26667085,0.18478276
2022-04-25,0.11465304,0.122188017839867,0.07677381,0.110281244,0.04814784,-0.18306877,0.051558744,0.22446886,0.14760138,0.18816975,0.20393813,0.22932048,0.25398067,0.27834404,0.2873914,0.3005493,0.30125803,0.2915653,0.26448345,0.18294568
2022-04-26,0.12077267,0.13076239239762658,0.08047098,0.11973247,0.052152783,-0.16900942,0.06268361,0.23594831,0.1483199,0.18890661,0.20427358,0.23304291,0.25787863,0.2792926,0.28874242,0.3021327,0.30276415,0.29295146,0.26177788,0.18073376
2022-04-27,0.12726368,0.13649794369540344,0.08415513,0.13008854,0.056443594,-0.15502667,0.07415269,0.24771163,0.15023878,0.19083074,0.20583576,0.23688295,0.26187232,0.28117922,0.29083392,0.3042661,0.30479717,0.29487762,0.25864765,0.1782131
2022-04-28,0.13413984,0.13918185846428335,0.08782575,0.141383,0.061030872,-0.14184918,0.08544297,0.25928906,0.15325607,0.19381337,0.2085065,0.24055454,0.2656774,0.28388822,0.293551,0.3068215,0.30724704,0.29723793,0.25519645,0.17545721
2022-04-29,0.14140941,0.1386047736786864,0.09148258,0.15363601,0.065920986,-0.13022768,0.09600914,0.27019122,0.15726425,0.1977193,0.2121608,0.24376059,0.26899886,0.2872988,0.29677472,0.30966738,0.31000105,0.2999233,0.25153798,0.17254677
2022-04-30,0.14907517,0.13456077655636667,0.09512551,0.16685428,0.071116045,-0.120935105,0.105283655,0.2799091,0.16215019,0.20240682,0.21666695,0.2461929,0.27153113,0.29128492,0.30038205,0.31266847,0.31294355,0.30282152,0.2477962,0.16956986
2022-05-01,0.15713434,0.13013546525941216,0.09875463,0.18103108,0.07661394,-0.11476644,0.11267665,0.2879142,0.16621558,0.20617189,0.2203299,0.24753231,0.27295792,0.29444778,0.3031777,0.31481874,0.31509808,0.30499288,0.2441051,0.16662182
2022-05-02,0.16557866,0.12609690416901,0.10237024,0.19614628,0.0824083,-0.112538844,0.117575996,0.29365823,0.16887154,0.20840217,0.22254655,0.24744853,0.27295232,0.29627824,0.30471623,0.3157206,0.31609103,0.30607635,0.24060884,0.1638053
2022-05-03,0.17439438,0.12327521861736429,0.10597282,0.21216634,0.088488534,-0.115091585,0.11934729,0.29657346,0.16949543,0.20845118,0.22267932,0.24560025,0.27117676,0.29623935,0.30452907,0.3149574,0.31553084,0.30569288,0.23746172,0.16123025
2022-05-04,0.18356217,0.12256259488769587,0.109563045,0.22904423,0.09483978,-0.12328605,0.11733384,0.29607248,0.16743092,0.2056382,0.22005606,0.2416351,0.26728305,0.29376644,0.30212453,0.31209353,0.31300786,0.30344558,0.23482811,0.15901391
2022-05-05,0.19305728,0.12491328021424253,0.11314178,0.24671957,0.10144297,-0.13800578,0.11085667,0.29154828,0.16198792,0.19924828,0.21397012,0.23518965,0.2609123,0.28826708,0.29698777,0.30667412,0.30809426,0.29891956,0.23288259,0.15728085
2022-05-06,0.20284937,0.12755698450660624,0.116710104,0.2651185,0.10827476,-0.15575843,0.102461115,0.28528458,0.15546224,0.19167922,0.2067732,0.2276492,0.25343946,0.2817439,0.2908848,0.3002949,0.3022877,0.29355723,0.2310863,0.1556485
2022-05-07,0.2128478,0.13010081095676934,0.119981594,0.28361514,0.11527854,-0.17702502,0.091610625,0.2767153,0.1476275,0.1826861,0.19821881,0.21878885,0.24458838,0.27379206,0.2833864,0.2924937,0.2951467,0.28692293,0.22924864,0.15401751
2022-05-08,0.2230308,0.13263168718461116,0.12306044,0.30230117,0.12243287,-0.2010811,0.0788464,0.2663596,0.13876186,0.17257127,0.18859738,0.20888843,0.23465852,0.26474267,0.274822,0.28361046,0.28699166,0.27932465,0.22741047,0.152405
2022-05-09,0.23336983,0.1352222975549928,0.12604395,0.32124156,0.12971137,-0.22716683,0.064726286,0.25474975,0.12915474,0.16164938,0.17821066,0.19823933,0.22395968,0.25493288,0.2655253,0.27398872,0.27814594,0.27107266,0.22560568,0.15082408
2022-05-10,0.24382937,0.1379310831777571,0.12902251,0.34047464,0.13708268,-0.25448695,0.04982482,0.24243122,0.11910684,0.15024744,0.1673716,0.18714443,0.21281204,0.24470581,0.25583473,0.26397556,0.26893607,0.2624795,0.2238611,0.14928389
2022-05-11,0.25436714,0.14080224190772875,0.13207965,0.360012,0.1445105,-0.2822108,0.034733217,0.22996266,0.10893017,0.1387048,0.15640439,0.17591818,0.20154613,0.23441054,0.24609303,0.2539217,0.25969148,0.25386015,0.22219656,0.14778946
2022-05-12,0.2649339,0.14386572834471434,0.13529196,0.37983856,0.15195356,-0.30947223,0.02005938,0.21791582,0.09894804,0.12737319,0.14564449,0.1648865,0.19050288,0.22440216,0.2366475,0.24418136,0.2507448,0.24553174,0.22062486,0.1463419
2022-05-13,0.2754737,0.14713725383350212,0.13872918,0.39991257,0.15936565,-0.3353698,0.0064278734,0.20687568,0.089495055,0.1166166,0.13543856,0.15438686,0.1800336,0.2150417,0.22784989,0.2351124,0.24243152,0.23781377,0.21915181,0.14493825
2022-05-14,0.2859236,0.15061828646386227,0.14245418,0.42016554,0.1666956,-0.35896653,-0.00552005,0.19744036,0.08091711,0.10681143,0.12614454,0.14476827,0.17049994,0.20669621,0.22005646,0.22707616,0.23509035,0.23102804,0.21777613,0.14357151
2022-05-15,0.2962138,0.15429605107054664,0.14652285,0.44050235,0.17388725,-0.37929013,-0.015126461,0.19022112,0.07357141,0.09834638,0.11813158,0.13639122,0.16227394,0.19973871,0.21362793,0.22043765,0.2290629,0.22549863,0.2164896,0.14223075
2022-05-16,0.30657682,0.1584485081568946,0.15097344,0.46155423,0.18111749,-0.3984896,-0.023713445,0.18403192,0.06669956,0.09039528,0.11062375,0.12848808,0.15459093,0.19348261,0.20792392,0.21456641,0.22376448,0.2206815,0.21543226,0.14100575
2022-05-17,0.3170201,0.1631240957310349,0.15584488,0.4833942,0.18839023,-0.41645017,-0.031176982,0.17897786,0.06034992,0.08301055,0.10367258,0.12110718,0.14750631,0.18799946,0.20301832,0.20954074,0.21926947,0.21664931,0.21462749,0.13990834
2022-05-18,0.3275497,0.1683624448905277,0.16116908,0.50608194,0.19570868,-0.43307802,-0.03743196,0.17514496,0.05456206,0.07623509,0.097320266,0.1142881,0.1410654,0.1833478,0.19897164,0.2054247,0.21563873,0.21346155,0.21409443,0.13894817
2022-05-19,0.33817035,0.1741943798223641,0.16697083,0.5296639,0.20307536,-0.44830012,-0.04241218,0.17260009,0.049366746,0.0701023,0.09159959,0.1080616,0.13530348,0.17957322,0.19583093,0.20226811,0.2129196,0.21116444,0.21384798,0.1381328
2022-05-20,0.34888542,0.18064191780296632,0.17326784,0.55417323,0.21049206,-0.46206436,-0.046070367,0.17139104,0.044785954,0.064636,0.08653399,0.10244967,0.13024573,0.1767082,0.19362979,0.20010656,0.2111459,0.20979105,0.21389876,0.13746753
2022-05-21,0.35969695,0.18771826919818774,0.18007074,0.57962984,0.21795987,-0.47433946,-0.04837814,0.17154644,0.040832877,0.059850488,0.08213753,0.0974655,0.12590723,0.1747723,0.19238836,0.1989614,0.21033789,0.20936118,0.21425314,0.13695565
2022-05-22,0.37060562,0.19542783746331277,0.18738309,0.60604036,0.2254791,-0.48511493,-0.04932605,0.1730759,0.037511908,0.055750538,0.07841489,0.093113475,0.122293055,0.17377202,0.19211337,0.19883977,0.21050237,0.20988145,0.21491326,0.1365982
2022-05-23,0.38161075,0.203766219143057,0.19520132,0.6333982,0.23304944,-0.4944013,-0.048923556,0.17596981,0.034818646,0.052331384,0.07536137,0.089389205,0.11939815,0.17370084,0.19279812,0.19973452,0.21163255,0.21134524,0.21587698,0.1363941
2022-05-24,0.39271033,0.2127202038715671,0.20351483,0.6616833,0.24066979,-0.50222975,-0.04719902,0.18019955,0.03273991,0.049578723,0.07296293,0.08627951,0.11720741,0.17453924,0.19442244,0.20162432,0.21370816,0.21373273,0.21713793,0.13634016
2022-05-25,0.40390095,0.22226777437242073,0.21230587,0.6908627,0.24833837,-0.5086525,-0.044199727,0.18571731,0.03125372,0.047468714,0.07119614,0.0837624,0.11569564,0.17625469,0.19695272,0.20447356,0.21669538,0.2170109,0.21868548,0.13643096
2022-05-26,0.41517788,0.23237810645862683,0.22154969,0.72088987,0.25605267,-0.5137425,-0.039991878,0.19245622,0.030329308,0.04596799,0.07002819,0.0818071,0.11482759,0.17880166,0.2003419,0.20823243,0.22054687,0.22113349,0.22050475,0.13665904
2022-05-27,0.42702273,0.24358365417453892,0.23174027,0.75267667,0.26406863,-0.51771986,-0.03444032,0.20066236,0.029994084,0.04505264,0.069464855,0.080382206,0.114642166,0.18240619,0.20482661,0.21319921,0.22552319,0.22637951,0.22281308,0.13711464
2022-05-28,0.4392539,0.255631663389916,0.24265085,0.7858031,0.27228978,-0.5206541,-0.027727747,0.21011202,0.030175779,0.044663433,0.069437474,0.07943645,0.11505387,0.18689509,0.2102268,0.21916622,0.23143515,0.2325554,0.22550264,0.13775027
2022-05-29,0.45170042,0.2682746638309905,0.2540605,0.81985986,0.2806253,-0.5226389,-0.020050328,0.22057056,0.030794976,0.04473208,0.069869176,0.07890998,0.115969226,0.19208911,0.21635634,0.22592042,0.23808795,0.23946272,0.22846715,0.13851872
2022-05-30,0.46420205,0.2812704690804683,0.26575413,0.85444844,0.28899,-0.52379185,-0.011617726,0.23179244,0.03176512,0.04518122,0.07067493,0.07873432,0.11728673,0.19780304,0.22302291,0.2332435,0.24528122,0.24689814,0.23160191,0.13937312
2022-05-31,0.47660917,0.2943821765775283,0.2775226,0.8891808,0.2973044,-0.5242545,-0.0026530914,0.24352112,0.032992505,0.045924418,0.07176149,0.07883245,0.118896894,0.20384565,0.23002814,0.24091181,0.25280893,0.25465345,0.23480378,0.14026691
2022-06-01,0.48878282,0.30737816761782266,0.28916252,0.92367965,0.30549464,-0.52419233,0.006606935,0.2554892,0.034376297,0.046866182,0.073027425,0.07911872,0.12068225,0.21001971,0.23716746,0.24869643,0.26045948,0.26251557,0.2379712,0.14115383
2022-06-02,0.50059474,0.32003210735347737,0.30047646,0.95757836,0.31349263,-0.5237948,0.015912227,0.2674183,0.035808515,0.047901955,0.07436312,0.079498924,0.122517295,0.21612199,0.24423027,0.2563631,0.26801562,0.27026656,0.2410042,0.14198793
2022-06-03,0.5119273,0.33212294479309123,0.31127286,0.99052095,0.3212358,-0.5232753,0.024999168,0.27901915,0.037174027,0.048918102,0.07565077,0.079870224,0.12426855,0.22194324,0.25099975,0.26367223,0.27525452,0.2776836,0.24380437,0.14272359
2022-06-04,0.5224228,0.34231530425848633,0.32038742,1.0227526,0.3287661,-0.52255845,0.033838466,0.2898443,0.038023066,0.04966111,0.076537296,0.07993518,0.1253506,0.2263247,0.2563009,0.2693772,0.2808805,0.2834315,0.24533802,0.1429206
2022-06-05,0.5320745,0.3507985626652261,0.32798973,1.0537277,0.33599707,-0.5220173,0.04205103,0.29963514,0.03834319,0.050045937,0.076969616,0.079640225,0.12577252,0.22938213,0.26024473,0.2735856,0.28504065,0.2876732,0.2458445,0.142675
2022-06-06,0.5409105,0.35877367901522944,0.33513224,1.0820743,0.34269866,-0.5222618,0.04898647,0.30840114,0.038478415,0.05014106,0.07714754,0.0791741,0.12605017,0.23226506,0.26400885,0.27743647,0.2890886,0.2918014,0.24654344,0.14245337
2022-06-07,0.5489978,0.3665102714915027,0.34202385,1.1083454,0.348895,-0.52244866,0.055406213,0.31682578,0.038746346,0.05031254,0.07742092,0.07885891,0.12653214,0.23538108,0.26800773,0.281397,0.29342425,0.29620534,0.2475119,0.14231776
2022-06-08,0.55635536,0.37393237680632047,0.34859675,1.1325736,0.3545863,-0.52258235,0.06130883,0.32482815,0.039110385,0.05054067,0.07776124,0.0786617,0.12716207,0.23861948,0.2721209,0.2853667,0.29791027,0.30074993,0.24866173,0.14224502
2022-06-09,0.5630086,0.3809760107703236,0.3547943,1.1548084,0.35977778,-0.5226682,0.06669791,0.33233887,0.03953669,0.050807063,0.07814216,0.07855144,0.12788773,0.2418794,0.2762389,0.2892556,0.30242172,0.3053122,0.24991219,0.14221415
2022-06-10,0.56898963,0.38758916829251844,0.3605708,1.1751173,0.36447978,-0.5227122,0.071582094,0.33930016,0.039994135,0.05109466,0.07853948,0.078499004,0.12866096,0.24507004,0.28026295,0.29298398,0.30684555,0.30978134,0.25118998,0.14220624
2022-06-11,0.574318,0.3935057238860602,0.3656482,1.193256,0.36865672,-0.52268726,0.07587743,0.34524652,0.04036447,0.051367044,0.07887988,0.0784104,0.12930533,0.24777886,0.28376666,0.29619318,0.31067762,0.3136775,0.25223964,0.14220968
2022-06-12,0.5790457,0.3987783804760499,0.37008986,1.2094444,0.37234727,-0.5226133,0.07963745,0.35029286,0.040654156,0.051617205,0.07916179,0.07828418,0.12982813,0.25005335,0.28679395,0.29892772,0.3139733,0.31705025,0.25307047,0.14220788
2022-06-13,0.583231,0.403466251132895,0.37396422,1.2239113,0.37559393,-0.5225103,0.08291834,0.35455516,0.04087017,0.051838964,0.07938458,0.078119144,0.13023748,0.25194278,0.28939137,0.3012354,0.31679022,0.31995198,0.25369444,0.14218646
2022-06-14,0.5869379,0.4076348590723092,0.37734473,1.2368953,0.37844306,-0.522398,0.08577888,0.3581507,0.041020017,0.052026946,0.07954848,0.07791436,0.13054235,0.25349826,0.291608,0.30316725,0.31918818,0.3224378,0.25412634,0.14213327
2022-06-15,0.59023696,0.41135613765531176,0.38030985,1.2486442,0.3809448,-0.5222963,0.08828048,0.3611978,0.041111723,0.052176613,0.07965461,0.077669166,0.13075253,0.25477257,0.2934954,0.3047776,0.32122913,0.32456556,0.25438368,0.14203836
2022-06-16,0.5932046,0.41470843038822924,0.38294315,1.259415,0.3831531,-0.52222514,0.09048718,0.36381617,0.04115384,0.05228423,0.07970502,0.07738317,0.13087866,0.25582042,0.29510766,0.30612394,0.3229773,0.32639587,0.25448674,0.14189403
2022-06-17,0.5959234,0.41777649092269364,0.38533324,1.2694746,0.38512582,-0.52220434,0.09246565,0.36612654,0.04115545,0.052346896,0.07970261,0.07705623,0.13093215,0.2566982,0.29650146,0.3072672,0.32449907,0.3279921,0.25445855,0.14169481
2022-06-18,0.59848213,0.42065148305564354,0.38757375,1.2790989,0.38692448,-0.52225375,0.094285175,0.3682509,0.04112614,0.052362528,0.07965121,0.07668848,0.13092531,0.25746414,0.29773587,0.30827147,0.32586303,0.32942042,0.2543249,0.14143743
2022-06-19,0.60113436,0.42399724390393356,0.3902489,1.2895364,0.3887884,-0.5223171,0.09623405,0.3708274,0.041201413,0.052376367,0.07963839,0.07633684,0.13102679,0.2586642,0.29938814,0.30966723,0.32773903,0.3313279,0.25435254,0.14114366
2022-06-20,0.60392433,0.42771552070703966,0.393289,1.300738,0.39072475,-0.52244145,0.09830955,0.3737965,0.04134713,0.052371364,0.07964017,0.07598179,0.13119498,0.2601866,0.30133834,0.31135973,0.32998613,0.33357963,0.25448763,0.14080656
2022-06-21,0.6069063,0.431728418218577,0.3966414,1.3126875,0.39274877,-0.52267194,0.10051686,0.37711248,0.041532785,0.052332416,0.07963548,0.07560547,0.13139291,0.26193333,0.3034818,0.31326887,0.33248022,0.33605775,0.25468513,0.14042194
2022-06-22,0.6101445,0.4359783987062994,0.40027046,1.325402,0.39488384,-0.52305186,0.10286918,0.38074356,0.041731466,0.052246403,0.07960618,0.07519168,0.13158831,0.2638201,0.305729,0.31532928,0.3351143,0.33866143,0.25490853,0.1399884
2022-06-23,0.61371326,0.4404282819520998,0.40415758,1.3389314,0.3971614,-0.5236227,0.10538762,0.38467184,0.041919883,0.052102156,0.07953709,0.07472588,0.1317535,0.26577643,0.3080057,0.31749016,0.33779824,0.34130675,0.25512996,0.13950731
2022-06-24,0.6181782,0.44454128072879545,0.40786386,1.3565667,0.400147,-0.52472335,0.108592115,0.38904968,0.04179081,0.051738303,0.07912304,0.07393981,0.13133293,0.26679042,0.3093114,0.31895688,0.33942777,0.34288225,0.25453147,0.13863714
2022-06-25,0.6234617,0.44850663146199105,0.41156086,1.3772786,0.40370044,-0.5262846,0.11234439,0.393831,0.041430876,0.051201962,0.07845932,0.072913446,0.13049847,0.2671602,0.30993852,0.31997898,0.34031498,0.3437111,0.2533877,0.13750832
2022-06-26,0.6291456,0.45286003443063605,0.41588324,1.3955507,0.40693772,-0.5282215,0.11590737,0.39849806,0.04100019,0.050580636,0.07787414,0.07191986,0.12991847,0.26795107,0.31088826,0.3214547,0.34149122,0.34495023,0.25271565,0.13663182
2022-06-27,0.6346518,0.4568942945604927,0.42012513,1.4108782,0.40967587,-0.530309,0.11909955,0.4027562,0.040458404,0.04987657,0.07730325,0.070947886,0.12945123,0.26877084,0.3117706,0.3228918,0.3425476,0.34613675,0.25217196,0.13585058
2022-06-28,0.63989055,0.46047610927776106,0.42411104,1.4237026,0.41198683,-0.5324501,0.12195904,0.4066404,0.039828923,0.049109787,0.07673076,0.06999456,0.12904115,0.26951426,0.31249502,0.32416338,0.3433981,0.3471499,0.25165153,0.13510877
2022-06-29,0.644951,0.4632098892355201,0.4272208,1.4384094,0.41461018,-0.53417057,0.12503535,0.41108593,0.039378036,0.048329283,0.07602854,0.06894442,0.12836474,0.26986024,0.31273815,0.32465816,0.34378237,0.3474681,0.250512,0.13392957
2022-06-30,0.6496819,0.4650602659097487,0.42944852,1.4539726,0.41736966,-0.5355124,0.1281825,0.41580027,0.039034802,0.047541883,0.07522167,0.06783475,0.1274666,0.2697862,0.31249815,0.32442978,0.34368047,0.3471224,0.24884407,0.13241062
2022-07-01,0.65369815,0.4665227121252404,0.431329,1.46641,0.41958913,-0.5365481,0.13098493,0.41979715,0.03862043,0.046827886,0.074522614,0.06687984,0.12670802,0.2696429,0.31221014,0.32419527,0.34349468,0.3467251,0.24734014,0.1311098
2022-07-02,0.65694475,0.4673612006647948,0.43264782,1.4759227,0.42130005,-0.5372911,0.13342118,0.4230784,0.038109176,0.046166774,0.073883876,0.06604732,0.12600927,0.26926732,0.31170818,0.32375047,0.34304768,0.34608495,0.24584861,0.12993902
2022-07-03,0.6593663,0.46734819749831275,0.4331975,1.4827099,0.42253372,-0.5377486,0.13547488,0.42564783,0.037475403,0.045539387,0.073260225,0.06530651,0.12529388,0.2685027,0.31083387,0.3228989,0.34216988,0.3450189,0.24422143,0.12881266
2022-07-04,0.66102856,0.46626437079560606,0.43335554,1.4882001,0.4235425,-0.53815156,0.13712661,0.42876384,0.036631506,0.044850245,0.07195526,0.06450452,0.12370211,0.26642033,0.30879703,0.32083702,0.3399514,0.34099847,0.24126741,0.126978
2022-07-05,0.66217774,0.4654463221271461,0.43407413,1.4913328,0.42414173,-0.5388439,0.13803057,0.4321908,0.036026783,0.04429139,0.07047546,0.06391539,0.12205805,0.26445764,0.30699795,0.31898755,0.33797985,0.33622777,0.23851377,0.12513918
2022-07-06,0.6628181,0.4646594177055514,0.43425375,1.4916518,0.4242483,-0.53986365,0.13808748,0.434243,0.03578966,0.04392671,0.06969634,0.063630305,0.121410124,0.2635916,0.3062109,0.31798297,0.33720526,0.33408234,0.2373832,0.12412516
2022-07-07,0.66292053,0.4629383698240693,0.43311292,1.489892,0.42399147,-0.54095054,0.13756149,0.43469885,0.03554168,0.043593645,0.06929653,0.06339072,0.121161,0.262699,0.30528852,0.31674245,0.33631992,0.33304816,0.23678648,0.12352441
2022-07-08,0.66249424,0.46035035120536083,0.43076682,1.485971,0.4233553,-0.5420666,0.13645804,0.43361592,0.035273522,0.04329403,0.06922147,0.063190445,0.12123743,0.2617156,0.3041754,0.31524247,0.33525002,0.33287627,0.23663282,0.12330465
2022-07-09,0.66155595,0.4569611202065141,0.42732614,1.4798415,0.42233044,-0.5431751,0.13478792,0.43104857,0.03497337,0.043028273,0.069416665,0.063020244,0.12156455,0.26057285,0.30281192,0.31345537,0.33391687,0.33332068,0.23682806,0.123432845
2022-07-10,0.6601305,0.45283502081904387,0.42289713,1.4714909,0.4209139,-0.54424095,0.13256706,0.42704773,0.03462691,0.042795345,0.06982775,0.06286781,0.12206591,0.25919807,0.30113426,0.3113494,0.33223706,0.33413863,0.23727463,0.123875245
2022-07-11,0.65825045,0.44803498266889175,0.41758162,1.4609414,0.41910934,-0.54523027,0.12981676,0.42166108,0.034217305,0.04259281,0.070400454,0.06271775,0.122663386,0.2575143,0.29907438,0.30888855,0.33012253,0.3350904,0.23787162,0.12459735
2022-07-12,0.6559825,0.44293493928306626,0.41181332,1.4487044,0.41699737,-0.54615766,0.1266983,0.41551197,0.03384942,0.042445403,0.07115148,0.062643886,0.12346019,0.25589854,0.297028,0.30643278,0.32803783,0.33646604,0.23877662,0.12555668
2022-07-13,0.65338266,0.4376868792818452,0.40578407,1.4350054,0.41461536,-0.5470061,0.12328311,0.40881172,0.033537928,0.04235624,0.07204759,0.06265182,0.12442877,0.25440025,0.2950563,0.3040555,0.32604927,0.33818698,0.23995903,0.12671511
2022-07-14,0.65051514,0.4324469458729926,0.39968726,1.4201131,0.4120085,-0.54776055,0.119650245,0.40177864,0.033297237,0.04232754,0.073056914,0.06274574,0.12554322,0.2530727,0.29322463,0.30183318,0.32422847,0.3401871,0.24138945,0.12803368
2022-07-15,0.6474526,0.42737543685175927,0.39371789,1.4043388,0.40922967,-0.54840857,0.115886405,0.39463803,0.03314145,0.042360604,0.07414894,0.06292843,0.12677929,0.25197324,0.2916024,0.29984522,0.32265213,0.34241277,0.24303982,0.12947254
2022-07-16,0.64600664,0.4228614087935949,0.3883919,1.3912574,0.40705618,-0.5488029,0.111659355,0.3879838,0.032920312,0.04230241,0.07526621,0.06324724,0.12844197,0.2511964,0.29030108,0.2982719,0.32142302,0.34591976,0.24479654,0.13152604
2022-07-17,0.6456484,0.41899325288561123,0.38379332,1.3801161,0.40530062,-0.5489844,0.107223466,0.3819261,0.032705948,0.042207222,0.076391056,0.06368567,0.1303933,0.25079548,0.28938484,0.29716372,0.32062083,0.35028768,0.24666514,0.13396148
2022-07-18,0.64589983,0.41586904702538013,0.38001546,1.3702842,0.40380096,-0.54899275,0.10283026,0.37659097,0.032566134,0.04212461,0.07750643,0.0642269,0.13250494,0.25082853,0.28892294,0.2965766,0.32033107,0.3551356,0.24865024,0.13655852
2022-07-19,0.6438983,0.41359655582093297,0.37716112,1.3560616,0.40129903,-0.54886657,0.09950022,0.37198383,0.032808986,0.042341147,0.078556865,0.06482384,0.13411535,0.25135833,0.28898966,0.29657173,0.3206448,0.35815835,0.25075564,0.13828535
2022-07-20,0.63991797,0.4115107831992429,0.37467164,1.3375852,0.397844,-0.5487486,0.096904516,0.3675997,0.033233006,0.042746417,0.0794261,0.06539174,0.13509461,0.25178096,0.2889521,0.29657596,0.32083112,0.3589565,0.2526552,0.1392089
2022-07-21,0.63437897,0.4095087356035201,0.37247136,1.3159262,0.39365244,-0.5487062,0.09494154,0.36344853,0.033760674,0.04327665,0.08007843,0.06589991,0.13546088,0.25197124,0.28868517,0.29647315,0.32074913,0.35768554,0.25425434,0.13941032
2022-07-22,0.6276882,0.40748315881860175,0.3704821,1.2921264,0.38893443,-0.54880744,0.093520515,0.35953996,0.034313083,0.043868188,0.080475785,0.066315256,0.13522483,0.25179684,0.28805616,0.29614115,0.3202489,0.35447803,0.25545156,0.13896222
2022-07-23,0.62024,0.4053225379709517,0.36862305,1.2671983,0.38389358,-0.5491213,0.092561476,0.3558836,0.034809917,0.04445748,0.080577776,0.06660227,0.13438964,0.25111824,0.28692475,0.29545185,0.3191714,0.34944332,0.25613883,0.13792874
2022-07-24,0.61241525,0.4029110975286608,0.36681092,1.242125,0.378727,-0.54971737,0.0919953,0.35248888,0.035169482,0.044981107,0.08034167,0.066723004,0.13295093,0.24978861,0.28514293,0.29427117,0.31734863,0.3426677,0.25620127,0.1363654
2022-07-25,0.6039172,0.40084727444805646,0.36556402,1.2134279,0.37289852,-0.5502524,0.09108543,0.349149,0.035706,0.04558603,0.08012709,0.06698998,0.1316329,0.24897379,0.28385606,0.2935072,0.31602812,0.3356577,0.25662097,0.13479695
2022-07-26,0.5952832,0.39944065200946915,0.36509353,1.1810684,0.36645713,-0.5505041,0.08915218,0.34567964,0.036550656,0.046331126,0.08016346,0.06763934,0.13105315,0.24923468,0.2836625,0.29366478,0.31588247,0.3298817,0.25801805,0.13387904
2022-07-27,0.5870142,0.39823900657691935,0.36482206,1.1507926,0.36038262,-0.5505059,0.086956985,0.34274513,0.037599877,0.04713913,0.08014313,0.06840023,0.13056667,0.24962173,0.28367144,0.2938945,0.3159982,0.32428432,0.2594094,0.13308664
2022-07-28,0.5792418,0.39713470847597165,0.36462918,1.1237603,0.35489124,-0.5502596,0.084645756,0.3405252,0.038833264,0.047979265,0.07999862,0.06920277,0.1300368,0.24996783,0.28371617,0.29400465,0.31619886,0.31865916,0.26057014,0.13228317
2022-07-29,0.57241744,0.3955371189829382,0.3640562,1.1023111,0.3504458,-0.5500902,0.08238755,0.33922264,0.04002737,0.048646506,0.07945589,0.06976498,0.12898536,0.24960074,0.28306344,0.2932474,0.31566745,0.312167,0.26074478,0.13104177
2022-07-30,0.5662978,0.39388941992080684,0.3637242,1.0817311,0.34624946,-0.55038357,0.079620354,0.33777282,0.040908918,0.049140766,0.078683645,0.070256054,0.12777892,0.24884802,0.2820909,0.29231545,0.31472132,0.30540204,0.26065388,0.12991834
2022-07-31,0.56081426,0.3923708476856434,0.3638077,1.0612197,0.34216803,-0.5511539,0.076285355,0.3359971,0.04144576,0.0494913,0.07773853,0.07073348,0.12651587,0.24781716,0.28093976,0.29141706,0.31349942,0.2985548,0.2604842,0.12905183
2022-08-01,0.55622625,0.3904207941491414,0.36372766,1.0441053,0.338766,-0.55237025,0.072704,0.3346857,0.04175368,0.049624372,0.07641547,0.07100716,0.12485221,0.24609388,0.27914178,0.2898347,0.31155095,0.29100484,0.25957978,0.1279382
2022-08-02,0.5525567,0.3880011480494312,0.36344162,1.0307066,0.336099,-0.5540458,0.06891432,0.3339161,0.041835528,0.049537532,0.07469506,0.07106309,0.122759104,0.24362923,0.27665716,0.28750992,0.30883726,0.28270552,0.2578879,0.12653647
2022-08-03,0.5498314,0.38506075621922176,0.36289626,1.0213615,0.33422613,-0.5562,0.06495244,0.3337663,0.041691888,0.049225666,0.07255371,0.070883594,0.1202015,0.24036314,0.27343404,0.28437087,0.30530682,0.27359655,0.25534564,0.12479954
2022-08-04,0.5479111,0.3815358256641579,0.36122885,1.0147245,0.33290398,-0.55853987,0.0608638,0.33258468,0.04140686,0.048788335,0.07086669,0.07061854,0.11822473,0.23729984,0.27029178,0.28118172,0.30192876,0.26685598,0.2533261,0.12359935
2022-08-05,0.54677814,0.37734923766444606,0.35812962,1.0106705,0.3321086,-0.5610038,0.056684088,0.32994163,0.041001715,0.048246697,0.06986772,0.07029332,0.117100894,0.23467351,0.26741436,0.27809387,0.29892972,0.26335272,0.25217128,0.12314857
2022-08-06,0.5464149,0.3730847150014413,0.35480925,1.0090629,0.331814,-0.5635306,0.052447323,0.3272283,0.040497012,0.047621157,0.06896745,0.06993272,0.116184555,0.23207328,0.26455986,0.27499175,0.29596978,0.26081982,0.25108993,0.12294618
2022-08-07,0.5468037,0.3688372683727919,0.35136247,1.0097537,0.33199215,-0.5660599,0.048185878,0.32449913,0.039912563,0.04693139,0.0681779,0.06956092,0.11550036,0.22955742,0.2617935,0.27195132,0.29311848,0.25927946,0.25011736,0.12301258
2022-08-08,0.54790735,0.36497544997824244,0.34809262,1.012578,0.33261603,-0.568425,0.04398702,0.3219215,0.039339818,0.046263523,0.067584574,0.06927109,0.115188986,0.22739917,0.25942296,0.26928756,0.29072016,0.25902653,0.24948902,0.12345925
2022-08-09,0.5497151,0.36149416650938193,0.34502602,1.0173668,0.33365262,-0.57060474,0.039859574,0.31951606,0.03877128,0.04561175,0.06716634,0.069061354,0.115225516,0.22557169,0.25741777,0.26698402,0.28873515,0.25995666,0.2491572,0.12426798
2022-08-10,0.55221575,0.35839406463841234,0.34219655,1.0239394,0.3350669,-0.57257617,0.035812087,0.317309,0.038200475,0.044971175,0.066901036,0.06893098,0.11558454,0.22405006,0.25574967,0.2650273,0.28712595,0.26196003,0.24907437,0.12542032
2022-08-11,0.5553976,0.3556815310181485,0.33964577,1.0321037,0.336822,-0.57431394,0.031852834,0.31533188,0.037622,0.044337828,0.06676544,0.06888034,0.11624013,0.22281115,0.25439262,0.26340705,0.28585726,0.26492155,0.24919316,0.12689751
2022-08-12,0.55924857,0.35336869228201784,0.3374228,1.041656,0.33887902,-0.57579094,0.027989818,0.31362194,0.03703149,0.04370864,0.066735275,0.06891091,0.11716587,0.22183374,0.25332272,0.2621158,0.28489602,0.26872075,0.24946636,0.12868059
2022-08-13,0.56375587,0.3514734150440607,0.3355844,1.052381,0.34119725,-0.57697797,0.024230765,0.31222183,0.03642562,0.04308147,0.066785224,0.0690253,0.11833483,0.22109841,0.2525184,0.2611491,0.28421137,0.27323177,0.2498469,0.13075027
2022-08-14,0.56890637,0.3500193058989303,0.33419496,1.0640516,0.34373397,-0.5778438,0.020583134,0.31117973,0.035802122,0.042455085,0.06688891,0.069227226,0.11971958,0.22058764,0.25196013,0.26050556,0.28377473,0.2783235,0.2502879,0.13308701
2022-08-15,0.57468635,0.34903571142189244,0.3333265,1.0764295,0.34644455,-0.57835513,0.017054105,0.31054932,0.03515977,0.04182917,0.06701891,0.06952151,0.12129219,0.22028576,0.25163075,0.2601867,0.28355968,0.2838594,0.2507426,0.13567103
2022-08-16,0.5786902,0.3482473660700289,0.33261707,1.0848145,0.3482923,-0.5786659,0.014240061,0.30989012,0.03472508,0.041416284,0.06718583,0.0698505,0.12257147,0.22013286,0.2514629,0.26006183,0.28351334,0.28818184,0.2512844,0.1377429
2022-08-17,0.5801996,0.34760381635077303,0.33202413,1.0876361,0.34893748,-0.5787944,0.01232101,0.30911985,0.0345656,0.041280292,0.06737164,0.070202544,0.123395324,0.22010343,0.25142834,0.26009873,0.28360528,0.2906978,0.25190207,0.13906483
2022-08-18,0.578414,0.34702370195321863,0.33148327,1.0831968,0.3480155,-0.57870567,0.011497013,0.30815884,0.034769997,0.041493718,0.06756817,0.07057793,0.12360439,0.22017607,0.25150925,0.260264,0.2838189,0.29079068,0.25259176,0.13939193
2022-08-19,0.5759085,0.34646809748435664,0.3309591,1.0769311,0.34669912,-0.5784402,0.010898584,0.30710456,0.035072193,0.041794423,0.06780708,0.07100213,0.12376565,0.22032623,0.25167668,0.2605272,0.28412288,0.29051295,0.2533452,0.13959543
2022-08-20,0.57283837,0.3458975190374884,0.33041537,1.0691183,0.3450476,-0.57803863,0.010419506,0.305918,0.035450235,0.04216079,0.06808177,0.07147167,0.12390819,0.22053045,0.25190327,0.26085836,0.284488,0.28996968,0.2541564,0.13972986
2022-08-21,0.56937516,0.3452719241922251,0.32981497,1.060073,0.34312794,-0.5775414,0.009945034,0.3045603,0.03588163,0.04257005,0.06838649,0.07198405,0.12406617,0.22076641,0.25216305,0.26122817,0.28488693,0.28928214,0.25502193,0.13985671
2022-08-22,0.565706,0.34455071201448806,0.3291202,1.0501465,0.3410152,-0.57698923,0.009351885,0.3029927,0.036343336,0.04299826,0.068716384,0.07253783,0.124278806,0.22101288,0.2524317,0.26160774,0.28529438,0.28858778,0.2559407,0.1400445
2022-08-23,0.56203413,0.34369272305650844,0.3282924,1.0397258,0.3387922,-0.5764226,0.008508243,0.3011766,0.036811773,0.04342033,0.069067426,0.07313255,0.12459044,0.22124973,0.2526862,0.26196882,0.28568715,0.28804025,0.2569141,0.14036873
2022-08-24,0.55857855,0.3426562393568278,0.3272922,1.029234,0.33654988,-0.575882,0.007273759,0.29907343,0.037262816,0.04381,0.06943647,0.07376877,0.12505044,0.22145796,0.25290522,0.2622836,0.2860439,0.28780946,0.25794587,0.14091192
2022-08-25,0.5555741,0.3413989844402976,0.3260795,1.0191307,0.3343869,-0.5754082,0.00549955,0.29664478,0.037671793,0.04413984,0.06982121,0.07444809,0.1257133,0.22161967,0.25306877,0.26252487,0.28634545,0.2880815,0.2590422,0.14176357
2022-08-26,0.55274963,0.3395705896156889,0.32444492,1.0094405,0.33230138,-0.57527894,0.0036261154,0.29403186,0.037876945,0.04429807,0.070002206,0.07493108,0.1260575,0.22125664,0.2526348,0.26219234,0.28596702,0.2876716,0.2596262,0.14236155
2022-08-27,0.5502182,0.3370372102915349,0.3222972,1.0005567,0.33037597,-0.57560456,0.0016633614,0.2912492,0.037812356,0.044230472,0.06991476,0.075150184,0.12597682,0.22021751,0.25143236,0.26112056,0.28471467,0.2863903,0.25953662,0.14261563
2022-08-28,0.5483371,0.3335812425925139,0.31949902,0.9934211,0.32883513,-0.57667047,-0.00027903492,0.28841427,0.037326496,0.04381025,0.06940071,0.074935265,0.12523217,0.21818835,0.24910538,0.25896823,0.28219217,0.28384858,0.25837687,0.14229895
2022-08-29,0.54669696,0.3297597762539959,0.31643397,0.98668486,0.3273862,-0.578074,-0.0022492209,0.28548762,0.036666192,0.04324959,0.068711035,0.07454536,0.124229155,0.21576433,0.24632317,0.2563894,0.27915505,0.28079182,0.25679088,0.14176314
2022-08-30,0.54521906,0.32564529338279946,0.31315094,0.98017687,0.3259849,-0.57974595,-0.0042714523,0.28245324,0.03586912,0.042582165,0.06788714,0.0740236,0.12302831,0.21303189,0.24318328,0.25347888,0.27571136,0.27732846,0.2548867,0.1410665
2022-08-31,0.543829,0.32131435812082215,0.3097023,0.9737379,0.3245903,-0.5816174,-0.006365944,0.27930048,0.03497312,0.04184168,0.06697037,0.07341265,0.12169025,0.21007901,0.23978527,0.25033313,0.2719716,0.2735694,0.2527719,0.14026657
2022-09-01,0.5424569,0.3168476166450403,0.30614394,0.96722037,0.3231647,-0.5836198,-0.008548873,0.27602398,0.034016144,0.041061856,0.066001944,0.07275476,0.12027569,0.20699537,0.23623054,0.24705046,0.2680487,0.26962817,0.25055367,0.13942005
2022-09-02,0.5410373,0.3123297971675092,0.3025353,0.9604888,0.32167378,-0.5856845,-0.010832372,0.27262375,0.03303631,0.04027646,0.065023005,0.07209174,0.1188454,0.20387222,0.23262246,0.24373096,0.2640579,0.26562077,0.24833874,0.13858292
2022-09-03,0.53950894,0.30784970993536287,0.29893923,0.9534192,0.3200864,-0.5877433,-0.013224537,0.26910502,0.032071874,0.039519284,0.0640746,0.071464956,0.11746025,0.20080248,0.22906634,0.2404765,0.26011702,0.26166576,0.2462334,0.13781032
2022-09-04,0.5377581,0.3035593561733419,0.29546833,0.9457025,0.3183509,-0.58969015,-0.015859438,0.26535568,0.0312059,0.038849033,0.06324245,0.07094944,0.11623324,0.197955,0.2257556,0.23747133,0.25642884,0.25796553,0.24449427,0.1372424
2022-09-05,0.5357528,0.299534599862121,0.29217598,0.93730885,0.3164513,-0.5914709,-0.018690655,0.26143545,0.030460972,0.03829068,0.06255144,0.0705735,0.1152068,0.19539942,0.2227686,0.23479208,0.2530864,0.25461465,0.24317297,0.13690212
2022-09-06,0.533464,0.2958568429027376,0.2891203,0.92821544,0.3143743,-0.59303063,-0.021670928,0.25740638,0.029860917,0.037869822,0.062027413,0.07036587,0.11442474,0.19320881,0.22018772,0.23251915,0.25018722,0.25171223,0.24232438,0.13681379
2022-09-07,0.5308658,0.29261302511659204,0.286364,0.9184064,0.3121093,-0.5943137,-0.02475216,0.25333282,0.029430797,0.037612718,0.061697263,0.070355654,0.11393223,0.19145972,0.21809943,0.23073666,0.24783327,0.24936192,0.24200669,0.13700299
2022-09-08,0.52796215,0.2895162387566791,0.28368977,0.9078804,0.30964428,-0.59541136,-0.0279636,0.24912907,0.029096913,0.037453413,0.06148331,0.07047624,0.113610715,0.18993026,0.21625383,0.22919822,0.24574463,0.24727789,0.24199802,0.13736728
2022-09-09,0.524741,0.28655291551783985,0.2810859,0.89663774,0.3069729,-0.5963099,-0.03127846,0.24481924,0.028857399,0.037392136,0.0613834,0.07072929,0.11345955,0.18861508,0.21464537,0.22789717,0.24391851,0.245457,0.24227981,0.13789685
2022-09-10,0.52119374,0.28370826235059415,0.27854028,0.8846856,0.30409133,-0.5969977,-0.034670528,0.24042706,0.028709853,0.037428107,0.061394516,0.07111514,0.11347649,0.18750696,0.21326646,0.22682464,0.24234973,0.24389356,0.24283169,0.13858095
2022-09-11,0.5173153,0.2809662614611406,0.27604026,0.87203854,0.30099845,-0.5974649,-0.03811413,0.23597577,0.02865133,0.03755953,0.061512757,0.071632825,0.11365772,0.18659672,0.2121075,0.22596963,0.24103066,0.24257948,0.24363157,0.13940781
2022-09-12,0.5131041,0.27830967031135706,0.27357283,0.8587181,0.2976957,-0.5977037,-0.041584156,0.23148824,0.028678348,0.037783608,0.06173335,0.07228005,0.113997854,0.18587324,0.21115687,0.22531888,0.23995125,0.24150407,0.24465555,0.1403647
2022-09-13,0.5085618,0.2757200216187997,0.27112457,0.8447529,0.2941872,-0.5977081,-0.04505605,0.22698689,0.02878688,0.03809652,0.06205066,0.073053226,0.114489906,0.18532355,0.21040094,0.22485697,0.239099,0.24065425,0.24587797,0.14143792
2022-09-14,0.5036938,0.2731776233567039,0.26868156,0.8301786,0.2904797,-0.5974741,-0.04850581,0.22249371,0.028972365,0.03849344,0.06245816,0.07394745,0.11512533,0.18493268,0.20982404,0.22456628,0.23845899,0.24001439,0.24727142,0.14261277
2022-09-15,0.4985089,0.27066155875398384,0.26622945,0.8150381,0.2865825,-0.5969995,-0.051909987,0.21803029,0.029229697,0.038968526,0.06294847,0.074956514,0.11589398,0.1846838,0.2094085,0.224427,0.23801385,0.23956642,0.24880673,0.14387357
2022-09-16,0.49301934,0.2681496862952324,0.26375353,0.7993812,0.28250763,-0.5962842,-0.0552457,0.21361779,0.02955323,0.03951493,0.06351333,0.07607289,0.11678416,0.18455812,0.20913464,0.2244171,0.23774382,0.23928972,0.25045294,0.1452037
2022-09-17,0.48724082,0.2656186397207214,0.2612386,0.78326494,0.27826968,-0.59532994,-0.05849061,0.20927693,0.029936785,0.04012479,0.064143606,0.077287726,0.11778257,0.18453494,0.20898072,0.2245124,0.23762666,0.23916124,0.2521773,0.1465855
2022-09-18,0.48124716,0.2630868214579891,0.25869867,0.76680344,0.27389333,-0.5942159,-0.0616365,0.20501976,0.030351479,0.040783733,0.06481517,0.07857439,0.1188587,0.18458737,0.20891048,0.22468887,0.23762104,0.23914339,0.2539385,0.14799157
2022-09-19,0.47505933,0.2607792445859877,0.25633845,0.74957085,0.26924706,-0.5926899,-0.0643182,0.20112607,0.03084765,0.041572984,0.065625824,0.08006156,0.12016787,0.18490289,0.2091002,0.2252401,0.23794284,0.2394542,0.2559107,0.14955398
2022-09-20,0.46872687,0.2585972145030121,0.25407493,0.7318439,0.2644105,-0.59088284,-0.06664354,0.19751905,0.031387687,0.042446814,0.06651913,0.08167954,0.121624164,0.18537752,0.20944472,0.22602123,0.23846883,0.23997022,0.25797784,0.15119435
2022-09-21,0.4623033,0.2564474448279713,0.25183052,0.7138944,0.2594623,-0.5889224,-0.06871257,0.19412778,0.031934615,0.04336067,0.06744027,0.083360575,0.12314419,0.18591057,0.20984173,0.2268932,0.23907912,0.24057147,0.26002726,0.15283692
2022-09-22,0.45623738,0.2541279932385918,0.24954624,0.6968764,0.25476822,-0.58723503,-0.07171586,0.19009252,0.032158412,0.044053283,0.06811416,0.08487914,0.12448917,0.18621667,0.21005405,0.22751802,0.23953578,0.24100865,0.26173833,0.15449572
2022-09-23,0.4504509,0.251597126995652,0.24715036,0.6807359,0.25030193,-0.58583283,-0.07534567,0.18563794,0.032128286,0.04456026,0.06856858,0.08622846,0.12563705,0.18626876,0.21003419,0.22784126,0.23976906,0.2412161,0.26308054,0.15606922
2022-09-24,0.4448794,0.24881571211843106,0.24457666,0.6654364,0.24604313,-0.5847317,-0.07931355,0.180975,0.03190686,0.04491302,0.068827495,0.08739984,0.12656437,0.18603837,0.20973407,0.2278092,0.23970956,0.24112824,0.2640215,0.15746075
2022-09-25,0.43947208,0.24574721338470884,0.24176468,0.6509583,0.2419776,-0.5839515,-0.0833503,0.17630105,0.03155017,0.04513878,0.06891107,0.088382594,0.12724623,0.18549569,0.20910504,0.22736888,0.23928826,0.24067974,0.26452693,0.15857841
2022-09-26,0.43419173,0.24235769433076598,0.23865955,0.6372996,0.23809725,-0.58351564,-0.08720605,0.17179964,0.031107651,0.045260563,0.06883565,0.08916408,0.12765637,0.18460949,0.20809788,0.22646803,0.23843655,0.23980543,0.2645608,0.15933514
2022-09-27,0.42802137,0.23821172955125233,0.2346314,0.6228545,0.23388487,-0.5834516,-0.089155965,0.16870719,0.03104766,0.045550957,0.068824984,0.089815296,0.1277791,0.18326932,0.20649227,0.2248134,0.23683114,0.2381971,0.26408502,0.15916665
2022-09-28,0.42097765,0.233532287024469,0.2299025,0.6075137,0.22934076,-0.58355474,-0.08965727,0.1666615,0.031368684,0.04603062,0.06893732,0.090426266,0.12775719,0.1816838,0.20454372,0.22267261,0.23476262,0.23614077,0.2633741,0.15834987
2022-09-29,0.413298,0.2284591759604883,0.22464517,0.5916538,0.22459108,-0.5837906,-0.08905442,0.16541007,0.03199249,0.046654046,0.0691441,0.09099028,0.12760802,0.17990665,0.20233002,0.2201442,0.23232698,0.2337303,0.26247874,0.15702605
2022-09-30,0.40520334,0.22312676568714096,0.21902409,0.5756157,0.21975201,-0.5841246,-0.08767676,0.16471057,0.03284678,0.047379527,0.069420375,0.09150324,0.12735094,0.17799218,0.19992864,0.21732564,0.22961906,0.23105846,0.26145345,0.15533257
2022-10-01,0.39689773,0.2176639856500158,0.21319638,0.5597048,0.21492983,-0.5845216,-0.08583851,0.16433077,0.033865172,0.04816912,0.06974482,0.091963634,0.12700738,0.17599517,0.19741659,0.2143133,0.22673257,0.2282169,0.2603564,0.153403
2022-10-02,0.3893044,0.21250412170360503,0.20761058,0.54550415,0.2106424,-0.584673,-0.08411516,0.1637524,0.034758765,0.04890554,0.06993217,0.09220769,0.12639008,0.17377478,0.19471687,0.2111752,0.22361322,0.22514008,0.25880426,0.15141416
2022-10-03,0.3823314,0.20765458199646225,0.20230176,0.53277904,0.20682546,-0.58464044,-0.08269197,0.16286933,0.035554625,0.049588103,0.07002818,0.09229794,0.1255998,0.17145696,0.19196056,0.20801526,0.22040492,0.2219732,0.25702173,0.14947516
2022-10-04,0.37565196,0.2029235526210713,0.19727977,0.5208097,0.20325808,-0.5851887,-0.08261432,0.16111338,0.03621356,0.050081737,0.07008847,0.09239302,0.12491929,0.16937882,0.18949187,0.20504452,0.21750604,0.21912381,0.25582758,0.14792502
2022-10-05,0.36934018,0.1983130807782398,0.19252439,0.50979954,0.19996595,-0.5861641,-0.083561055,0.15871961,0.036725268,0.050403453,0.070092164,0.092470504,0.12430491,0.16747807,0.1872368,0.20221306,0.21484421,0.21651936,0.25500906,0.14666604
2022-10-06,0.36341017,0.19388009639222067,0.18805952,0.49974462,0.19694807,-0.5873865,-0.08535092,0.15579483,0.037121702,0.050592903,0.07006182,0.092542194,0.1237652,0.16576597,0.18520662,0.19955051,0.21242937,0.2141682,0.25450805,0.14568725
2022-10-07,0.35787305,0.18967730316818449,0.18390705,0.49063087,0.19420056,-0.5886868,-0.08781256,0.15244016,0.037432354,0.05068751,0.07001865,0.092619956,0.1233088,0.16425292,0.18341164,0.19708544,0.210271,0.21207836,0.25427032,0.14497863
2022-10-08,0.35273695,0.18575317859221918,0.18008685,0.48243392,0.1917167,-0.5899074,-0.09078444,0.14875121,0.037684288,0.050722472,0.0699825,0.09271574,0.12294447,0.16294852,0.18186124,0.19484536,0.20837823,0.21025749,0.2542455,0.14453112
2022-10-09,0.34800705,0.18215197393133042,0.17661685,0.4751192,0.18948692,-0.5909019,-0.094114944,0.14481798,0.037902124,0.050730746,0.06997186,0.09284162,0.12268112,0.16186157,0.18056378,0.19285671,0.20675975,0.20871282,0.254387,0.14433663
2022-10-10,0.3436856,0.1789137142334415,0.17351292,0.46864197,0.18749878,-0.5915354,-0.09766233,0.14072485,0.038108036,0.050743062,0.07000386,0.09300972,0.122527756,0.16099998,0.17952672,0.19114485,0.20542386,0.20745125,0.25465226,0.14438799
2022-10-11,0.33977178,0.17607419832739318,0.17078899,0.46294722,0.18573695,-0.5916841,-0.10129471,0.13655066,0.038321763,0.050787907,0.07009428,0.093232274,0.12249353,0.16037093,0.17875654,0.1897341,0.20437849,0.20647934,0.25500244,0.14467902
2022-10-12,0.33625287,0.17392366299099515,0.16851814,0.457413,0.18401219,-0.5903033,-0.10411932,0.1328425,0.038587127,0.051132217,0.0703881,0.09358918,0.12262972,0.1599926,0.17825677,0.18876664,0.20357229,0.2055944,0.2551513,0.14514951
2022-10-13,0.33312538,0.17239707455490502,0.16668841,0.4521627,0.18236458,-0.587625,-0.10629931,0.12949874,0.03890951,0.051714063,0.070851766,0.094068706,0.122930706,0.15986623,0.1780327,0.18822214,0.20303339,0.20487684,0.25515756,0.1458148
2022-10-14,0.33038265,0.17143154416931988,0.16528739,0.4472959,0.18082716,-0.58386946,-0.10798872,0.12642393,0.039292503,0.052475225,0.07145356,0.0946609,0.12339204,0.15999255,0.17808859,0.18808219,0.20278804,0.20440145,0.2550776,0.14668986
2022-10-15,0.3280148,0.17096632780397633,0.16430213,0.44288823,0.17942587,-0.57924527,-0.10933247,0.12352863,0.039737914,0.053361166,0.07216362,0.095357545,0.124010414,0.16037174,0.17842771,0.18833017,0.20286067,0.20423758,0.25496548,0.14778922
2022-10-16,0.3260088,0.17094282624815052,0.16371919,0.43899134,0.17817959,-0.5739496,-0.11046639,0.12072954,0.040245757,0.05432105,0.07295397,0.096152194,0.12478371,0.16100349,0.17905231,0.1889514,0.2032738,0.20444904,0.254873,0.14912707
2022-10-17,0.32418138,0.1710601865513685,0.16338852,0.43624616,0.17729622,-0.56870717,-0.11223615,0.11718822,0.040990096,0.055185713,0.073753715,0.09702575,0.1257171,0.16193299,0.18003507,0.18983512,0.20417395,0.2054518,0.25509295,0.15136418
2022-10-18,0.3225727,0.17135138434173183,0.16334431,0.43443754,0.17671044,-0.56349915,-0.11450258,0.11310537,0.041904576,0.055955287,0.07455457,0.09798042,0.12680857,0.16314241,0.18135072,0.19100529,0.20553505,0.2071709,0.25558555,0.15428282
2022-10-19,0.32121575,0.1718455203979334,0.16361697,0.4333415,0.17635475,-0.5583082,-0.11713511,0.10866902,0.042925388,0.0566306,0.075348996,0.09901977,0.1280574,0.16461451,0.18297477,0.19248532,0.20733228,0.2095347,0.2563146,0.15768082
2022-10-20,0.32016066,0.17223870474798664,0.1639401,0.43343228,0.1763715,-0.5535056,-0.12049253,0.103692,0.04390266,0.057085022,0.075974315,0.09994844,0.1292205,0.16603798,0.18459919,0.19385396,0.20919953,0.2121299,0.2569541,0.16115843
2022-10-21,0.31943303,0.17245548967727603,0.16425021,0.4346762,0.17675108,-0.5491911,-0.124602884,0.098230384,0.044751626,0.057283074,0.07637866,0.10071388,0.1302281,0.1673101,0.1861174,0.19500288,0.21101375,0.21479,0.25738898,0.16448183
2022-10-22,0.3190515,0.17241068602817217,0.16447479,0.4370434,0.17748539,-0.5454731,-0.12951136,0.09232111,0.045388453,0.057187673,0.07650811,0.10126137,0.13100742,0.16832356,0.18741848,0.19581531,0.212647,0.21734564,0.25750247,0.16645771
2022-10-23,0.31848747,0.1721669740245826,0.1645137,0.43928283,0.1781697,-0.5420502,-0.13376273,0.08708007,0.046136126,0.057061207,0.07661348,0.1017548,0.13170068,0.16922598,0.18857738,0.19644886,0.21413426,0.219808,0.25746825,0.16710234
2022-10-24,0.31758684,0.17166603774771777,0.16427085,0.4410119,0.17868185,-0.5389247,-0.13699022,0.08282892,0.04703211,0.05695195,0.07672701,0.10220005,0.13229318,0.1699771,0.18953052,0.196853,0.2153872,0.22205594,0.25725245,0.16650471
2022-10-25,0.31617913,0.1708426292978873,0.1636407,0.44182998,0.17889416,-0.5361002,-0.1388171,0.07988974,0.048122074,0.056911957,0.07688442,0.102604754,0.13277104,0.17053664,0.19021337,0.19697377,0.21631567,0.22396877,0.2568247,0.1647395
2022-10-26,0.3140773,0.1696245687944999,0.16250834,0.44131836,0.17867339,-0.53358126,-0.13885683,0.07858508,0.049459893,0.056997046,0.07712486,0.10297831,0.13312127,0.17086427,0.19056046,0.19675386,0.21682763,0.2254262,0.25615838,0.16186708
2022-10-27,0.31351846,0.1694004505859207,0.16194811,0.44176963,0.1790951,-0.5396324,-0.14199325,0.075519025,0.049723867,0.056277614,0.07685554,0.10303716,0.13318302,0.17098495,0.19069828,0.19652075,0.21721032,0.22664703,0.2563423,0.15859073
2022-10-28,0.3147836,0.17011840767543285,0.1622005,0.44399366,0.180293,-0.55131084,-0.14799885,0.07086963,0.04889051,0.054819692,0.0760576,0.10278115,0.13298154,0.17094263,0.1907263,0.19640556,0.21758428,0.22772695,0.25695994,0.15537342
2022-10-29,0.31722838,0.1713616566835627,0.16295981,0.44726864,0.18192267,-0.56587815,-0.15530887,0.065763965,0.047325477,0.05291622,0.074905954,0.10228816,0.13255093,0.17070694,0.19058147,0.19630976,0.21782881,0.22853309,0.25762597,0.15220985
2022-10-30,0.3202765,0.17275258554821143,0.16395478,0.45096195,0.18367681,-0.5808006,-0.16251557,0.06121167,0.04535806,0.050833292,0.073558144,0.10162848,0.1319222,0.17025095,0.19020881,0.19614694,0.21783696,0.22894739,0.25798592,0.14910842
2022-10-31,0.32341972,0.17395275352465503,0.16494855,0.45452997,0.1852851,-0.5937487,-0.16836813,0.058104984,0.043281186,0.048810154,0.07215426,0.100864805,0.13112327,0.1695513,0.18956129,0.19584276,0.21751568,0.22886653,0.2577164,0.1460913
2022-11-01,0.32621792,0.17466289118554407,0.16573873,0.45751825,0.18651429,-0.6025978,-0.17177273,0.057218704,0.04135141,0.04705922,0.07081702,0.1000522,0.13017893,0.16858809,0.1886,0.19533499,0.21678562,0.22820196,0.256525,0.14319439
2022-11-02,0.3272825,0.1741948321466865,0.16574411,0.45774668,0.18658559,-0.60580474,-0.17141068,0.059619445,0.040104613,0.04588092,0.06988324,0.09946587,0.12940203,0.16761608,0.18750629,0.19461113,0.21578427,0.2270955,0.2547659,0.14040235
2022-11-03,0.3226268,0.172201747181889,0.16323312,0.4507199,0.18348409,-0.59275573,-0.16065021,0.07029278,0.03872767,0.043441635,0.06702484,0.09623714,0.12565973,0.16327974,0.18287843,0.19003908,0.21097678,0.22199515,0.2504181,0.13775942
2022-11-04,0.31323272,0.16864665453836336,0.1585395,0.43766674,0.17772466,-0.56429344,-0.13959922,0.08888641,0.037947714,0.040820766,0.06325734,0.09139714,0.11995855,0.15657891,0.1756966,0.1827417,0.20329574,0.21382457,0.24334773,0.13500121
2022-11-05,0.29981825,0.16332766160790393,0.15196341,0.41931197,0.16965403,-0.5219426,-0.109221436,0.11459113,0.038369354,0.03889027,0.059531916,0.08599536,0.11340794,0.1486476,0.16707991,0.17387202,0.1938567,0.20369919,0.2340007,0.13210264
2022-11-06,0.2840963,0.15503115354157132,0.14412154,0.39706892,0.15999556,-0.4673845,-0.07017675,0.1467352,0.040541273,0.038450744,0.056725036,0.08100207,0.10703518,0.14053857,0.15806922,0.1645044,0.18369901,0.19265886,0.22333965,0.1286265
2022-11-07,0.2663647,0.14400260698676057,0.13518044,0.3713642,0.14893568,-0.4020216,-0.023507716,0.18447885,0.044956207,0.04023145,0.055638433,0.07730828,0.10178534,0.13322328,0.14962703,0.15563442,0.17378576,0.18166783,0.21157558,0.124711014
2022-11-08,0.24691877,0.13049818203443683,0.12530604,0.34261972,0.13665935,-0.32723278,0.02976288,0.22699326,0.052050952,0.044890292,0.056999136,0.075725764,0.09852127,0.127592,0.1426376,0.148179,0.16500385,0.17161481,0.1989114,0.12049101
2022-11-09,0.22605161,0.11478472221913576,0.11466354,0.31125277,0.12335016,-0.2443733,0.08863201,0.27346072,0.062206358,0.05301384,0.06145944,0.07698707,0.09802364,0.12445365,0.13790683,0.14297633,0.15816392,0.16331284,0.18554182,0.1160978
2022-11-10,0.20405386,0.09713975451896317,0.10341749,0.27767596,0.10919025,-0.15477486,0.15211639,0.32307458,0.07574735,0.0651173,0.069596924,0.081745505,0.10099091,0.12453597,0.13616237,0.14078589,0.1540004,0.15749945,0.17165354,0.11165922
2022-11-11,0.18123563,0.0768804994584358,0.091748014,0.24228932,0.09435521,-0.059738025,0.21928273,0.3750497,0.09578482,0.08573544,0.08584533,0.09471145,0.11220737,0.13260283,0.14199337,0.14641103,0.15691435,0.15868166,0.15749334,0.10737516
2022-11-12,0.1578875,0.05429521774223666,0.079727925,0.20626841,0.07926267,0.038161773,0.28811145,0.42794305,0.121480174,0.11344719,0.10904849,0.11480913,0.13066043,0.14773248,0.15456654,0.15881711,0.16623227,0.16636106,0.14355457,0.10341552
2022-11-13,0.13393159,0.027672188073952504,0.067125276,0.16974807,0.063903935,0.13885996,0.3586993,0.48232767,0.15246244,0.14720577,0.13843921,0.14105876,0.15533952,0.16873619,0.17265575,0.1766284,0.18076868,0.17912659,0.1293753,0.099112466
2022-11-14,0.109774,-0.0016812138188607513,0.054200567,0.13354073,0.048622925,0.24015164,0.4293205,0.53668267,0.18779363,0.18583843,0.17294413,0.1724914,0.18533412,0.19485047,0.19560954,0.19914037,0.19999416,0.19657959,0.115448326,0.09485989
2022-11-15,0.08581036,-0.032532364642712065,0.041203547,0.09845561,0.033759873,0.33987164,0.49828395,0.5895248,0.22655964,0.22819863,0.21151467,0.20815925,0.21975163,0.22532439,0.2227852,0.2256566,0.22338516,0.21832773,0.10224891,0.09103215
2022-11-16,0.06289723,-0.05948995338108581,0.028863426,0.06604455,0.020039871,0.4331728,0.5615539,0.63717264,0.26493087,0.26990172,0.2500793,0.24437155,0.25526235,0.2573871,0.2517566,0.25342578,0.24894212,0.24242271,0.091026604,0.08868555
2022-11-17,0.041471906,-0.08264510109388304,0.017421542,0.035996534,0.007386095,0.5196868,0.6193516,0.68006843,0.302848,0.31118798,0.28878933,0.2812299,0.29187793,0.29097486,0.2824398,0.28263962,0.2765085,0.26854864,0.08160234,0.0870108
2022-11-18,0.021809908,-0.10229778824035976,0.0069877137,0.008613713,-0.004081146,0.5984919,0.67117316,0.7178947,0.34037477,0.35212445,0.32770213,0.31877497,0.32957357,0.32603124,0.314785,0.31335166,0.30601984,0.2967063,0.07403642,0.08582745
2022-11-19,0.0041920557,-0.11871245611983743,-0.0023235632,-0.015801778,-0.014240478,0.66865206,0.7165083,0.7503352,0.377522,0.39272702,0.36682588,0.3570008,0.36828172,0.36246124,0.34870523,0.34557512,0.33737773,0.32685554,0.06838503,0.08493686
2022-11-20,-0.011095548,-0.13211800687170283,-0.010393124,-0.0369478,-0.02296947,0.72921723,0.7548406,0.7770751,0.41424784,0.43296033,0.4061196,0.39585492,0.40789226,0.4001311,0.3840764,0.37928292,0.37045014,0.3589152,0.06470033,0.084122196
2022-11-21,-0.023677299,-0.14015898437392527,-0.017010132,-0.05437733,-0.030061405,0.7761353,0.7823736,0.7943584,0.45252416,0.47551212,0.448249,0.4379801,0.45076877,0.4413273,0.4233005,0.41727492,0.40744656,0.39548498,0.06519587,0.08544548
2022-11-22,-0.03328659,-0.14390350498226623,-0.02207715,-0.06783996,-0.03542145,0.8095311,0.7997475,0.8031022,0.49146545,0.51925385,0.49209046,0.4822515,0.495817,0.48496056,0.4652635,0.45841938,0.447319,0.43542975,0.06914229,0.0891752
2022-11-23,-0.039887603,-0.15091272729901542,-0.025736978,-0.077500455,-0.039176375,0.83327866,0.81141376,0.8080349,0.5299544,0.5619639,0.5354192,0.52642846,0.5410629,0.52892715,0.5076558,0.5001249,0.48786083,0.4762428,0.07366088,0.09243328
2022-11-24,-0.04311395,-0.15970407455383565,-0.02779032,-0.08295173,-0.041144863,0.84595126,0.8164464,0.80851567,0.56718373,0.6029446,0.57754904,0.56983405,0.585772,0.5725516,0.5498515,0.5418523,0.52849615,0.5173404,0.07890602,0.09544072
2022-11-25,-0.042597737,-0.16885900079430183,-0.028037148,-0.083793454,-0.04114802,0.8461267,0.8139287,0.8039163,0.6023388,0.6414879,0.61778474,0.6117844,0.629207,0.61515474,0.5912204,0.58305615,0.5686447,0.55813044,0.08502724,0.09842572
2022-11-26,-0.037969574,-0.1770229908859012,-0.026276706,-0.07963202,-0.03900938,0.832387,0.802953,0.7936207,0.6345972,0.6768755,0.6554223,0.6515884,0.67062795,0.6560538,0.6311283,0.62318456,0.6077218,0.5980125,0.092169136,0.10162369
2022-11-27,-0.032231033,-0.18493359791038277,-0.02396374,-0.07385194,-0.03623289,0.8147309,0.7899169,0.7821643,0.665041,0.7097458,0.6906268,0.68895537,0.7094972,0.69447213,0.6686705,0.6611427,0.64461166,0.6359098,0.098935105,0.10436901
2022-11-28,-0.026001627,-0.1919608499568081,-0.02138316,-0.06718234,-0.03314044,0.7951058,0.7760768,0.77046734,0.69339526,0.7397623,0.7229346,0.72330004,0.7451296,0.7296931,0.70312583,0.69620806,0.6785658,0.67106754,0.10500815,0.106644325
2022-11-29,-0.019959487,-0.1975749563314087,-0.018848673,-0.0604263,-0.03008628,0.77566713,0.7628285,0.75955445,0.71941143,0.7666024,0.7518889,0.7540374,0.7768405,0.76099485,0.73376465,0.7276421,0.7088221,0.7027142,0.11003897,0.10842332
2022-11-30,-0.014841363,-0.20134630755758579,-0.016702771,-0.054460876,-0.027456976,0.7587782,0.7517068,0.750554,0.7428674,0.7899579,0.77703965,0.7805825,0.8039463,0.7876503,0.75984824,0.7546905,0.7346044,0.7300617,0.113646045,0.109670684
2022-12-01,-0.011442619,-0.2029454753759104,-0.015316749,-0.05023709,-0.02567144,0.7470101,0.7443857,0.74469864,0.7635678,0.80953455,0.7979436,0.8023509,0.8257642,0.80892694,0.78062904,0.77658296,0.75512296,0.75230515,0.115415536,0.1103421
2022-12-02,-0.010617238,-0.20214321274412367,-0.015090689,-0.048779946,-0.025180904,0.7431418,0.74267834,0.7433249,0.7813436,0.8250523,0.81416416,0.8187582,0.84161204,0.82408726,0.79535043,0.79253304,0.7695741,0.768623,0.11490137,0.11038427
2022-12-03,-0.013180382,-0.19076615005801592,-0.016358841,-0.051022284,-0.026378663,0.7504133,0.7488343,0.7481369,0.79658467,0.83713776,0.82604486,0.8299005,0.8511705,0.8327883,0.80372167,0.80252814,0.7776357,0.7788576,0.11154684,0.1096769
2022-12-04,-0.0154626435,-0.17165836834506795,-0.017572489,-0.05310403,-0.027485372,0.7594803,0.75690824,0.7546087,0.8104909,0.8480201,0.83631885,0.8390625,0.85810274,0.83886814,0.80955404,0.8104494,0.78319496,0.786825,0.10759354,0.1081694
2022-12-05,-0.01715113,-0.14756599428886819,-0.018649504,-0.054829594,-0.02839474,0.7699998,0.7666994,0.76254374,0.82323885,0.8579885,0.8453224,0.84664357,0.8629246,0.8428312,0.8133051,0.8166653,0.78668207,0.7928726,0.10332589,0.105800785
2022-12-06,-0.017905826,-0.12113720022911273,-0.019497855,-0.055982463,-0.028989095,0.7816211,0.77801216,0.7717494,0.8350714,0.8674182,0.8534786,0.8531334,0.8662412,0.8452708,0.81552,0.8216364,0.7886127,0.7974356,0.09904267,0.10249962
2022-12-07,-0.018772278,-0.09347379610884146,-0.02046503,-0.057307377,-0.029674938,0.7942408,0.7902537,0.78185785,0.84629804,0.8767706,0.8612978,0.8591119,0.8687473,0.8468691,0.8168313,0.8259156,0.7895883,0.80103654,0.09431348,0.098763004
2022-12-08,-0.019771716,-0.06660204321150603,-0.02157137,-0.058834918,-0.030469356,0.8075676,0.8031204,0.79263186,0.8572948,0.886593,0.869377,0.86524934,0.871227,0.8483973,0.81795937,0.8301482,0.79029584,0.804286,0.08924713,0.094668955
2022-12-09,-0.020923432,-0.04242443015130461,-0.022835327,-0.060592264,-0.031387605,0.821307,0.8163064,0.80383486,0.868504,0.8975186,0.8784005,0.87230617,0.87455404,0.85071546,0.81971186,0.8350718,0.7915081,0.807882,0.08395353,0.09029538
2022-12-10,-0.022244774,-0.022719672873181978,-0.024273455,-0.06260322,-0.03244311,0.83516115,0.8295041,0.81523126,0.88043463,0.91026694,0.8891394,0.88113314,0.8796913,0.8547723,0.8229842,0.8415161,0.7940834,0.81261027,0.07854372,0.085720085
2022-12-11,-0.023751147,-0.009142714652829415,-0.025900418,-0.0648882,-0.033647463,0.8488291,0.8424034,0.8265862,0.8936621,0.9256434,0.9024519,0.8926712,0.88769144,0.8616058,0.8287592,0.85040313,0.7989658,0.8193442,0.07312984,0.08102078
2022-12-12,-0.025486197,-0.0018830380860777388,-0.027751442,-0.067453265,-0.035003316,0.8619961,0.8546509,0.837651,0.9049013,0.93888676,0.9138515,0.90223634,0.8939371,0.8666532,0.83266336,0.8570509,0.8020133,0.8237318,0.06773076,0.07617075
2022-12-13,-0.027478054,-0.018868779626793654,-0.029836727,-0.070498504,-0.036620043,0.8736742,0.86519337,0.84742993,0.9132754,0.9479723,0.9215787,0.90822166,0.8973812,0.8688705,0.833561,0.8599309,0.802145,0.8245135,0.06268774,0.0714845
2022-12-14,-0.02924855,-0.05182998758627052,-0.03167165,-0.07328212,-0.03810829,0.8816114,0.87210435,0.85382533,0.917897,0.95252657,0.9251538,0.9104198,0.8978389,0.86840963,0.8318128,0.85947084,0.79984003,0.8224408,0.0589682,0.067992546
2022-12-15,-0.030667286,-0.0949495496357269,-0.03312512,-0.07554402,-0.039330777,0.88507426,0.87474746,0.85622597,0.9182817,0.95223576,0.92429155,0.90859336,0.8950401,0.86510414,0.8273533,0.8555978,0.79509526,0.8175293,0.05685892,0.06596678
2022-12-16,-0.03159384,-0.14262415023952968,-0.034055416,-0.07701307,-0.040144466,0.8832704,0.8724327,0.85396457,0.91392046,0.9467357,0.9186615,0.90246725,0.8886883,0.85876787,0.8201006,0.84821737,0.78789604,0.8097876,0.056669693,0.06570302
2022-12-17,-0.032529034,-0.1953139256505811,-0.034987524,-0.07843782,-0.04093743,0.87910926,0.8677038,0.84940726,0.90834135,0.9401222,0.9120992,0.89554816,0.8818536,0.85200363,0.8124327,0.840065,0.7802636,0.80137503,0.057639126,0.066551685
2022-12-18,-0.033503935,-0.2495636406828941,-0.035957664,-0.0798282,-0.041713025,0.8727866,0.8607299,0.8426832,0.9021807,0.9332568,0.90542257,0.8886093,0.87518495,0.84541214,0.80496305,0.8318426,0.77276224,0.7929201,0.05980125,0.068571314
2022-12-19,-0.0345512,-0.3022361288686809,-0.03700348,-0.08120147,-0.04247841,0.86450624,0.85168505,0.83392054,0.8961225,0.9270311,0.89947945,0.88245416,0.869366,0.83962446,0.79833287,0.82428205,0.7659813,0.78508204,0.06319363,0.07182707
2022-12-20,-0.035705067,-0.3505122924583542,-0.038164046,-0.0825822,-0.04324455,0.8544801,0.8407482,0.8232462,0.8908987,0.92236656,0.89514756,0.8779169,0.86511445,0.83530235,0.79321104,0.81814486,0.7605351,0.7785512,0.06785733,0.076390736
2022-12-21,-0.037208896,-0.3732561312520494,-0.039743587,-0.08351601,-0.043755285,0.84229773,0.82726175,0.81003714,0.8865843,0.9233931,0.89631885,0.87850136,0.8638974,0.8339124,0.79137653,0.8162312,0.7582006,0.7748369,0.074358605,0.08283158
2022-12-22,-0.03914233,-0.37846192221579295,-0.04181008,-0.08441599,-0.044240974,0.83267945,0.8162379,0.79944247,0.88140273,0.9261235,0.89905715,0.8803714,0.8627688,0.8325028,0.7896251,0.8146826,0.7559533,0.77064914,0.07956708,0.087885365
2022-12-23,-0.041522395,-0.3737202487185342,-0.044337116,-0.086236246,-0.0452298,0.8292661,0.81167763,0.7953246,0.87650824,0.92765814,0.9005831,0.8810073,0.8607835,0.83063126,0.78694475,0.8112333,0.75259167,0.7651817,0.08141698,0.089518934
2022-12-24,-0.044028394,-0.3544184945050704,-0.046990674,-0.08841889,-0.046420377,0.82782876,0.8092775,0.7933928,0.8721515,0.92901444,0.90191853,0.88146055,0.858915,0.82919276,0.7844941,0.8074262,0.7492861,0.7598437,0.08228744,0.09014848
2022-12-25,-0.04658101,-0.3223496731064542,-0.04968733,-0.0908303,-0.04773908,0.82799965,0.8086553,0.7932714,0.86836,0.93012464,0.9029884,0.88166606,0.8572373,0.828062,0.78222257,0.80332816,0.7460336,0.7546588,0.082349986,0.08994446
2022-12-26,-0.04910415,-0.2791210676379281,-0.05234722,-0.093342364,-0.04911536,0.8294329,0.8094519,0.7946061,0.8651684,0.9309457,0.90374047,0.881579,0.855824,0.8271297,0.7800921,0.79901963,0.74284136,0.74966323,0.081767134,0.08906927
2022-12-27,-0.05152493,-0.22615423079892433,-0.05489404,-0.0958325,-0.050481718,0.83180445,0.81133056,0.79706305,0.8626182,0.9314593,0.9041455,0.8811745,0.8547485,0.8263027,0.77807695,0.7945948,0.73972666,0.74490535,0.08069238,0.08767724
2022-12-28,-0.05377369,-0.16468498487306477,-0.05725504,-0.09818365,-0.05177371,0.83481205,0.8139777,0.8003295,0.860758,0.93167186,0.90419686,0.8804481,0.8540837,0.8255037,0.77616364,0.7901615,0.7367169,0.740446,0.079270214,0.08591463
2022-12-29,-0.05578398,-0.09576342172816119,-0.059361022,-0.100284286,-0.052929956,0.8381751,0.8171024,0.8041134,0.85964316,0.93161446,0.90391105,0.87941533,0.8539023,0.8246715,0.7743511,0.78584117,0.73384976,0.7363582,0.077636085,0.08391964
2022-12-30,-0.057492584,-0.020253902816214895,-0.061146345,-0.10202839,-0.053892136,0.84163517,0.82043654,0.80814356,0.8593361,0.9313431,0.90332747,0.87811196,0.8542765,0.82376087,0.7726509,0.78176916,0.73117286,0.7327276,0.07591646,0.08182238
2022-12-31,-0.05888381,0.05635581172088649,-0.06258155,-0.103132896,-0.05450223,0.8437254,0.822296,0.81101435,0.8599062,0.92955345,0.9009626,0.8748831,0.85527825,0.8208608,0.7693836,0.77641034,0.72707397,0.7279301,0.07466073,0.080026045
2023-01-01,-0.05988504,0.1352903673719394,-0.06359644,-0.10356804,-0.05474473,0.84467,0.82297224,0.812909,0.8614298,0.92684555,0.8974536,0.870416,0.85697913,0.81663007,0.7651936,0.7705288,0.72221756,0.72269094,0.07382304,0.07854421
2023-01-02,-0.06042797,0.21784168858574515,-0.06412522,-0.103305094,-0.05460466,0.8446848,0.82274413,0.81400305,0.8639902,0.92380995,0.8934223,0.8653755,0.85945046,0.81169724,0.76069564,0.7648607,0.717237,0.7177051,0.07335917,0.07738932
2023-01-03,-0.06058324,0.29425357379552775,-0.06423716,-0.1025459,-0.054192327,0.84362733,0.8214672,0.8141005,0.866942,0.9197949,0.88840693,0.859465,0.86226326,0.80610776,0.7558191,0.7590233,0.71205014,0.7126971,0.07333477,0.07665282
2023-01-04,-0.060330756,0.36268326861257405,-0.063913636,-0.101331286,-0.053530496,0.84159344,0.8192744,0.81325465,0.87016606,0.91500956,0.8826848,0.853029,0.8653412,0.80026686,0.75092673,0.7533765,0.7070272,0.7080253,0.073740706,0.07636841
2023-01-05,-0.059425067,0.42231465682491803,-0.062907435,-0.09950036,-0.05253702,0.8376287,0.81541336,0.8101803,0.873988,0.91047597,0.8776531,0.8478494,0.86886716,0.79614633,0.74793124,0.75001836,0.7042481,0.7057762,0.07529798,0.07756779
2023-01-06,-0.057942387,0.47062987984965954,-0.06129732,-0.097178064,-0.05127862,0.83216953,0.8102859,0.8053756,0.87811524,0.9060391,0.87310845,0.8436665,0.87265027,0.7934972,0.7465444,0.7485764,0.7033702,0.70558065,0.077745065,0.07992896
2023-01-07,-0.05595385,0.5057498325419234,-0.0591522,-0.09462488,-0.04989206,0.8266611,0.8053124,0.8006427,0.8809582,0.9008609,0.8680572,0.83941966,0.876044,0.7915139,0.7459253,0.74791694,0.7034086,0.7064562,0.08019419,0.082331106
2023-01-08,-0.053539824,0.5246872838797739,-0.05655645,-0.0919174,-0.048419286,0.82108486,0.80043375,0.795904,0.8826994,0.89500535,0.86256444,0.8351294,0.87901396,0.7901448,0.74597836,0.7479316,0.7042503,0.7082451,0.08265804,0.08479608
2023-01-09,-0.05078153,0.5243709096661611,-0.05359507,-0.08913558,-0.046904072,0.81540763,0.795576,0.79106814,0.883494,0.8885095,0.8566701,0.83079404,0.88151205,0.78932387,0.7465926,0.7484902,0.7057664,0.7107717,0.08515482,0.08735029
2023-01-10,-0.047761023,0.5016452925289214,-0.050353695,-0.086362734,-0.045392025,0.809582,0.7906499,0.7860305,0.8834704,0.8813832,0.85038906,0.82639,0.88347626,0.7889708,0.7476413,0.7494405,0.7078123,0.71384203,0.087708205,0.090024695
2023-01-11,-0.044561215,0.4532709219207774,-0.046918593,-0.08368554,-0.043930557,0.8035461,0.7855511,0.780673,0.88272953,0.8736092,0.84371096,0.8218717,0.884831,0.788991,0.7489822,0.75060844,0.7102275,0.71724415,0.09034741,0.09285487
2023-01-12,-0.04119717,0.38172346404699753,-0.04330907,-0.08113556,-0.042538583,0.79677135,0.7796646,0.7742665,0.88299894,0.86614853,0.83756375,0.81798166,0.88629895,0.79007626,0.7512679,0.7526889,0.7136101,0.721594,0.09341374,0.096251704
2023-01-13,-0.03776732,0.30489723848815115,-0.039646853,-0.07856496,-0.041134942,0.7902647,0.77403706,0.7679273,0.8843296,0.8604217,0.8331929,0.8157879,0.8882947,0.79262745,0.75499225,0.7564718,0.7184241,0.7273713,0.09648602,0.0997576
2023-01-14,-0.0343768,0.22424659247443882,-0.036045536,-0.076012835,-0.03974053,0.784347,0.768979,0.76200384,0.88636625,0.8565404,0.8306777,0.8153349,0.89066875,0.79647905,0.7599777,0.76181114,0.724478,0.73433137,0.09940445,0.10318974
2023-01-15,-0.031283036,0.12692899320011156,-0.032783132,-0.0733923,-0.038307913,0.7804553,0.76597565,0.75781065,0.8877001,0.8544451,0.82993937,0.8166821,0.89237344,0.8006755,0.7653308,0.7683049,0.7310204,0.74149406,0.10141521,0.10585673
2023-01-16,-0.02853432,0.02062535572775713,-0.0299125,-0.07078097,-0.03687891,0.7784907,0.7648955,0.7553288,0.88840914,0.85438067,0.83117986,0.81992453,0.8936285,0.80538017,0.7711803,0.77595407,0.7381069,0.74892706,0.102586664,0.10777416
2023-01-17,-0.026073623,-0.07950982560902695,-0.027379856,-0.068430826,-0.035588063,0.77807796,0.7653134,0.75445133,0.8896757,0.8570639,0.83514005,0.8255012,0.89593774,0.81184185,0.77867156,0.7852503,0.7467213,0.757784,0.10316867,0.10904317
2023-01-18,-0.023993306,-0.1682018754979062,-0.025283743,-0.06634356,-0.034436725,0.7792614,0.76724917,0.7552252,0.891178,0.8626313,0.8418845,0.8334396,0.89905757,0.81983584,0.787578,0.79605913,0.7566009,0.7677504,0.10314585,0.10963563
2023-01-19,-0.022385798,-0.23988325589026982,-0.023723206,-0.064519525,-0.033425473,0.782097,0.7707345,0.75770926,0.8926192,0.87125635,0.85151374,0.84379864,0.9027742,0.8291643,0.797701,0.80827445,0.76751107,0.77854073,0.102499515,0.10952005
2023-01-20,-0.021670572,-0.3234445080620957,-0.023134835,-0.063217506,-0.032694496,0.7852738,0.77444994,0.76073915,0.8892721,0.8823474,0.86315525,0.85289246,0.9039395,0.8371648,0.80687845,0.8194412,0.7775444,0.78805375,0.10169653,0.10908989
2023-01-21,-0.021536678,-0.4260706252082056,-0.023133935,-0.06301431,-0.032567102,0.7902344,0.7801003,0.7658742,0.8834542,0.8920454,0.8732186,0.8585445,0.90246964,0.843512,0.8141838,0.8275833,0.7855582,0.7956325,0.09981609,0.107475795
2023-01-22,-0.021883713,-0.48858154672669746,-0.023601843,-0.064017504,-0.033105034,0.8002107,0.7907749,0.7763176,0.8822362,0.8996084,0.8810356,0.8655309,0.9014229,0.85038555,0.8204023,0.8339765,0.7913603,0.80146915,0.09546822,0.10321268
2023-01-23,-0.022596579,-0.5159108452735645,-0.024446322,-0.065402426,-0.03385172,0.8124535,0.80350405,0.78913605,0.8839002,0.90661925,0.8881343,0.87448376,0.90111876,0.857405,0.8258536,0.83979523,0.7956702,0.8058949,0.09006792,0.09771915
2023-01-24,-0.023575705,-0.5149818701656892,-0.025560437,-0.06703152,-0.03473245,0.8261592,0.81751573,0.80349445,0.8876603,0.9129151,0.89438623,0.8846004,0.9013837,0.8642401,0.8304729,0.8449155,0.79862887,0.8089915,0.08396399,0.09137954
2023-01-25,-0.024245357,-0.49842706575497864,-0.026325326,-0.06818677,-0.035362966,0.83995795,0.83180344,0.8177033,0.89032483,0.9175003,0.8992598,0.89363873,0.901877,0.8708139,0.8351919,0.8497941,0.8020494,0.8121023,0.07763861,0.08503905
2023-01-26,-0.024682393,-0.4705804477513129,-0.026823355,-0.068938136,-0.03577901,0.8532604,0.8456784,0.8312502,0.8920772,0.9204652,0.90271884,0.9013538,0.90251505,0.87667894,0.8395385,0.85406303,0.8054008,0.81479275,0.07138761,0.078902766
2023-01-27,-0.024743922,-0.4474396051374046,-0.026911872,-0.069251716,-0.035954546,0.8637926,0.85664463,0.8421878,0.8935121,0.92297655,0.90550923,0.90785813,0.9029189,0.881086,0.8428346,0.8580491,0.80803835,0.81682384,0.06646544,0.073945105
2023-01-28,-0.02456385,-0.42896763354393486,-0.026730191,-0.0692011,-0.03592932,0.8715457,0.86464465,0.8504838,0.89463407,0.9246485,0.90724146,0.9127383,0.90313005,0.88368386,0.84468883,0.8611346,0.80949575,0.81770027,0.06282814,0.07010886
2023-01-29,-0.024261808,-0.4153299329261978,-0.026402408,-0.0688435,-0.03573409,0.8764604,0.86957055,0.856057,0.89544433,0.9250837,0.90751487,0.91557264,0.9031908,0.8841091,0.8447081,0.8627181,0.80931354,0.8169353,0.060456432,0.06736097
2023-01-30,-0.024273273,-0.39071927626331415,-0.026402019,-0.06837784,-0.035474952,0.8792987,0.87208384,0.8596288,0.896629,0.92436683,0.9064535,0.916397,0.904138,0.8829626,0.8432469,0.862055,0.8073906,0.81444424,0.05891679,0.06523658
2023-01-31,-0.02451017,-0.35483730666797747,-0.026647355,-0.06802434,-0.035276547,0.8812893,0.8736717,0.86231315,0.89793736,0.923815,0.90557796,0.91697085,0.905661,0.8821082,0.8419933,0.86096054,0.80546415,0.8119963,0.05779915,0.063525245
2023-02-01,-0.024765132,-0.3693499390656798,-0.02692469,-0.06802972,-0.035276312,0.88367736,0.87589294,0.8652087,0.8990746,0.92291474,0.90452653,0.9171221,0.9074571,0.88137776,0.840757,0.85957694,0.8035742,0.80953044,0.05648869,0.061820373
2023-02-02,-0.02503577,-0.41761396849529125,-0.027227167,-0.06833807,-0.035444535,0.88602036,0.8782689,0.86786836,0.8998386,0.9218398,0.9034887,0.91708565,0.9092725,0.88094413,0.8397235,0.8581589,0.8019318,0.80727595,0.05524232,0.060377095
2023-02-03,-0.025308607,-0.4840871550777944,-0.027537001,-0.06889081,-0.035750076,0.887908,0.88036346,0.8698738,0.90003955,0.92078674,0.902685,0.9171354,0.9108781,0.88103336,0.8391309,0.8570138,0.80080307,0.8055187,0.0543044,0.059444603
2023-02-04,-0.02552524,-0.49516946579233706,-0.027776968,-0.0688787,-0.03573092,0.88576245,0.8779707,0.86755544,0.8979805,0.91924465,0.90146667,0.9167534,0.9095168,0.8800179,0.8376876,0.8558432,0.7992542,0.803543,0.055445675,0.06056658
2023-02-05,-0.025982756,-0.4602481143547197,-0.028249782,-0.0687908,-0.03565522,0.88181186,0.8732964,0.8635537,0.8934162,0.9165509,0.8988419,0.91454864,0.90555,0.87669057,0.8341034,0.85282797,0.79568666,0.7996728,0.057331834,0.062137324
2023-02-06,-0.0272095,-0.39192023130198456,-0.029495157,-0.06988402,-0.036240447,0.8796546,0.8704204,0.861743,0.8876422,0.91353965,0.89560884,0.91095865,0.90121555,0.8724045,0.82923937,0.847548,0.7903898,0.79389024,0.058206405,0.062486112
2023-02-07,-0.029098772,-0.2971074901049782,-0.03141181,-0.0718675,-0.03732948,0.8781245,0.86817014,0.8606137,0.8821888,0.91105145,0.89273953,0.9070031,0.8970903,0.8679084,0.8238975,0.8411382,0.78431284,0.78714776,0.058784522,0.0625261
2023-02-08,-0.0315433,-0.18179672175816966,-0.033893444,-0.07459102,-0.038837995,0.87711734,0.86644435,0.8600177,0.877308,0.9092712,0.89043736,0.90291446,0.8933054,0.8633996,0.8183314,0.8339776,0.7777628,0.7797871,0.059128538,0.062342424
2023-02-09,-0.03444132,-0.05178101509514085,-0.036839474,-0.07790937,-0.040684536,0.87654185,0.8651537,0.85981774,0.8732754,0.90840125,0.8889213,0.898936,0.8899993,0.85908014,0.81279707,0.8264471,0.771047,0.7721493,0.05929576,0.062015805
2023-02-10,-0.03769657,0.08734028321141321,-0.040155053,-0.081682466,-0.04279052,0.8763196,0.86422086,0.8598874,0.8703903,0.90866125,0.8884257,0.89532185,0.8873176,0.8551564,0.80755305,0.8189298,0.76447344,0.7645744,0.05933843,0.061622575
2023-02-11,-0.0412183,0.23016156864968426,-0.043751027,-0.08577524,-0.04508024,0.876385,0.8635804,0.86011106,0.86897576,0.910288,0.8892006,0.89233714,0.8854132,0.85183954,0.8028602,0.8118105,0.75835013,0.75740194,0.059303734,0.061234646
2023-02-12,-0.045016155,0.3634577019490037,-0.04763738,-0.09013853,-0.047522757,0.8773103,0.8638637,0.8612096,0.8670935,0.91214645,0.8901805,0.8891382,0.88332415,0.84823865,0.7978618,0.8042451,0.7519157,0.7498014,0.058810078,0.060407203
2023-02-13,-0.049038306,0.4798537167664702,-0.05176387,-0.0946712,-0.05006043,0.87923944,0.8652307,0.86333185,0.8644417,0.91409934,0.89125496,0.88568246,0.88088775,0.8442484,0.79249424,0.7962605,0.7451643,0.74176687,0.05776991,0.05905267
2023-02-14,-0.053240113,0.5720255497592893,-0.05608765,-0.099278614,-0.052639227,0.8823404,0.8678655,0.86665225,0.86070174,0.91600204,0.8923053,0.8819185,0.87792873,0.8397485,0.7866764,0.7878634,0.7380716,0.73327076,0.056083057,0.05706993
2023-02-15,-0.057372253,0.6531119569424592,-0.060344893,-0.10404297,-0.05530112,0.8852503,0.8703399,0.8700228,0.85702693,0.9179808,0.893462,0.87779754,0.87552845,0.83572227,0.78132886,0.7794272,0.73139614,0.72530913,0.054466967,0.055056922
2023-02-16,-0.061342172,0.721894185784484,-0.064440355,-0.10893274,-0.05802649,0.8877276,0.8724049,0.8732725,0.85350245,0.91995776,0.89466554,0.8732536,0.87385964,0.832348,0.77663517,0.77103245,0.72531193,0.71811867,0.05304043,0.05309504
2023-02-17,-0.06521002,0.7673955537728647,-0.0684339,-0.11367703,-0.06066854,0.8899356,0.87423944,0.87637365,0.84869397,0.92123586,0.89514035,0.8677685,0.87132794,0.8283089,0.77137935,0.7620922,0.7187135,0.7104357,0.05166256,0.05113892
2023-02-18,-0.06893401,0.7862348467063721,-0.07228158,-0.118190214,-0.06317922,0.89174545,0.87571204,0.8792,0.8422559,0.92155087,0.8946103,0.86112833,0.86760306,0.8233516,0.7653344,0.7524682,0.71139127,0.7020504,0.050379507,0.049231242
2023-02-19,-0.07222251,0.7259088897672615,-0.075664535,-0.12213673,-0.0653695,0.8931486,0.8768891,0.88172066,0.83255595,0.9188063,0.89145213,0.8521492,0.8620412,0.81704545,0.7582125,0.7415577,0.7031049,0.69265217,0.049093485,0.047323365
2023-02-20,-0.07468549,0.6491481590320439,-0.078185454,-0.12517329,-0.067054585,0.8958867,0.87945825,0.88549167,0.8258223,0.9144682,0.88722694,0.8461416,0.85846835,0.8125911,0.7525034,0.73261535,0.69594216,0.68454695,0.047220573,0.044891536
2023-02-21,-0.07651686,0.6305251292996003,-0.08007899,-0.12740912,-0.06829732,0.90069777,0.8840406,0.8912609,0.82417893,0.91073126,0.8833635,0.84513044,0.8571604,0.81011,0.74793404,0.7263976,0.68946457,0.6774196,0.044375386,0.042025268
2023-02-22,-0.07754224,0.6137168884112105,-0.08115783,-0.12867402,-0.0690053,0.904553,0.8878754,0.8959762,0.8217821,0.9076223,0.8800433,0.8444642,0.8558547,0.80814034,0.7443988,0.72205156,0.68458956,0.67190725,0.04188753,0.04002043
2023-02-23,-0.077585526,0.5909763017382524,-0.08123295,-0.12879518,-0.06908477,0.9068391,0.89042056,0.8989655,0.81824523,0.9051682,0.877446,0.8438854,0.854744,0.80698067,0.7424564,0.720034,0.6820864,0.6687361,0.04009956,0.039106995
2023-02-24,-0.07646887,0.5543798683190633,-0.08011362,-0.12759712,-0.06844061,0.9069316,0.8911269,0.8995445,0.8131132,0.9033958,0.87574905,0.8430911,0.85398835,0.8069058,0.7426532,0.72078824,0.68272215,0.66862446,0.039353628,0.03953072
2023-02-25,-0.074674346,0.5040390278420395,-0.07831855,-0.12570392,-0.06740399,0.9049839,0.88976073,0.8982068,0.8092513,0.9034569,0.87565464,0.84374666,0.85396355,0.80780107,0.74411637,0.7239206,0.6849067,0.670501,0.03980403,0.040907703
2023-02-26,-0.072097845,0.4242967278917372,-0.07573972,-0.123242155,-0.06603762,0.89837104,0.8835429,0.8923649,0.8083704,0.9065511,0.87852705,0.84704614,0.8562583,0.8109484,0.74821204,0.73078007,0.6901173,0.6759845,0.043222684,0.04332544
2023-02-27,-0.0690957,0.3289971645376147,-0.07274425,-0.120377116,-0.0644381,0.8897858,0.875316,0.8844273,0.8098144,0.9112143,0.88320804,0.85230356,0.86092377,0.81643224,0.75485015,0.7401334,0.69804746,0.68443483,0.048038352,0.045819964
2023-02-28,-0.06582596,0.22025198912761315,-0.0694974,-0.11720003,-0.06265636,0.8802353,0.86610764,0.8753702,0.8133659,0.91711134,0.88936573,0.85921335,0.86772174,0.8240462,0.76373017,0.7514267,0.7082603,0.6953947,0.05364655,0.048176818
2023-03-01,-0.062179103,0.10271791135731007,-0.06586965,-0.11332039,-0.060485095,0.8721813,0.8585971,0.8677726,0.81779546,0.92291296,0.8957636,0.8669721,0.8758252,0.8333787,0.7744692,0.7641231,0.72021544,0.7083608,0.05849404,0.05013571
2023-03-02,-0.05798168,-0.04470967399911213,-0.0616589,-0.10881983,-0.057970893,0.86488324,0.85205585,0.8608353,0.82232934,0.9279889,0.90168214,0.8748212,0.8838666,0.84296054,0.78575695,0.7778455,0.7330124,0.722328,0.06294349,0.05209416
2023-03-03,-0.05338768,-0.22727844886243626,-0.057024356,-0.10393758,-0.055244472,0.85847634,0.8465818,0.85461813,0.8268534,0.93217856,0.90691507,0.8824495,0.8914468,0.85227543,0.7970111,0.79204583,0.746084,0.736665,0.066915095,0.053989764
2023-03-04,-0.048764486,-0.37114401818046205,-0.052339688,-0.09861241,-0.052270655,0.8513804,0.84019953,0.8476137,0.83130527,0.93596196,0.9117541,0.88989556,0.8981651,0.8610714,0.80795056,0.8062241,0.75896186,0.7509547,0.07120981,0.056423657
2023-03-05,-0.04432429,-0.4588341725217306,-0.047821492,-0.092994295,-0.04913104,0.8432335,0.83240837,0.8394336,0.83553773,0.93932676,0.9161001,0.8969196,0.903579,0.8688697,0.8180444,0.81982714,0.77107775,0.76459557,0.076000854,0.05952162
2023-03-06,-0.03970667,-0.4977633832738093,-0.04308649,-0.08655954,-0.045522552,0.8321817,0.82115054,0.82774925,0.83922064,0.9407531,0.9187276,0.9028748,0.907302,0.87554777,0.82747155,0.83289903,0.78306705,0.77828074,0.08224022,0.064379595
2023-03-07,-0.035377845,-0.5407283712290641,-0.03863384,-0.08071849,-0.04225017,0.8227554,0.8116775,0.8173491,0.8443083,0.94174886,0.92115074,0.90878654,0.91234106,0.8830908,0.837596,0.8455595,0.7956285,0.7923722,0.087725386,0.06899841
2023-03-08,-0.032704696,-0.5492645658092892,-0.03594575,-0.077328205,-0.040360294,0.8183809,0.8075645,0.81211996,0.8535518,0.94565195,0.92603767,0.91581774,0.9196939,0.89152837,0.8476378,0.85664624,0.80701566,0.8048311,0.09092329,0.07167263
2023-03-09,-0.031108499,-0.5243438619700587,-0.034412425,-0.07524626,-0.03920168,0.8163257,0.8057219,0.8091897,0.8650184,0.95132875,0.932319,0.9233026,0.9274314,0.89968234,0.8568666,0.866417,0.816992,0.81568587,0.09306245,0.073532365
2023-03-10,-0.030479688,-0.471701853500665,-0.03390353,-0.07432212,-0.03869009,0.81629217,0.80583894,0.80827147,0.8779373,0.9583311,0.9395971,0.9309594,0.9352889,0.90737265,0.86514926,0.87476397,0.82548606,0.82487285,0.094215654,0.0746444
2023-03-11,-0.030708333,-0.39714278395925323,-0.034289625,-0.07440653,-0.038741946,0.8179903,0.80761474,0.80908626,0.89157355,0.96622777,0.94749016,0.93852,0.9430132,0.9144306,0.872364,0.88159406,0.8324375,0.8323398,0.0944561,0.07507648
2023-03-12,-0.031684127,-0.3065395466728192,-0.03544217,-0.07535142,-0.039274327,0.8211382,0.8107579,0.81136274,0.90522796,0.97460407,0.9556326,0.9457301,0.95036316,0.92069876,0.8784007,0.8868284,0.837797,0.83804613,0.09385741,0.07489725
2023-03-13,-0.03329639,-0.20583368473720975,-0.037233517,-0.07700999,-0.040204987,0.8254617,0.8149866,0.81483734,0.9182371,0.98306215,0.96367466,0.95234865,0.95710945,0.92603093,0.88316077,0.89040285,0.8415264,0.84196246,0.092493676,0.07417627
2023-03-14,-0.035434082,-0.10103539101712347,-0.039536916,-0.079236664,-0.041452326,0.83069456,0.82002866,0.8192541,0.9299736,0.99122095,0.9712825,0.9581484,0.9630345,0.9302925,0.8865572,0.89226747,0.8435985,0.844071,0.090439394,0.07298402
2023-03-15,-0.037985776,0.0017764918538898736,-0.042226516,-0.08188709,-0.04293541,0.83657837,0.82562166,0.824365,0.9398458,0.9987162,0.97813827,0.9629158,0.96793264,0.9333599,0.8885146,0.8923869,0.84399736,0.8443655,0.087769516,0.07139192
2023-03-16,-0.040839687,0.09645447147342923,-0.045177355,-0.08481817,-0.044573966,0.8428626,0.83151263,0.82992965,0.9472978,1.0052001,0.9839401,0.9664506,0.97160995,0.9351211,0.8889689,0.8907402,0.84271806,0.84285104,0.08455943,0.06947229
2023-03-17,-0.043883655,0.17678240567024206,-0.048265375,-0.08788803,-0.046288382,0.84930456,0.8374582,0.8357154,0.9518097,1.0103422,0.98840225,0.9685664,0.9738844,0.9354754,0.88786775,0.887321,0.8397668,0.8395443,0.08088495,0.06729838
2023-03-18,-0.046608213,0.23030402924870716,-0.05087866,-0.09049778,-0.04774359,0.8534756,0.8407368,0.8393157,0.94874114,1.0138282,0.99125457,0.96909034,0.9745858,0.93433326,0.88517034,0.8821372,0.83516085,0.8344735,0.07720212,0.06523463
2023-03-19,-0.04904222,0.25286999809112576,-0.05306949,-0.09267166,-0.048952762,0.8559322,0.8420128,0.8412927,0.9391282,1.0153607,0.99224323,0.9678632,0.97355574,0.93161666,0.88084745,0.87521124,0.8289285,0.8276781,0.07345199,0.06325246
2023-03-20,-0.051204387,0.24011031158051607,-0.054879017,-0.094423905,-0.04992344,0.8571848,0.84189916,0.84216225,0.92394036,1.0146594,0.99113023,0.9647392,0.97064775,0.9272588,0.8748814,0.86658,0.82110924,0.8192092,0.069585405,0.061331358
2023-03-21,-0.053478763,0.17410243198817343,-0.056691255,-0.09589893,-0.05073756,0.8596252,0.84313756,0.84437233,0.9055964,1.0095081,0.98592705,0.9581576,0.96427244,0.92001927,0.86614335,0.85508484,0.81078595,0.80826926,0.06507137,0.059028935
2023-03-22,-0.056083225,0.12299438442695157,-0.05878675,-0.09739315,-0.0515616,0.8628219,0.845189,0.847514,0.88614476,1.0028701,0.9788973,0.94982666,0.95522994,0.9104921,0.8550905,0.84183156,0.7983705,0.7953379,0.060251344,0.05661632
2023-03-23,-0.058985174,0.10624543468178652,-0.061169647,-0.098947585,-0.052418012,0.86645836,0.8477067,0.8512704,0.866367,0.9959034,0.9709791,0.9405039,0.94401157,0.8991018,0.84212786,0.82748187,0.78425866,0.78081566,0.055326525,0.054276064
2023-03-24,-0.061790872,0.07942607356682158,-0.06342835,-0.100326195,-0.0531752,0.86975425,0.84998834,0.8547851,0.8466458,0.9876112,0.96187055,0.9303435,0.9319629,0.8871205,0.82874364,0.81289124,0.7699942,0.76618636,0.05087568,0.051912934
2023-03-25,-0.064370714,0.04434192913121797,-0.065452404,-0.10148801,-0.05381008,0.8722541,0.85157794,0.8575833,0.82764894,0.9785408,0.9521541,0.91992885,0.9197979,0.8751979,0.8156357,0.79877067,0.75628906,0.7521556,0.047213037,0.049627174
2023-03-26,-0.06641203,0.02737221564844318,-0.06702765,-0.10237089,-0.05428598,0.87348676,0.85200953,0.8589942,0.8127344,0.97193015,0.94482094,0.9120425,0.9104947,0.86601174,0.8055647,0.78797656,0.7458127,0.7413095,0.04484056,0.047768086
2023-03-27,-0.06784794,0.020405191649994704,-0.06807359,-0.102929026,-0.054577902,0.8729791,0.8508094,0.8585914,0.80159724,0.96730614,0.9395532,0.9064613,0.9039555,0.8594908,0.798502,0.7804513,0.73859686,0.7337091,0.044023994,0.0463345
2023-03-28,-0.06860594,0.015462201767699829,-0.068504296,-0.10311096,-0.05465769,0.87024796,0.84749466,0.8559348,0.79399353,0.96423745,0.9360756,0.90300745,0.9001372,0.8556151,0.794474,0.776189,0.7347291,0.729473,0.045041386,0.045326225
2023-03-29,-0.06877015,0.01823340331527133,-0.06839833,-0.102760956,-0.054446053,0.86785454,0.8447653,0.8536494,0.78793675,0.9611714,0.9327243,0.90017223,0.8970873,0.8528099,0.7918233,0.77361333,0.7324085,0.72678715,0.046130136,0.044744045
2023-03-30,-0.06830456,0.02498740917859508,-0.06770878,-0.10178725,-0.053894434,0.86619395,0.84305924,0.8521729,0.78277487,0.957418,0.92888856,0.8974641,0.8942941,0.8506855,0.7901751,0.772345,0.7312628,0.7252998,0.0469891,0.044589702
2023-03-31,-0.06727492,0.050856582512158494,-0.065697625,-0.09869781,-0.052136037,0.86411494,0.8417536,0.8509083,0.78166765,0.9585446,0.931057,0.90209377,0.89906013,0.85671526,0.7964952,0.7795669,0.73790014,0.7314486,0.04833284,0.04577532
2023-04-01,-0.06598922,0.08276329904689086,-0.06298464,-0.09457081,-0.049773645,0.8606458,0.8394757,0.8485295,0.784088,0.9630681,0.9373917,0.91156363,0.90896195,0.86804545,0.8079558,0.7922075,0.7496399,0.7425603,0.05076393,0.048023053
2023-04-02,-0.0644823,0.07507427612306394,-0.060792584,-0.091743715,-0.048161652,0.8584321,0.83804417,0.8468582,0.7824386,0.9598722,0.9357326,0.9128481,0.91076815,0.87146324,0.8120401,0.7973376,0.7545244,0.74694145,0.052573707,0.049804214
2023-04-03,-0.06279575,0.03157746143529305,-0.059080012,-0.09010053,-0.04723127,0.85712594,0.8371593,0.84557575,0.7776733,0.9500169,0.9271887,0.907051,0.9056306,0.8680494,0.809757,0.7959412,0.75351447,0.745537,0.053948786,0.051302128
2023-04-04,-0.06097791,-0.04405467548472845,-0.057816382,-0.089539744,-0.04692173,0.856402,0.83653855,0.8443768,0.77074105,0.93454427,0.9128463,0.8952463,0.8946707,0.85885,0.80207974,0.7889612,0.74753535,0.73925555,0.055066776,0.05269363
2023-04-05,-0.059083857,-0.1482651432682297,-0.05698206,-0.089974426,-0.047180302,0.85595816,0.8359174,0.84296924,0.76258594,0.9144783,0.89376926,0.87847817,0.8789793,0.844877,0.78994626,0.7772997,0.7374765,0.7289695,0.056096252,0.054149065
2023-04-06,-0.05796827,-0.2417081767301882,-0.05739797,-0.09225492,-0.048489485,0.8575408,0.837158,0.84372663,0.75436246,0.8928919,0.87253654,0.85830665,0.8595049,0.82659006,0.77325624,0.7609787,0.722507,0.71370506,0.056137588,0.054502547
2023-04-07,-0.057932924,-0.3104976667161561,-0.059310306,-0.09659475,-0.050967667,0.8614893,0.8406513,0.8471635,0.7470681,0.87138087,0.8506189,0.8358768,0.8372443,0.8047799,0.75258195,0.7405716,0.7029493,0.6937297,0.055029795,0.053520348
2023-04-08,-0.05799245,-0.3859626458102494,-0.06154754,-0.1015822,-0.053820975,0.86532944,0.8439271,0.8505863,0.73850775,0.84797937,0.8266287,0.81097406,0.8124655,0.78031355,0.7292748,0.7174861,0.6807678,0.6711577,0.05377601,0.05232886
2023-04-09,-0.058105666,-0.46662079574984106,-0.06398272,-0.10700563,-0.05692921,0.868674,0.84662896,0.8536693,0.728738,0.82326794,0.80120397,0.78430915,0.7858956,0.7539297,0.7040453,0.6924458,0.6566558,0.64668286,0.052510038,0.05104287
2023-04-10,-0.05822896,-0.5512805957950854,-0.06648887,-0.11265488,-0.06017303,0.8711435,0.84840363,0.8560889,0.71775746,0.79778224,0.7749368,0.7565488,0.75821644,0.7263252,0.67756546,0.66613436,0.6312711,0.62096447,0.051359028,0.049771767
2023-04-11,-0.058316264,-0.639041322728917,-0.06893897,-0.11832124,-0.06343396,0.87236655,0.8489009,0.8575237,0.70550674,0.7720128,0.74837285,0.72831595,0.730065,0.69815564,0.65046877,0.6391954,0.6052365,0.59462744,0.05044347,0.04861953
2023-04-12,-0.0587874,-0.7284521945596101,-0.07134252,-0.124216534,-0.06677359,0.8719126,0.8473679,0.8571886,0.6937068,0.748694,0.72437876,0.70252615,0.7043757,0.67222315,0.62531745,0.61428064,0.58094877,0.5700702,0.05020017,0.04765025
2023-04-13,-0.059424195,-0.8194943889361767,-0.07352368,-0.12998532,-0.070011154,0.86944985,0.8436058,0.8549332,0.6815257,0.7274091,0.7025623,0.6788796,0.68085897,0.6483186,0.60196555,0.59122247,0.5583136,0.54720336,0.050620977,0.046969388
2023-04-14,-0.060017563,-0.9124191702841681,-0.075309925,-0.13528395,-0.07297113,0.86465275,0.83740914,0.850598,0.66811866,0.707753,0.6825432,0.6570902,0.659238,0.6262452,0.58027726,0.56986344,0.5372458,0.52594745,0.051699016,0.046676155
2023-04-15,-0.060367525,-1.0077478898056746,-0.07653209,-0.13978054,-0.07548327,0.8572019,0.82856554,0.8440142,0.6526282,0.689332,0.6639534,0.63688517,0.6392487,0.60581845,0.56012666,0.55005676,0.5176693,0.5062333,0.05342874,0.0468635
2023-04-16,-0.060283206,-1.1062719854793244,-0.077024296,-0.14315498,-0.07738261,0.8467842,0.8168559,0.83500385,0.63418406,0.67176366,0.6464368,0.6180055,0.6206397,0.5868663,0.5413978,0.53166604,0.49951735,0.48800182,0.05580588,0.047618113
2023-04-17,-0.059582815,-1.2090529820602844,-0.076624036,-0.145099,-0.07850945,0.8330927,0.80205417,0.8233797,0.6119034,0.6546771,0.62964934,0.60020566,0.6031723,0.569229,0.52398485,0.51456535,0.4827325,0.47120413,0.058827482,0.04902042
2023-04-18,-0.058642138,-1.3088949135030556,-0.075847454,-0.14594927,-0.07906325,0.8188584,0.7873653,0.81195974,0.5906333,0.63771284,0.6132591,0.58325356,0.58662057,0.5527591,0.5077919,0.49863935,0.4672665,0.45580134,0.061967116,0.050743513
2023-04-19,-0.0574589,-1.4048913670637635,-0.074737325,-0.1456073,-0.07899895,0.80467844,0.773561,0.80142504,0.5711545,0.62052274,0.596946,0.566931,0.5707713,0.53732157,0.492733,0.48378298,0.4530803,0.44176477,0.06507008,0.052737333
2023-04-20,-0.056032293,-1.4929894411214475,-0.07335178,-0.14453088,-0.07827399,0.79121035,0.76146704,0.7925009,0.5534993,0.60186917,0.5795344,0.55029845,0.55472547,0.5221341,0.478187,0.46932644,0.4396873,0.4285758,0.067973614,0.05532638
2023-04-21,-0.05388517,-1.5552631625079056,-0.071275145,-0.1422834,-0.076759055,0.7765086,0.7489508,0.78322434,0.53683245,0.5844462,0.5634793,0.5354013,0.5405547,0.5089595,0.46583375,0.4570633,0.42856738,0.41759318,0.07118627,0.058889337
2023-04-22,-0.05092507,-1.58682773916827,-0.068452425,-0.1386012,-0.0744143,0.76056796,0.7360608,0.7736058,0.52186626,0.56903285,0.54950327,0.5228867,0.5289074,0.49840027,0.45625478,0.44760317,0.4202545,0.40933436,0.07472899,0.06338165
2023-04-23,-0.047068726,-1.5825076795485673,-0.06483526,-0.13325346,-0.071209244,0.7433959,0.72284657,0.7636519,0.5093446,0.5564456,0.53836316,0.5134326,0.52046335,0.49108475,0.4500559,0.44158173,0.41530442,0.404336,0.07862677,0.06876551
2023-04-24,-0.04224208,-1.536836792595719,-0.06038195,-0.12604205,-0.06712279,0.72501284,0.7093582,0.7533646,0.500043,0.54753816,0.53084993,0.5077476,0.51593345,0.4876663,0.44786704,0.4396608,0.41429484,0.40315363,0.08290867,0.075009845
2023-04-25,-0.036380265,-1.4440581877575414,-0.055057433,-0.11680162,-0.062143233,0.7054518,0.69564676,0.74274206,0.4947687,0.5432015,0.5277888,0.50657076,0.51606023,0.48882362,0.45034245,0.44252825,0.41782516,0.4063618,0.08760781,0.08209031
2023-04-26,-0.029679012,-1.3327483168250447,-0.04897246,-0.1054215,-0.056283046,0.68476653,0.6817649,0.73203623,0.49063638,0.5406113,0.5266871,0.50762063,0.518487,0.49246058,0.45531598,0.44793203,0.42382276,0.41197148,0.09251282,0.089637876
2023-04-27,-0.022165792,-1.2067524319661576,-0.042146213,-0.091808304,-0.049553644,0.6630181,0.6677655,0.7213128,0.48742118,0.53962946,0.5274522,0.51080024,0.523098,0.4984829,0.46265364,0.45573995,0.4321384,0.41983563,0.09759184,0.09753832
2023-04-28,-0.013881757,-1.0702422701962688,-0.034606986,-0.07590176,-0.04197608,0.6402805,0.6537021,0.7106376,0.48486355,0.54008824,0.5299663,0.5159889,0.52975327,0.50677174,0.47219494,0.46579292,0.44259676,0.4297802,0.10281262,0.10567788
2023-04-29,-0.004881735,-0.9277160533782264,-0.026392207,-0.057674766,-0.03358106,0.61664057,0.6396289,0.70007706,0.4826693,0.54179037,0.53408587,0.5230423,0.53828824,0.51718354,0.48375288,0.4779052,0.4549962,0.44160402,0.108142525,0.113943286
2023-04-30,0.0047657676,-0.7839984882223371,-0.017548438,-0.037133336,-0.024408938,0.5921982,0.6256012,0.68969774,0.48050946,0.54450893,0.5396418,0.5317922,0.5485139,0.52955014,0.49711397,0.49186426,0.46910894,0.45507902,0.113548584,0.12222172
2023-05-01,0.015122926,-0.6697889074996319,-0.009082993,-0.016241297,-0.015634852,0.56926465,0.6132063,0.681054,0.47279412,0.53937036,0.536654,0.53143287,0.5494462,0.5328447,0.5019282,0.49701342,0.47506532,0.4605991,0.11756035,0.12914428
2023-05-02,0.026136333,-0.5980791467957095,-0.0013405824,0.0043629655,-0.0076493653,0.54861236,0.60295147,0.67465067,0.45758778,0.5235542,0.52202404,0.5186269,0.5376796,0.5236634,0.4949557,0.49002275,0.46975708,0.45513174,0.11972143,0.13422953
2023-05-03,0.03774148,-0.5331062216130503,0.0065831044,0.026441654,0.00055846496,0.5280488,0.5932356,0.6688663,0.44138342,0.506251,0.50574553,0.5039832,0.52400595,0.51271236,0.48631045,0.4813036,0.46283275,0.44812536,0.12145374,0.13869259
2023-05-04,0.049862742,-0.4748561242534135,0.014666206,0.04994738,0.008959612,0.5075634,0.58399385,0.66362613,0.42450628,0.48786035,0.48822945,0.487903,0.5088259,0.50036633,0.47632757,0.47120515,0.4545989,0.43988785,0.122808985,0.14251362
2023-05-05,0.062413406,-0.4232137281707591,0.022883499,0.0748093,0.017520854,0.4871437,0.5751511,0.6588442,0.40730634,0.46881622,0.46992382,0.47082707,0.49258095,0.4870376,0.46537715,0.46011284,0.4453956,0.43075937,0.12384684,0.14568146
2023-05-06,0.075295635,-0.3779627879712482,0.031206395,0.100933105,0.026204782,0.46677575,0.5666224,0.6544227,0.3901582,0.4495866,0.45131353,0.45323563,0.47575277,0.47317624,0.4538643,0.44844833,0.43559602,0.4211122,0.1246349,0.14819367
2023-05-07,0.0884005,-0.3387859394132428,0.039602946,0.12820104,0.034969788,0.44644386,0.55831265,0.6502527,0.3734611,0.4306737,0.4329204,0.4356483,0.45886374,0.4592699,0.44222912,0.43666968,0.42560685,0.4113509,0.12524875,0.15005653
2023-05-08,0.10160795,-0.30526469940730655,0.04803784,0.1564719,0.043770082,0.42613077,0.55011696,0.64621365,0.3576389,0.41261384,0.41530326,0.41862422,0.44247657,0.4458439,0.4309468,0.42527112,0.41586798,0.4019122,0.12577192,0.15128501
2023-05-09,0.11478685,-0.2768794660162038,0.056472395,0.18558098,0.052555673,0.4058175,0.54192024,0.6421734,0.34314016,0.39597765,0.39905772,0.40276203,0.42719454,0.43346122,0.4205275,0.4147832,0.40685272,0.39326507,0.12629588,0.15190278
2023-05-10,0.12779494,-0.25300951845490005,0.064864576,0.2153402,0.061272386,0.38548347,0.5335975,0.6379885,0.330438,0.3813698,0.3848165,0.3886997,0.41366142,0.42272246,0.41151637,0.40577275,0.3990676,0.38591066,0.12692007,0.15194222
2023-05-11,0.14047886,-0.23293301709056205,0.07316897,0.24553795,0.06986185,0.36510646,0.5250138,0.6335039,0.32003024,0.36942923,0.37324908,0.37711486,0.40256146,0.41426593,0.40449366,0.3988428,0.39305258,0.38038233,0.12775189,0.15144445
2023-05-12,0.15267417,-0.21582700344255756,0.081336826,0.2759392,0.07826152,0.34466255,0.51602405,0.62855315,0.31243938,0.360829,0.36506203,0.36872444,0.3946194,0.40876752,0.4000746,0.3946328,0.38938084,0.37724566,0.12890667,0.15045924
2023-05-13,0.16485237,-0.20192927304665578,0.08950468,0.3068645,0.08665227,0.32421863,0.5070343,0.62360233,0.30567205,0.3531142,0.3577278,0.3610559,0.3873638,0.40391722,0.3961914,0.3909882,0.38615817,0.3746005,0.13006146,0.14909278
2023-05-14,0.1770171,-0.19055635703962678,0.09767254,0.33820224,0.09503602,0.3037747,0.49804452,0.61865157,0.29955283,0.3460962,0.3510647,0.35395548,0.38064843,0.39957696,0.39272985,0.38778865,0.38328883,0.3723421,0.13121624,0.14742625
2023-05-15,0.18917243,-0.1809443784566843,0.105840385,0.3698276,0.103414886,0.28333083,0.48905477,0.61370075,0.29388562,0.33956414,0.3448697,0.34725127,0.37430984,0.3955924,0.38956246,0.38489944,0.38066596,0.37035346,0.13237102,0.14555044
2023-05-16,0.20132288,-0.1722490522314854,0.11400824,0.4016027,0.1117912,0.2628869,0.48006502,0.60875,0.28845373,0.3332851,0.3389184,0.34075332,0.36816737,0.391793,0.38654813,0.3821718,0.37817138,0.36850524,0.13352582,0.1435657
2023-05-17,0.21347338,-0.16354568519613083,0.122176096,0.4333765,0.12016754,0.242443,0.47107524,0.60379916,0.28301975,0.32700384,0.33296493,0.33425355,0.3620232,0.387992,0.38353246,0.37944275,0.37567568,0.3666558,0.1346806,0.14158191
2023-05-18,0.22562927,-0.15382917608116492,0.13034394,0.46498477,0.1285467,0.22199908,0.4620855,0.5988484,0.27732572,0.32044294,0.32674217,0.3275258,0.35566226,0.38398632,0.3803476,0.37653515,0.37303817,0.36465114,0.13583538,0.13971853
2023-05-19,0.23779635,-0.1420140155155754,0.1385118,0.49625024,0.13693167,0.20155516,0.4530957,0.59389764,0.27109298,0.31330287,0.31996152,0.32032585,0.34885225,0.3795567,0.37681222,0.37325764,0.37010694,0.362325,0.13699016,0.13810456
2023-05-20,0.24998085,-0.12693428602679369,0.14667965,0.5269825,0.1453257,0.18111125,0.44410595,0.5889468,0.26402223,0.30526188,0.31231308,0.31239137,0.34134376,0.3744676,0.37273157,0.36940473,0.36671883,0.35949877,0.13814496,0.13687855
2023-05-21,0.26216534,-0.11185455653801195,0.15484752,0.5577147,0.15371974,0.16066734,0.4351162,0.58399606,0.25695148,0.29722086,0.30466464,0.3044569,0.33383524,0.36937857,0.36865094,0.36555186,0.3633307,0.35667253,0.13929974,0.13565254
2023-05-22,0.27434984,-0.0967748270492302,0.16301537,0.588447,0.16211379,0.14022343,0.42612642,0.57904524,0.24988076,0.28917983,0.2970162,0.29652238,0.32632673,0.3642895,0.3645703,0.36169896,0.35994256,0.35384628,0.14045452,0.13442653
2023-05-23,0.28653434,-0.08169509756044845,0.17118323,0.6191792,0.17050782,0.11977951,0.41713667,0.5740945,0.24281003,0.28113884,0.28936777,0.2885879,0.3188182,0.35920042,0.36048967,0.35784608,0.35655442,0.35102004,0.1416093,0.13320053
2023-05-24,0.29871884,-0.06661536807166672,0.17935108,0.64991146,0.17890185,0.0993356,0.40814692,0.5691437,0.23573929,0.2730978,0.28171933,0.28065342,0.3113097,0.35411134,0.356409,0.35399318,0.35316628,0.3481938,0.14276409,0.13197452
2023-05-25,0.31090334,-0.05153563858288497,0.18751892,0.6806437,0.18729588,0.07889169,0.39915714,0.5641929,0.22866854,0.26505682,0.2740709,0.2727189,0.3038012,0.34902227,0.3523284,0.35014027,0.34977815,0.34536755,0.14391887,0.13074851
2023-05-26,0.32308784,-0.03645590909410322,0.19568679,0.7113759,0.19568993,0.05844778,0.3901674,0.5592421,0.2215978,0.2570158,0.26642245,0.26478443,0.2962927,0.3439332,0.34824774,0.3462874,0.34639,0.3425413,0.14507365,0.1295225
2023-05-27,0.3352723,-0.021376179605321476,0.20385464,0.74210817,0.20408396,0.038003866,0.38117763,0.5542913,0.21452707,0.24897479,0.258774,0.25684994,0.28878418,0.33884412,0.3441671,0.3424345,0.34300187,0.33971506,0.14622845,0.12829651
2023-05-28,0.3474568,-0.006296450116539732,0.2120225,0.7728404,0.212478,0.017559953,0.37218785,0.54934055,0.20745634,0.24093378,0.25112557,0.24891545,0.28127566,0.33375505,0.34008646,0.33858162,0.33961374,0.33688882,0.14738323,0.1270705
2023-05-29,0.3596413,0.008783279372242013,0.22019035,0.8035726,0.22087203,-0.0028839589,0.3631981,0.5443898,0.2003856,0.23289277,0.24347714,0.24098095,0.27376714,0.32866597,0.3360058,0.33472872,0.3362256,0.33406258,0.14853801,0.1258445
2023-05-30,0.3718258,0.023863008861023754,0.2283582,0.83430487,0.22926608,-0.023327872,0.35420832,0.53943896,0.19331487,0.22485174,0.2358287,0.23304647,0.26625866,0.3235769,0.33192518,0.3308758,0.3328375,0.33123633,0.14969279,0.124618486
2023-05-31,0.38401031,0.0389427383498055,0.23652606,0.8650371,0.23766011,-0.043771785,0.34521857,0.5344882,0.18624413,0.21681073,0.22818026,0.22511198,0.25875014,0.31848782,0.32784453,0.32702294,0.32944936,0.3284101,0.15084758,0.12339248
2023-06-01,0.39619482,0.054022467838587246,0.2446939,0.8957693,0.24605414,-0.0642157,0.33622882,0.5295374,0.1791734,0.20876972,0.22053182,0.2171775,0.25124162,0.31339878,0.3237639,0.32317004,0.32606122,0.32558385,0.15200236,0.12216647
2023-06-02,0.4083793,0.06910219732736898,0.25286177,0.9265016,0.25444818,-0.084659606,0.32723904,0.5245866,0.17210266,0.20072871,0.21288338,0.209243,0.24373312,0.3083097,0.31968325,0.31931716,0.32267308,0.3227576,0.15315714,0.12094046
2023-06-03,0.4205638,0.08418192681615073,0.26102963,0.9572338,0.2628422,-0.10510352,0.3182493,0.51963586,0.16503191,0.1926877,0.20523494,0.2013085,0.2362246,0.30322063,0.31560263,0.31546426,0.31928495,0.31993136,0.15431193,0.11971446
2023-06-04,0.4327483,0.09926165630493246,0.26919746,0.987966,0.27123624,-0.12554744,0.30925953,0.51468503,0.15796117,0.1846467,0.1975865,0.19337402,0.2287161,0.29813156,0.31152198,0.31161135,0.3158968,0.3171051,0.15546672,0.11848845
2023-06-05,0.4449328,0.1143413857937142,0.27736533,1.0186982,0.2796303,-0.14599134,0.30026975,0.5097343,0.15089044,0.17660567,0.18993807,0.18543953,0.22120759,0.29304248,0.30744135,0.30775848,0.31250867,0.31427887,0.1566215,0.117262445
2023-06-06,0.4571173,0.12942111528249595,0.2855332,1.0494305,0.28802434,-0.16643526,0.29128,0.50478345,0.1438197,0.16856466,0.18228963,0.17750505,0.21369909,0.2879534,0.3033607,0.30390558,0.30912054,0.31145263,0.15777628,0.11603644
2023-06-07,0.4693018,0.14450084477127767,0.29370102,1.0801628,0.29641837,-0.18687917,0.28229022,0.4998327,0.13674897,0.16052365,0.17464119,0.16957055,0.20619057,0.28286433,0.29928008,0.3000527,0.3057324,0.30862638,0.15893108,0.11481044
2023-06-08,0.4814863,0.15958057426005945,0.3018689,1.1108949,0.3048124,-0.20732309,0.27330047,0.4948819,0.12967823,0.15248264,0.16699275,0.16163605,0.19868205,0.27777526,0.29519942,0.2961998,0.30234426,0.30580014,0.16008586,0.11358443
2023-06-09,0.4936708,0.17346862021802428,0.31003675,1.1416272,0.31320643,-0.22776699,0.26430207,0.48994625,0.12206107,0.14392956,0.1586716,0.15308258,0.19023782,0.27111477,0.28944656,0.29065886,0.29719695,0.3013929,0.15992151,0.11159857
2023-06-10,0.50585526,0.18659058390617825,0.31820458,1.1723595,0.32160047,-0.2482109,0.2552981,0.48502034,0.114092626,0.13504726,0.14991799,0.1441312,0.18119206,0.2634441,0.28261873,0.2840327,0.29091874,0.2959693,0.15890917,0.109124236
2023-06-11,0.51847446,0.2010335513359215,0.32661447,1.2041186,0.3303039,-0.2695613,0.2457832,0.47972172,0.10620325,0.12618332,0.14130983,0.13528551,0.17247404,0.25660375,0.27672306,0.2783531,0.28565353,0.29146156,0.15888354,0.10715098
2023-06-12,0.5313731,0.21656054994551727,0.33517992,1.236538,0.33920625,-0.29149437,0.23594154,0.47418058,0.098472364,0.11743208,0.13292775,0.12662975,0.16415112,0.25060683,0.2717561,0.27361453,0.28138614,0.28785405,0.15975216,0.10564955
2023-06-13,0.54440665,0.23294690158285164,0.34382048,1.2692763,0.3482046,-0.31370878,0.2259446,0.46851805,0.09097207,0.10887964,0.12484448,0.11824022,0.15628277,0.24546021,0.26770905,0.2698063,0.2780965,0.28512695,0.16142443,0.10459018
2023-06-14,0.55744123,0.24998022250543328,0.35246164,1.302017,0.35720372,-0.33592543,0.21595104,0.46284643,0.083767146,0.10060386,0.11712495,0.11018531,0.14892069,0.24116448,0.26456758,0.26691222,0.2757596,0.28325614,0.16381168,0.10394248
2023-06-15,0.5703538,0.2674604233803936,0.36103484,1.3344693,0.36611596,-0.35788757,0.20610689,0.45726904,0.07691501,0.09267435,0.109826244,0.102525495,0.14210871,0.23771398,0.26231194,0.26491085,0.27434555,0.28221315,0.16682714,0.10367555
2023-06-16,0.58303183,0.2851997092844867,0.3694775,1.3663676,0.3748613,-0.37936074,0.19654539,0.45188037,0.07046576,0.08515246,0.10299757,0.095313355,0.1358829,0.23509684,0.26091692,0.2637753,0.27381945,0.28196523,0.17038591,0.10375788
2023-06-17,0.59537375,0.30302257970408925,0.377733,1.3974717,0.38336736,-0.40013283,0.18738706,0.44676587,0.064462155,0.07809133,0.09668033,0.08859354,0.13027143,0.23329496,0.2603519,0.2634733,0.2741415,0.2824753,0.17440501,0.104157425
2023-06-18,0.6072884,0.32076582853520075,0.38575062,1.4275665,0.39156938,-0.4200141,0.1787397,0.44200215,0.05893963,0.07153581,0.09090804,0.08240281,0.12529474,0.23228396,0.26058078,0.26396737,0.27526692,0.28370208,0.17880332,0.10484155
2023-06-19,0.6186956,0.33827854408344343,0.3934857,1.4564623,0.39941013,-0.4388371,0.17069836,0.43765688,0.053926267,0.06552254,0.08570641,0.07676999,0.12096536,0.23203327,0.26156202,0.2652145,0.2771461,0.2855999,0.18350165,0.105777085
2023-06-20,0.6295257,0.3554221090640619,0.4008995,1.4839947,0.40684018,-0.45645672,0.16334538,0.43378878,0.04944283,0.060079873,0.0810933,0.071716025,0.11728806,0.232506,0.26324865,0.26716638,0.27972442,0.28811878,0.1884227,0.106930256
2023-06-21,0.63971984,0.37207020060192386,0.4079592,1.5100245,0.41381752,-0.4727501,0.15675035,0.43044767,0.045502745,0.05522796,0.077078685,0.067253925,0.11425975,0.2336591,0.26558825,0.26976937,0.28294232,0.29120454,0.19349106,0.108266756
2023-06-22,0.6492298,0.38810879023151934,0.41463798,1.534438,0.4203079,-0.48761684,0.15097013,0.42767447,0.042112093,0.050978683,0.07366475,0.063388795,0.111869544,0.23544323,0.26852298,0.27296445,0.2867354,0.2947986,0.19863321,0.10975169
2023-06-23,0.6580182,0.4034361438969614,0.420915,1.5571465,0.42628467,-0.5009787,0.14604887,0.42550114,0.03926963,0.047335673,0.0708458,0.060117826,0.11009871,0.23780285,0.27198946,0.2766872,0.29103422,0.29883817,0.20377754,0.11134961
2023-06-24,0.66605806,0.4179628219519854,0.42677534,1.578087,0.43172875,-0.51278,0.14201796,0.4239507,0.03696678,0.04429432,0.06860831,0.057430312,0.10892073,0.24067612,0.275919,0.2808679,0.29576445,0.30325606,0.20885433,0.1130245
2023-06-25,0.6733336,0.4316116791599496,0.43221006,1.5972213,0.4366287,-0.5229872,0.13889606,0.42303732,0.03518762,0.041841775,0.06693091,0.055307623,0.10830122,0.243995,0.28023732,0.28543139,0.30084684,0.30798087,0.21379575,0.11473978
2023-06-26,0.67983925,0.44431786469383505,0.4372162,1.6145368,0.44098073,-0.53158903,0.13668914,0.4227662,0.033908904,0.03995693,0.06578439,0.053723224,0.10819801,0.24768521,0.28486478,0.29029724,0.3061972,0.31293687,0.21853587,0.116458304
2023-06-27,0.68558043,0.4560288221362453,0.4417967,1.6300462,0.44478863,-0.53859675,0.13539039,0.42313364,0.033100046,0.03861044,0.06513167,0.052642666,0.10856109,0.25166622,0.28971636,0.2953796,0.3117264,0.318044,0.22301066,0.11814235
2023-06-28,0.6905733,0.4667042894794067,0.44596052,1.6437876,0.44806388,-0.5440439,0.13498029,0.42412695,0.032723125,0.037764706,0.06492786,0.052023593,0.109332636,0.25585124,0.29470143,0.30058727,0.31734037,0.32321796,0.22715798,0.119753644
2023-06-29,0.6948444,0.47631629912516815,0.44972256,1.6558241,0.45082548,-0.5479862,0.13542658,0.42572463,0.03273289,0.037373886,0.06512021,0.051815733,0.11044699,0.26014727,0.29972404,0.30582368,0.32294014,0.3283701,0.2309176,0.121253334
2023-06-30,0.6984315,0.4848491778850013,0.45310372,1.6662441,0.45310012,-0.5505018,0.1366843,0.42789614,0.033076752,0.03738389,0.06564812,0.051960915,0.11183069,0.26445508,0.30468273,0.31098694,0.32842177,0.33340752,0.23423116,0.12260202
2023-07-01,0.7013825,0.49229954698000067,0.45613077,1.6751617,0.45492208,-0.55169123,0.13869569,0.4306021,0.03369478,0.037732393,0.06644316,0.052393038,0.11340243,0.26866916,0.30947068,0.3159697,0.33367643,0.338233,0.23704222,0.12375972
2023-07-02,0.70375645,0.4986763220408832,0.45883656,1.6827158,0.45633328,-0.5516773,0.14139032,0.4337942,0.03451973,0.0383488,0.067429036,0.053038113,0.115073115,0.27267775,0.31397548,0.3206594,0.33859032,0.34274495,0.23929621,0.12468588
2023-07-03,0.7056229,0.5040007131079886,0.46125975,1.6890709,0.45738328,-0.550605,0.14468503,0.43741518,0.035476997,0.03915429,0.068521634,0.053814217,0.11674579,0.27636287,0.31807944,0.324938,0.34304473,0.34683764,0.2409405,0.12533942
2023-07-04,0.7070622,0.5083062246312793,0.46344513,1.6944168,0.45812923,-0.5486419,0.14848389,0.4413989,0.036484655,0.040061787,0.06962897,0.054631535,0.11831571,0.27960035,0.32165927,0.32868212,0.346916,0.35040087,0.24192429,0.12567864
2023-07-05,0.7081653,0.5116386554703403,0.4654433,1.6989683,0.45863587,-0.5459778,0.15267825,0.4456702,0.03745345,0.04097597,0.070651226,0.055392332,0.11967029,0.2822597,0.32458636,0.33176303,0.35007554,0.35332027,0.24219875,0.12566131
2023-07-06,0.7090339,0.5140560988943795,0.46731094,1.7029659,0.4589756,-0.5428247,0.15714675,0.4501451,0.038286775,0.04179327,0.07148076,0.055990964,0.12068912,0.2842042,0.3267266,0.33404666,0.35238984,0.35547712,0.24171689,0.12524463
2023-07-07,0.7097804,0.5156289425822274,0.46911064,1.706675,0.4592285,-0.5394171,0.16175528,0.45473066,0.038880706,0.04240187,0.072002046,0.056313876,0.121243976,0.28529096,0.32794037,0.33539352,0.3537205,0.3567484,0.24043365,0.12438524
2023-07-08,0.710528,0.516439868622337,0.4709109,1.7103869,0.4594821,-0.5360117,0.166357,0.45932505,0.039123975,0.042681713,0.07209175,0.056239605,0.121198826,0.28537077,0.32808277,0.33565885,0.35392404,0.3570068,0.23830582,0.12303917
2023-07-09,0.7114106,0.5165838535127844,0.4727863,1.7144173,0.45983177,-0.5328876,0.17079233,0.46381742,0.03889798,0.04250449,0.07161867,0.055638775,0.120409794,0.2842882,0.3270033,0.33469242,0.35285223,0.35612068,0.23529217,0.121161945
2023-07-10,0.7125725,0.5178148047641946,0.47481728,1.719108,0.46038032,-0.5303463,0.17490093,0.46806723,0.03883183,0.04244123,0.07137331,0.055229396,0.120018154,0.2840529,0.32685667,0.33467126,0.3527826,0.35613874,0.23317598,0.119758435
2023-07-11,0.71418756,0.5210249976839433,0.4772399,1.725133,0.46128628,-0.5284239,0.17868358,0.472198,0.03911995,0.04260859,0.071541645,0.055138074,0.12028735,0.28531533,0.32831672,0.33626792,0.35443652,0.35771987,0.23246603,0.11906253
2023-07-12,0.71581453,0.5244205938866612,0.4797587,1.7313555,0.4622231,-0.52631676,0.18258339,0.47649488,0.03947598,0.04281025,0.071748205,0.055059772,0.120584,0.28669325,0.32987678,0.33795935,0.35619622,0.35940164,0.23176257,0.11834779
2023-07-13,0.71744716,0.5279056951225363,0.48232397,1.7376735,0.46317488,-0.5241204,0.18653978,0.48087195,0.039864797,0.04302847,0.07197321,0.05498776,0.120893896,0.28812695,0.3314851,0.33969656,0.358007,0.36113203,0.23106226,0.11762397
2023-07-14,0.71907985,0.5313915067158174,0.48488957,1.7439922,0.46412674,-0.52192336,0.19049662,0.48524964,0.04025387,0.04324682,0.07219837,0.054915793,0.1212039,0.28956103,0.33309382,0.34143412,0.35981822,0.3628628,0.23036198,0.11690007
2023-07-15,0.72070736,0.5347963375648133,0.4874132,1.7502246,0.4650651,-0.519807,0.19440228,0.4895548,0.040613282,0.043450188,0.07240683,0.05483814,0.121501915,0.29094473,0.33465886,0.34313026,0.3615832,0.36454958,0.22965886,0.1161844
2023-07-16,0.7224188,0.5382286998726135,0.490027,1.7565414,0.46601355,-0.5179181,0.19822404,0.4936393,0.040852543,0.043627545,0.07258471,0.05474453,0.12181593,0.29228312,0.33627635,0.3448583,0.36339048,0.3663063,0.22901513,0.115544684
2023-07-17,0.72417635,0.5415557169246754,0.49263495,1.7627813,0.466948,-0.5162981,0.2019141,0.49747175,0.04096949,0.04376542,0.07271757,0.054632023,0.12212201,0.2935158,0.33786118,0.3465439,0.36515468,0.36804116,0.22840525,0.114966296
2023-07-18,0.72594494,0.5446561254261004,0.49514893,1.7687967,0.46784642,-0.51498306,0.2054295,0.5010251,0.04096302,0.043851715,0.07279246,0.054498047,0.12239825,0.29458794,0.3393355,0.3481192,0.36679783,0.36967006,0.22780555,0.11443535
2023-07-19,0.72769225,0.5474202755016344,0.49748862,1.774454,0.46868888,-0.51400375,0.20873211,0.5042765,0.04083307,0.043875728,0.07279794,0.05434041,0.12262475,0.29545045,0.34062853,0.3495226,0.36824915,0.3711165,0.2271942,0.11393875
2023-07-20,0.7293888,0.5497501306956679,0.49958166,1.779633,0.46945748,-0.51338583,0.21178868,0.5072078,0.040580615,0.043828133,0.07272407,0.0541573,0.12278361,0.29605994,0.34167674,0.35069898,0.36944512,0.37231168,0.2265512,0.113464125
2023-07-21,0.73100764,0.5515592679722354,0.5013636,1.7842275,0.47013643,-0.5131494,0.21457079,0.50980484,0.040207688,0.043700986,0.0725624,0.05394727,0.12285896,0.2963787,0.34242386,0.35159954,0.3703296,0.3731945,0.22585842,0.112999886
2023-07-22,0.73252493,0.5527728777150159,0.5027778,1.7881448,0.47071198,-0.5133093,0.21705483,0.51205814,0.03971736,0.043487728,0.072305985,0.053709257,0.122836925,0.29637477,0.34282067,0.35218188,0.37085363,0.37371144,0.22509953,0.1125352
2023-07-23,0.7339194,0.5533277637273328,0.5037757,1.791306,0.47117245,-0.51387537,0.21922208,0.5139624,0.039113753,0.043183174,0.07194941,0.053442564,0.12270567,0.29602182,0.34282523,0.35240996,0.37097558,0.3738167,0.2242601,0.11206
2023-07-24,0.7369247,0.5522224516083258,0.5043487,1.8010544,0.47268212,-0.51674205,0.22159821,0.5165645,0.037818417,0.042116527,0.07085347,0.052570533,0.12163399,0.29430407,0.34121126,0.3512688,0.36943275,0.37217987,0.2224313,0.1109164
2023-07-25,0.7408995,0.5497562190091173,0.50445235,1.8146925,0.47481424,-0.5212333,0.22398144,0.51949376,0.036045995,0.040523585,0.06924262,0.051299058,0.11990742,0.29156205,0.3383767,0.349087,0.36663672,0.369232,0.21992244,0.10932747
2023-07-26,0.7437873,0.5474186326368772,0.5042565,1.8228663,0.47611505,-0.5249361,0.22594026,0.521917,0.0345412,0.03928409,0.06794141,0.050375193,0.11860781,0.2891568,0.33591732,0.34728688,0.36426225,0.3667122,0.21789694,0.10805145
2023-07-27,0.7455603,0.5450560928691096,0.5036606,1.8257185,0.4765976,-0.5278919,0.22739771,0.52369976,0.03329796,0.038368404,0.0669266,0.049778983,0.117693335,0.28701997,0.3337511,0.34576425,0.3622158,0.36452734,0.21631141,0.107084416
2023-07-28,0.7462003,0.54253282484183,0.50257814,1.8234193,0.47627982,-0.5301396,0.22828893,0.5247255,0.032310233,0.03774807,0.066175945,0.04949032,0.11712399,0.28509006,0.33180386,0.34442443,0.36041236,0.36259294,0.21512377,0.10642084
2023-07-29,0.74569935,0.5397308784495644,0.50093603,1.8161664,0.47518456,-0.5317159,0.22856106,0.52489585,0.03157205,0.03739581,0.06566818,0.04948895,0.116861634,0.28331235,0.33000937,0.34318227,0.3587758,0.36083305,0.21429327,0.10605348
2023-07-30,0.74405926,0.5365501283453502,0.49867523,1.8041847,0.47333962,-0.53265476,0.22817326,0.5241303,0.0310775,0.037285537,0.06538302,0.04975446,0.116869956,0.28163883,0.32830924,0.34196204,0.3572386,0.3591805,0.21378045,0.10597349
2023-07-31,0.7412919,0.5329082739407361,0.49575022,1.7877266,0.47077772,-0.5329874,0.2270967,0.5223666,0.030820712,0.03739235,0.06530117,0.05026629,0.11711451,0.28002834,0.32665294,0.3406976,0.35574198,0.3575767,0.21354713,0.10617033
2023-08-01,0.73741895,0.5287408394057819,0.49212942,1.767072,0.46753654,-0.53274286,0.22531463,0.5195603,0.030795882,0.037692532,0.065404326,0.051003728,0.11756267,0.27844656,0.32499793,0.3393321,0.35423586,0.35597172,0.21355648,0.1066318
2023-08-02,0.7324722,0.524001173669058,0.48779485,1.742528,0.46365857,-0.5319474,0.2228223,0.5156852,0.030997256,0.038163546,0.065675154,0.051945914,0.11818367,0.2768658,0.32330948,0.3378184,0.3526788,0.35432428,0.21377295,0.10734407
2023-08-03,0.7264932,0.5186604504176466,0.48274237,1.7144291,0.45919135,-0.53062475,0.21962695,0.51073307,0.03141914,0.03878404,0.06609731,0.053071834,0.11894861,0.27526534,0.3215608,0.33611873,0.3510382,0.35260174,0.2141623,0.10829161
2023-08-04,0.7195336,0.5127076680971406,0.47698158,1.6831375,0.45418733,-0.52879626,0.21574791,0.50471365,0.032055892,0.039533854,0.06665544,0.05436032,0.11983041,0.27363107,0.31973293,0.3342048,0.34928998,0.3507801,0.21469162,0.10945728
2023-08-05,0.71009463,0.5050468425176895,0.46948245,1.6448487,0.44793937,-0.5252215,0.21101177,0.49604645,0.03328248,0.040535916,0.067528464,0.05605063,0.12096788,0.27185884,0.31768206,0.33174562,0.34719205,0.34865034,0.21520174,0.11117313
2023-08-06,0.6988051,0.49609648142546353,0.46065828,1.6014771,0.44078282,-0.5203664,0.20553501,0.48535168,0.03495747,0.041721754,0.06863395,0.058028236,0.12227907,0.26998278,0.31545246,0.32884344,0.34481886,0.34627488,0.21570788,0.11329336
2023-08-07,0.6862652,0.48626575458145116,0.45091015,1.5548617,0.43303898,-0.51466304,0.19944108,0.4732281,0.036948834,0.04302756,0.06989524,0.060184877,0.123687886,0.2680415,0.31309304,0.32560217,0.34224793,0.34372017,0.21622346,0.11567915
2023-08-08,0.67487717,0.4764186378949963,0.44098905,1.5131166,0.4261648,-0.5099968,0.1930571,0.4615179,0.038697187,0.044180673,0.07081116,0.0619156,0.12450893,0.26537433,0.30998662,0.32156742,0.33889535,0.34033337,0.21619497,0.11758535
2023-08-09,0.6645306,0.4667798593947444,0.43114236,1.4756604,0.42004335,-0.5062019,0.18645027,0.45032483,0.04024537,0.04520292,0.07147018,0.063304305,0.1248976,0.26227996,0.30643088,0.31704682,0.33508223,0.33644685,0.21583395,0.11910615
2023-08-10,0.65513796,0.4578044091648448,0.42222503,1.4406673,0.41438848,-0.5038702,0.1790865,0.4395587,0.041494213,0.045968086,0.07202291,0.0645453,0.12531029,0.259655,0.30332848,0.31295168,0.3318401,0.33311903,0.2161269,0.12065053
2023-08-11,0.6465942,0.4492412044592766,0.41405296,1.4077653,0.4091112,-0.5029699,0.17102374,0.42905822,0.04238818,0.046475787,0.072442025,0.06564065,0.12571406,0.25730583,0.30051804,0.30914205,0.32897773,0.3301738,0.21695746,0.122221574
2023-08-12,0.6388292,0.44112817810062,0.40659985,1.3769301,0.40417933,-0.50321054,0.16249444,0.41891858,0.04296997,0.046773467,0.07275502,0.0666089,0.12611601,0.25521612,0.29799318,0.30562493,0.32646903,0.327592,0.2182229,0.123793624
2023-08-13,0.63178885,0.4335038733732153,0.3998474,1.3481783,0.3995694,-0.5043304,0.15372327,0.40923327,0.043274887,0.046903044,0.072984695,0.06746485,0.12652054,0.25336725,0.29574698,0.30240688,0.32428843,0.3253549,0.2198239,0.1253416
2023-08-14,0.62543565,0.426407444023163,0.3937854,1.3215659,0.39526656,-0.5060964,0.14492717,0.40009394,0.04333085,0.04690091,0.07314921,0.06821956,0.1269294,0.2517383,0.29377204,0.29949394,0.32241085,0.3234443,0.22166467,0.12684093
2023-08-15,0.6197482,0.41987865425832394,0.3884118,1.29719,0.39126474,-0.5083042,0.13631535,0.39159045,0.04315836,0.046797924,0.07326205,0.068880334,0.12734164,0.25030604,0.29206032,0.2968917,0.3208117,0.32184237,0.22365287,0.12826763
2023-08-16,0.6145917,0.41370487641104203,0.38349637,1.274842,0.3875168,-0.5106782,0.12806922,0.38392308,0.04285783,0.046615608,0.07332997,0.06945767,0.12769972,0.24897352,0.2904149,0.29445136,0.31928584,0.3203184,0.22561003,0.12951513
2023-08-17,0.6099393,0.40785268316055817,0.37898377,1.254598,0.3840195,-0.51304203,0.120376594,0.3772112,0.042460646,0.04637264,0.0733565,0.069953434,0.12798147,0.2476919,0.28877133,0.29213232,0.31775644,0.31879267,0.22742441,0.1305361
2023-08-18,0.6057781,0.4022847478022893,0.37482244,1.2365679,0.38077727,-0.51524633,0.113417126,0.37157428,0.041992363,0.046082128,0.0733405,0.07036584,0.12816113,0.24640875,0.2870612,0.28989074,0.31614402,0.31718212,0.22898614,0.13128224
2023-08-19,0.6021092,0.3969598442478279,0.37096477,1.2208959,0.37780252,-0.5171687,0.107362375,0.367132,0.041472685,0.045751557,0.07327608,0.070689484,0.12820925,0.24506803,0.28521228,0.28767955,0.3143663,0.31540033,0.23018722,0.13170436
2023-08-20,0.5961927,0.3912965309431702,0.36595917,1.2003479,0.37352476,-0.5145293,0.10323294,0.36354202,0.041847996,0.046203475,0.073864326,0.071551815,0.12858951,0.24377158,0.28319234,0.28546357,0.31222522,0.31327176,0.23055826,0.1318911
2023-08-21,0.5890416,0.38543732449003676,0.36026853,1.1777838,0.36854005,-0.508754,0.10087801,0.36108956,0.04279328,0.04714111,0.07483581,0.07271287,0.12908782,0.24239859,0.28090563,0.2831839,0.30967346,0.3107339,0.23012476,0.13174185
2023-08-22,0.58161503,0.3795076323506153,0.354325,1.1559151,0.36341304,-0.50119245,0.100159734,0.3600486,0.04400065,0.048282295,0.075933926,0.07394473,0.12949868,0.24082859,0.2782536,0.28077888,0.30665827,0.3077187,0.22890516,0.13115847
2023-08-23,0.5772989,0.3735138405071815,0.34927368,1.1449006,0.36026397,-0.496587,0.10048209,0.36146897,0.044376276,0.048545666,0.07617602,0.074340105,0.12892744,0.23844668,0.2746274,0.277618,0.30266178,0.30366424,0.2266577,0.12958309
2023-08-24,0.5736373,0.36889607038503164,0.34517488,1.1342057,0.357406,-0.49228424,0.101156004,0.3638734,0.04473976,0.048890606,0.07647278,0.074738495,0.12856993,0.23668505,0.2717505,0.27519742,0.29948172,0.30045155,0.22471552,0.12798382
2023-08-25,0.57054186,0.36694068553051196,0.34314334,1.1209083,0.3544083,-0.48878026,0.10177299,0.36658373,0.04522429,0.04949017,0.07705735,0.075439416,0.1290822,0.23649047,0.27082565,0.27479172,0.29849127,0.29948205,0.22424336,0.12707241
2023-08-26,0.569023,0.36620149422235576,0.3425913,1.1109397,0.3521405,-0.48723176,0.10259055,0.36989838,0.04537935,0.049794722,0.07739573,0.0759479,0.12964,0.23671174,0.27049258,0.27512085,0.29822728,0.29924706,0.22423066,0.12628458
2023-08-27,0.56864685,0.3664280622613058,0.34314352,1.103412,0.35042167,-0.48705557,0.103606395,0.373612,0.04529333,0.049905173,0.07756206,0.07632021,0.13023186,0.2372363,0.27061117,0.276015,0.29851404,0.29957145,0.22454613,0.12560937
2023-08-28,0.56795233,0.3671833443345362,0.34373617,1.0952812,0.34862632,-0.4858418,0.10516169,0.37756762,0.045282286,0.050288666,0.077900626,0.076803654,0.13089277,0.23782022,0.2708579,0.2771279,0.29892695,0.30003345,0.224771,0.12495358
2023-08-29,0.5669101,0.36826866898522914,0.3442569,1.0865082,0.34674978,-0.48375046,0.10710345,0.38151643,0.045342732,0.050895426,0.078374565,0.07737731,0.13159052,0.2383964,0.2711585,0.27834973,0.29938197,0.30054873,0.22488828,0.12434275
2023-08-30,0.5654812,0.36947460949247835,0.34458348,1.0770335,0.34478375,-0.480934,0.10927556,0.38519976,0.045472432,0.051676463,0.07894769,0.07802127,0.1322923,0.23889387,0.27143437,0.2795652,0.29979008,0.30102795,0.22487877,0.12380328
2023-08-31,0.5636171,0.3705809838712889,0.34458366,1.0667772,0.34271616,-0.47753742,0.11151878,0.3883493,0.04567037,0.052583575,0.07958444,0.078716636,0.13296475,0.23923783,0.27160254,0.28065342,0.30005735,0.3013769,0.22472101,0.12336252
2023-09-01,0.5612597,0.3713568548725775,0.34411526,1.0556394,0.3405312,-0.47369838,0.11367073,0.39068705,0.04593678,0.053569358,0.080249935,0.079445526,0.13357389,0.23934959,0.27157563,0.28148788,0.3000849,0.30149645,0.22439127,0.12304871
2023-09-02,0.5583412,0.3715605299831722,0.34302607,1.0434995,0.33820945,-0.46954697,0.11556593,0.39192533,0.046273116,0.054587185,0.08090991,0.08019108,0.13408521,0.2391466,0.27126202,0.28193653,0.2997689,0.3012824,0.22386356,0.12289101
2023-09-03,0.55478424,0.37093956142581236,0.34115398,1.0302168,0.3357276,-0.46520585,0.11703578,0.39176673,0.04668207,0.055591226,0.08153078,0.08093744,0.13446355,0.23854251,0.27056563,0.2818617,0.29900062,0.30062577,0.22310966,0.12291948
2023-09-04,0.5505018,0.36923074615914914,0.33832687,1.0156301,0.3330588,-0.46079025,0.117908515,0.38990417,0.04716758,0.056536436,0.0820796,0.08166977,0.13467322,0.23744702,0.26938608,0.2811201,0.29766637,0.2994126,0.22209907,0.12316508
2023-09-05,0.54755336,0.3676839557989484,0.3358182,1.005353,0.3312286,-0.45814773,0.11829219,0.3882433,0.04720896,0.05718247,0.082256995,0.082014196,0.13445124,0.23590001,0.2678021,0.27999428,0.29596102,0.29779166,0.22097528,0.12317484
2023-09-06,0.54646677,0.3664626620466265,0.333864,1.0008882,0.3305133,-0.45789036,0.11809201,0.3871113,0.046657946,0.05742818,0.08195277,0.081852004,0.13369408,0.2338429,0.2657585,0.27845672,0.29385322,0.29571784,0.21975513,0.12283895
2023-09-07,0.54779875,0.36574674408320434,0.3327163,1.0038214,0.33120427,-0.4606537,0.11721512,0.38686532,0.045358136,0.057169735,0.08105262,0.0810591,0.13229355,0.23121564,0.26319915,0.27648193,0.29131228,0.29314587,0.21845631,0.12203986
2023-09-08,0.5496056,0.3650911465522763,0.33214277,1.0070448,0.33201972,-0.46504307,0.11529879,0.3861444,0.04374856,0.056595653,0.08003263,0.08020093,0.13098694,0.22892895,0.26099342,0.2748207,0.2892265,0.29102945,0.21787824,0.12149974
2023-09-09,0.55175775,0.3645199335890639,0.33228025,1.0097284,0.33281407,-0.47113705,0.11217408,0.38485143,0.041834056,0.055683468,0.07894511,0.07934699,0.12990685,0.22720578,0.25935546,0.2736794,0.2878366,0.28961682,0.21827003,0.12133484
2023-09-10,0.55410063,0.3637468683256603,0.33242863,1.0128003,0.33368233,-0.4779589,0.10851625,0.3831693,0.03981648,0.054617025,0.07775632,0.07841272,0.12876771,0.22544077,0.25766253,0.2724297,0.28640056,0.28815138,0.21880306,0.12122256
2023-09-11,0.55646956,0.362713237271931,0.33249062,1.015822,0.3345271,-0.48525456,0.10439968,0.38108113,0.037763085,0.05343889,0.07650435,0.077434205,0.1275971,0.2236403,0.25590894,0.2710597,0.28489897,0.28661597,0.21943471,0.12116266
2023-09-12,0.55904365,0.3613365715886488,0.33245462,1.0190223,0.3354121,-0.49310595,0.09981494,0.37857386,0.035707876,0.052088115,0.07515451,0.076355316,0.12635015,0.22176988,0.25402564,0.26947555,0.28324434,0.28492513,0.22008875,0.12111781
2023-09-13,0.56149685,0.3595651225627746,0.33217394,1.0216286,0.33616203,-0.5010645,0.094895005,0.37563807,0.033744328,0.050658815,0.07378228,0.07525478,0.1250871,0.21985243,0.25203016,0.26769632,0.28143987,0.28308472,0.2207236,0.12109962
2023-09-14,0.5634954,0.35734592770815515,0.3314962,1.0228449,0.33659708,-0.5086589,0.08978266,0.37226826,0.031971026,0.049248595,0.072466046,0.07421308,0.12386926,0.21791059,0.24993874,0.26573962,0.27948627,0.2810983,0.22129223,0.12111823
2023-09-15,0.5646982,0.35462481076552255,0.3302633,1.0218518,0.33653295,-0.5153955,0.08463049,0.3684626,0.030491687,0.04795853,0.07128713,0.07331242,0.12275895,0.21596684,0.24776627,0.26362187,0.27738178,0.27896717,0.22174226,0.1211823
2023-09-16,0.5647565,0.35134638170249455,0.32831144,1.0178065,0.33578083,-0.5207579,0.07960089,0.36422312,0.029415132,0.04689319,0.07032979,0.072636746,0.1218195,0.21404338,0.2455263,0.2613581,0.27512214,0.27669042,0.22201592,0.12129899
2023-09-17,0.56415623,0.346966778730845,0.32525194,1.0117668,0.33463177,-0.5256007,0.07476877,0.35956982,0.02837073,0.045752186,0.069164075,0.07179129,0.12048112,0.21130167,0.24235222,0.25812837,0.2717723,0.27330253,0.22129212,0.12148096
2023-09-18,0.5622327,0.34160220498008065,0.32098797,1.0021559,0.332715,-0.5288647,0.07035089,0.35450712,0.027650598,0.044792917,0.068064764,0.07103508,0.119035706,0.20807084,0.23856881,0.25424293,0.26765463,0.26914173,0.21977302,0.121729925
2023-09-19,0.55691034,0.3361245940992608,0.31572375,0.9839499,0.32880032,-0.5274342,0.0666538,0.34885335,0.028215604,0.044942345,0.068104826,0.07139896,0.11878946,0.20598218,0.23586595,0.2513215,0.2645211,0.266034,0.2188791,0.122046314
2023-09-20,0.5518663,0.3310901626389101,0.31117415,0.9671021,0.32503918,-0.5267939,0.06269527,0.34332785,0.02881443,0.045069307,0.06826757,0.07196308,0.118951276,0.20462625,0.233966,0.2491345,0.26228026,0.26384363,0.21882267,0.1222375
2023-09-21,0.5480687,0.3265377451720023,0.30767754,0.9542743,0.32201773,-0.52830803,0.058338605,0.3381986,0.029115127,0.044853155,0.06824047,0.07243754,0.119225346,0.2037623,0.23264538,0.24747784,0.26074085,0.26236263,0.21946828,0.12224491
2023-09-22,0.5470673,0.3219967337964558,0.305271,0.95004684,0.3208161,-0.5339215,0.053646956,0.3343243,0.02863267,0.043645367,0.06733377,0.072129585,0.11871324,0.2024178,0.23086263,0.24537432,0.25885707,0.2605163,0.21983136,0.12170993
2023-09-23,0.5463032,0.31787335697582675,0.30344635,0.9461862,0.31971076,-0.5401486,0.049035832,0.33069995,0.028168462,0.04234303,0.06637316,0.071833245,0.1182949,0.20131409,0.2294114,0.24370308,0.25740933,0.25911272,0.22046596,0.12130869
2023-09-24,0.54535156,0.31477178772057623,0.302673,0.9406821,0.31820762,-0.54695076,0.044087008,0.32635188,0.027738636,0.041193735,0.06564089,0.07190095,0.118570164,0.20117429,0.22914483,0.24328342,0.25733724,0.2590672,0.2223471,0.121768124
2023-09-25,0.5433541,0.31181426385770344,0.30168346,0.93285495,0.31614962,-0.5525066,0.03922776,0.32166475,0.0275009,0.04040704,0.06523052,0.07231038,0.119201176,0.20136344,0.22924443,0.24321523,0.25765613,0.2593926,0.22454229,0.122585274
2023-09-26,0.54007703,0.3089114717942408,0.30023077,0.92230946,0.3134695,-0.55625033,0.034640487,0.31678492,0.027504805,0.040071465,0.06519074,0.07307257,0.12012461,0.20174485,0.22954836,0.24335355,0.25817055,0.25989863,0.22683746,0.12364486
2023-09-27,0.5355992,0.30769688256001215,0.29827976,0.91007704,0.31047818,-0.55805695,0.030189596,0.31135464,0.027803566,0.04043948,0.06578971,0.074478716,0.121641904,0.20281841,0.23067251,0.24448007,0.25958845,0.26132113,0.2300635,0.12546131
2023-09-28,0.53095406,0.3077058194740564,0.2964338,0.89812803,0.30756593,-0.5596835,0.025685133,0.3056006,0.028139673,0.041045237,0.06663414,0.07618521,0.12350346,0.20440349,0.23243085,0.24635854,0.26173463,0.26347846,0.23403561,0.12781826
2023-09-29,0.5265253,0.30833637126858376,0.2946079,0.8861355,0.30476186,-0.5625482,0.020511687,0.2996722,0.027442211,0.04054617,0.066328034,0.07672633,0.12405049,0.20448937,0.23268662,0.24672973,0.26235503,0.26410598,0.23718767,0.12970635
2023-09-30,0.5221807,0.3090296887427347,0.29272482,0.87398267,0.30198872,-0.56603706,0.015079448,0.293855,0.026060592,0.039307166,0.06522564,0.07644292,0.12363083,0.20341875,0.23175715,0.24590346,0.26174217,0.26349503,0.23950744,0.13112415
2023-10-01,0.5178051,0.3092699847625809,0.29071483,0.8615765,0.29917848,-0.5695898,0.009765269,0.28841072,0.024319047,0.037666045,0.06365567,0.07565137,0.122568324,0.20151204,0.2299393,0.24416953,0.26017022,0.2619187,0.24098736,0.13207236
2023-10-02,0.5133005,0.3085845342611242,0.2885159,0.8488476,0.29627243,-0.57270014,0.004912664,0.28357717,0.022516618,0.035933606,0.061921336,0.07464358,0.12116281,0.1990673,0.22750941,0.24179767,0.25789502,0.2596318,0.24162453,0.13255386
2023-10-03,0.5085858,0.3065436742382977,0.2860736,0.83575034,0.2932211,-0.57491577,0.00083180424,0.27956825,0.020927165,0.034393575,0.060300313,0.07368701,0.11969014,0.19636029,0.22472343,0.23903756,0.255154,0.256871,0.2414207,0.1325737
2023-10-04,0.5035972,0.302760803760965,0.28334108,0.82226276,0.2899843,-0.57583815,-0.0022004778,0.27657396,0.019799367,0.033302654,0.059044767,0.07302462,0.118402146,0.19364446,0.2218168,0.23611888,0.25216633,0.2538546,0.24038227,0.1321391
2023-10-05,0.4982879,0.2968923839629203,0.28027925,0.8083865,0.2865311,-0.5751228,-0.0039406912,0.2747604,0.019356715,0.03289048,0.058381345,0.07287494,0.11752668,0.19115092,0.2190045,0.23325123,0.24913272,0.25078276,0.23852028,0.13125947
2023-10-06,0.49262807,0.28863793804488885,0.2768565,0.794147,0.2828398,-0.57247907,-0.0041786837,0.2742698,0.019797517,0.03335965,0.058511168,0.07343199,0.11726758,0.18908846,0.21648106,0.23062417,0.2462356,0.24783732,0.23585045,0.12994638
2023-10-07,0.48660514,0.27774005127452633,0.27304897,0.7795935,0.278898,-0.56767035,-0.0027376453,0.27522042,0.0212949,0.03488572,0.05960984,0.07486536,0.117804684,0.1876436,0.21442053,0.2284072,0.243639,0.24518196,0.23239318,0.12821355
2023-10-08,0.48022348,0.26398437098641925,0.2688403,0.76479876,0.2747026,-0.56051373,0.00052589516,0.2777067,0.023996798,0.037617188,0.06182745,0.07732014,0.11929385,0.18698047,0.21297652,0.22674981,0.24148867,0.24296205,0.22817345,0.1260769
2023-10-09,0.47350466,0.24719960658208484,0.2642219,0.7498593,0.27025968,-0.5508804,0.0057220683,0.2817992,0.028025972,0.04167551,0.065288566,0.08091698,0.12186692,0.18724094,0.21228212,0.22578143,0.23991193,0.24130477,0.22322094,0.123554535
2023-10-10,0.46648726,0.22725752952997116,0.25919268,0.73489535,0.26558468,-0.5386954,0.012927665,0.28754446,0.03347999,0.047155097,0.07009223,0.085752025,0.12563173,0.18854456,0.21245004,0.22561142,0.2390178,0.24031903,0.21757002,0.12066668
2023-10-11,0.45922697,0.20407297336545693,0.25375926,0.7200508,0.2607022,-0.52393776,0.022186136,0.2949652,0.040431242,0.054123305,0.076311976,0.091896996,0.13067214,0.19098851,0.21357244,0.22632915,0.2388969,0.2400955,0.21125965,0.11743577
2023-10-12,0.4517965,0.17760383369085142,0.24793586,0.7054934,0.2556462,-0.50664026,0.03350759,0.30406028,0.04892693,0.06262045,0.083995804,0.09939912,0.13704798,0.1946477,0.21572107,0.22800387,0.23962155,0.24070661,0.20433345,0.11388639
2023-10-13,0.44378814,0.14788300207469743,0.24161485,0.6904366,0.25022534,-0.4863818,0.04700135,0.31480458,0.059043434,0.07281139,0.093273446,0.10841427,0.14489919,0.19963229,0.21903512,0.23079886,0.24133883,0.24230006,0.19687974,0.110095724
2023-10-14,0.43516254,0.11496389057649008,0.23478761,0.6748079,0.24442312,-0.46315363,0.062649846,0.3271491,0.070793584,0.084726915,0.104173414,0.118979916,0.15426825,0.20598945,0.22357124,0.23477682,0.24411172,0.2449393,0.1889632,0.10610753
2023-10-15,0.42588842,0.07894354255437183,0.22745089,0.65854096,0.2382281,-0.43699193,0.08040451,0.34102094,0.08416598,0.09837349,0.1167006,0.1311114,0.16517545,0.21374509,0.22936721,0.23998247,0.24798651,0.24867119,0.18065391,0.10196865
2023-10-16,0.41594282,0.03996263266513257,0.2196067,0.6415759,0.23163393,-0.40797776,0.10018581,0.35632336,0.09912502,0.11373322,0.1308363,0.14480197,0.17761897,0.22290382,0.2364419,0.24644251,0.25299278,0.25352603,0.17202732,0.09772898
2023-10-17,0.40531096,-0.0017945331357905351,0.21126239,0.6238588,0.22463934,-0.37623695,0.121883236,0.37293568,0.11561088,0.13076387,0.1465382,0.16002281,0.19157484,0.23344897,0.24479526,0.25416565,0.25914347,0.25951758,0.16316424,0.0934415
2023-10-18,0.39282262,-0.04542673747531899,0.20273373,0.602684,0.21657887,-0.3400148,0.14548977,0.3906936,0.1342091,0.14996326,0.16445492,0.17738691,0.20787328,0.24653168,0.25562277,0.26429462,0.26771772,0.2679728,0.15519814,0.089152634
2023-10-19,0.37813717,-0.09046438823631094,0.19412784,0.5772284,0.20726454,-0.2989605,0.1708725,0.4094229,0.15500836,0.17140643,0.18470713,0.19701649,0.22670376,0.26244247,0.26924375,0.277141,0.2790723,0.27926335,0.1485286,0.08491867
2023-10-20,0.3628694,-0.1374447693171362,0.18513145,0.55142426,0.19769931,-0.25559172,0.19775617,0.429188,0.17715156,0.19421995,0.20628813,0.21794315,0.2468276,0.27964288,0.28406233,0.29117924,0.29156023,0.29167664,0.14186254,0.08079879
2023-10-21,0.34723243,-0.18609952571833235,0.17574629,0.525777,0.18803383,-0.21041928,0.22591725,0.4498435,0.20042829,0.21817549,0.22896846,0.23995082,0.26800314,0.29788536,0.29983923,0.3061848,0.30495936,0.30498353,0.13514271,0.07685508
2023-10-22,0.33146197,-0.23612360926341716,0.16597718,0.50083643,0.17843324,-0.16401556,0.25510162,0.4712244,0.2245992,0.24301386,0.25248784,0.26279396,0.28995675,0.31688964,0.3163038,0.32190293,0.3190181,0.3189247,0.12830529,0.07315252
2023-10-23,0.31507623,-0.2864451818969804,0.15629148,0.47471333,0.16842951,-0.11630034,0.28473222,0.4923449,0.24958935,0.26888394,0.2770663,0.28674513,0.31321365,0.33736375,0.334298,0.3391317,0.3346543,0.33442676,0.12247451,0.070167
2023-10-24,0.2981384,-0.33647107476441007,0.14683527,0.44731587,0.15802631,-0.067758895,0.31440774,0.5127652,0.2751584,0.29559377,0.3025323,0.31166083,0.33768085,0.35926235,0.35382494,0.3578744,0.3519097,0.35152778,0.11792479,0.06810144
2023-10-25,0.28119752,-0.3859610974717949,0.13744947,0.42041883,0.1477212,-0.018943135,0.3441991,0.53306395,0.30102038,0.32270402,0.32842487,0.33703363,0.36267248,0.3818409,0.37409604,0.37743112,0.369967,0.3694397,0.1140144,0.0664427
2023-10-26,0.26447555,-0.4343411034190872,0.12820958,0.39447957,0.13766816,0.029558888,0.37378272,0.553043,0.32687804,0.34991062,0.35445043,0.3625793,0.38789213,0.40482375,0.39486268,0.3975797,0.38860118,0.38794306,0.11077342,0.065189086
2023-10-27,0.24821246,-0.48099441662845765,0.11919664,0.36998883,0.12803286,0.07711005,0.40280837,0.57248944,0.35240832,0.3768823,0.38028893,0.38798764,0.41301596,0.42790842,0.41585127,0.41807458,0.40756372,0.40679544,0.10823007,0.06433677
2023-10-28,0.2321973,-0.5276477298378281,0.1101837,0.34541136,0.11845136,0.12369054,0.43134135,0.59186137,0.37726608,0.40304703,0.40530127,0.41254413,0.4371951,0.4498878,0.4356886,0.43736494,0.42533296,0.4244502,0.104965925,0.06301314
2023-10-29,0.21656789,-0.5743010430471986,0.101170756,0.32069898,0.10895355,0.16876107,0.45910794,0.61111736,0.40107772,0.4279565,0.4290285,0.4357755,0.4599046,0.47014785,0.4537351,0.45478153,0.44124594,0.440242,0.10058054,0.0609551
2023-10-30,0.20093846,-0.620954356256569,0.09215781,0.29598662,0.09945574,0.2138316,0.48687455,0.63037336,0.42488936,0.45286596,0.45275575,0.45900682,0.48261416,0.49040788,0.47178164,0.4721981,0.4571589,0.45603377,0.09619517,0.058887668
2023-10-31,0.18530904,-0.6676076694659394,0.08314487,0.27127427,0.08995792,0.25890213,0.51464117,0.64962935,0.448701,0.47777542,0.47648296,0.48223817,0.5053237,0.5106679,0.48982817,0.4896147,0.47307187,0.47182554,0.09180979,0.0568083
2023-11-01,0.16873771,-0.7356802672566729,0.07339898,0.24518201,0.07986968,0.3091941,0.547128,0.67294616,0.47639206,0.50624955,0.5036464,0.50890815,0.5313317,0.5339176,0.51047456,0.5095506,0.49118194,0.48990214,0.08590185,0.05341404
2023-11-02,0.15156089,-0.8175224051354253,0.06318191,0.21820271,0.06940188,0.36284262,0.5826493,0.6988735,0.506577,0.53701526,0.53301877,0.5377886,0.55946016,0.55908924,0.5327924,0.53110594,0.51070446,0.5094475,0.07901511,0.049167477
2023-11-03,0.13425565,-0.8847738589254641,0.053000987,0.1910541,0.058904972,0.41473836,0.6158372,0.7223659,0.53561133,0.5667033,0.5613504,0.5656054,0.5866102,0.58335936,0.5543894,0.5519262,0.5296817,0.52845085,0.0731566,0.045932397
2023-11-04,0.11705348,-0.9384250385439187,0.042987727,0.16406855,0.048505682,0.46447846,0.6465951,0.7434927,0.56314147,0.5949962,0.5883359,0.59206086,0.6124813,0.60646087,0.5750109,0.5717774,0.54787546,0.5466555,0.0682591,0.04359616
2023-11-05,0.10016665,-0.9794708178564948,0.03326208,0.13755083,0.03832001,0.5117056,0.6748488,0.76233256,0.5888515,0.62161034,0.6137026,0.6168895,0.6368049,0.6281552,0.5944283,0.59045047,0.56507146,0.5638303,0.06425486,0.042049684
2023-11-06,0.0837883,-1.008910534677476,0.023932448,0.11177806,0.028453197,0.5561079,0.70054704,0.7789728,0.6124632,0.6462963,0.63721067,0.63985807,0.65934426,0.6482323,0.6124395,0.6077609,0.5810793,0.57976955,0.061075594,0.041187435
2023-11-07,0.06809238,-1.027747990769722,0.015095653,0.086999774,0.018999742,0.59741914,0.7236612,0.79350996,0.6337357,0.66883856,0.6586528,0.6607655,0.6798948,0.6665109,0.6288689,0.62354887,0.5957325,0.5942931,0.058652494,0.04090745
2023-11-08,0.05339435,-1.0392380087093556,0.006953824,0.06355761,0.010093289,0.63511944,0.7441562,0.80638415,0.6512341,0.68816096,0.67697626,0.67858857,0.6974164,0.6820462,0.64275634,0.63690746,0.60808414,0.60630524,0.056809083,0.04087099
2023-11-09,0.03977247,-1.0435909764190032,-0.00046106047,0.041603114,0.001789025,0.66914034,0.7620593,0.81759036,0.6652326,0.70443547,0.6923531,0.6934957,0.7120779,0.69499665,0.65426856,0.6480019,0.61830276,0.61601263,0.055513725,0.041069027
2023-11-10,0.027289808,-1.041077079682792,-0.0071257,0.021263206,-0.0058673793,0.6994516,0.7774196,0.82714087,0.67601264,0.7178462,0.7049663,0.70566666,0.72405887,0.70553017,0.66357887,0.65700316,0.62656087,0.6236244,0.054731596,0.04149016
2023-11-11,0.015994223,-1.0320263021463485,-0.0130254775,0.0026401174,-0.012839771,0.7260612,0.79030824,0.8350651,0.68386286,0.72858924,0.7150101,0.71529245,0.73354924,0.7138234,0.6708667,0.6640877,0.6330351,0.6293517,0.054424707,0.042120628
2023-11-12,0.0059183724,-1.0168284253168007,-0.018154457,-0.014188568,-0.019101514,0.74901515,0.8008184,0.8414099,0.68907917,0.7368724,0.7226898,0.72257495,0.74074966,0.7200622,0.67631835,0.6694379,0.6379064,0.6334082,0.05455188,0.042944312
2023-11-13,-0.002920295,-0.9959330285627757,-0.022515386,-0.02916993,-0.024635492,0.7683977,0.80906516,0.8462392,0.6919646,0.7429157,0.7282218,0.7277276,0.7458713,0.72444147,0.68012613,0.67324156,0.6413594,0.63600963,0.055068776,0.043942723
2023-11-14,-0.010519534,-0.969849489114402,-0.026119692,-0.042275712,-0.029434104,0.78433114,0.8151856,0.84963423,0.6928295,0.74695104,0.7318334,0.73097456,0.7491359,0.72716516,0.6824891,0.67569244,0.64358306,0.6373743,0.055927865,0.04509501
2023-11-15,-0.016892308,-0.9391469820633078,-0.028987484,-0.053502314,-0.033499263,0.79697603,0.819339,0.8516935,0.6919913,0.74922234,0.7337634,0.7325516,0.7507758,0.7284464,0.6836126,0.67698973,0.64477044,0.63772243,0.05707846,0.046377964
2023-11-16,-0.022066785,-0.9044544803626218,-0.031147556,-0.0628708,-0.036842413,0.8065311,0.82170624,0.8525327,0.6897749,0.7499854,0.73426145,0.73270524,0.75103384,0.7285073,0.6837085,0.6773384,0.64511853,0.6372769,0.05846668,0.047766004
2023-11-17,-0.026086336,-0.8664607548269723,-0.03263738,-0.070426896,-0.0394845,0.8132331,0.82249063,0.85228485,0.68651205,0.74950814,0.7335882,0.73169345,0.7501635,0.72757894,0.682995,0.67694914,0.6448285,0.6362626,0.06003548,0.049231183
2023-11-18,-0.029009541,-0.8259143741324888,-0.03350311,-0.07624098,-0.041455995,0.81735706,0.8219172,0.85110015,0.6825421,0.74807024,0.7320157,0.7297853,0.74842876,0.7259018,0.6816969,0.6760382,0.6441056,0.6349069,0.06172463,0.050743204
2023-11-19,-0.030910186,-0.7836237048168009,-0.033799585,-0.08040811,-0.042796887,0.8192161,0.8202329,0.84914607,0.6782114,0.7459636,0.7298269,0.727261,0.7461042,0.723725,0.6800453,0.6748276,0.6431592,0.63343924,0.063470736,0.05226939
2023-11-20,-0.03187726,-0.740456911279038,-0.033590324,-0.083047986,-0.043556683,0.8191614,0.8177071,0.84660727,0.67387354,0.7434919,0.7273159,0.72441185,0.743475,0.72130716,0.6782778,0.673545,0.6422026,0.6320916,0.06520722,0.05377472
2023-11-21,-0.03201496,-0.6973419557798304,-0.03294753,-0.08430498,-0.0437944,0.8175826,0.8146307,0.8436857,0.6698894,0.7409708,0.7247878,0.72154045,0.74083686,0.71891564,0.6766384,0.6724238,0.6414534,0.631098,0.06686433,0.05522179
2023-11-22,-0.031442683,-0.6552665984413083,-0.03195208,-0.08434812,-0.043578587,0.81490713,0.81131685,0.8406006,0.666627,0.73872805,0.722559,0.71896046,0.73849607,0.71682703,0.67537767,0.6717029,0.64113307,0.6306949,0.068369135,0.056570843
2023-11-23,-0.030281883,-0.6148303943216407,-0.03066935,-0.08336114,-0.042978954,0.8120707,0.80853355,0.8379001,0.6650127,0.7374907,0.7212673,0.7172657,0.7371161,0.7156239,0.675102,0.6719534,0.64186954,0.6316124,0.06949279,0.05766967
2023-11-24,-0.028687071,-0.5773007003107662,-0.029206231,-0.08156595,-0.042086054,0.8094094,0.8064832,0.83572656,0.6652322,0.737472,0.7211404,0.7166962,0.73690057,0.7154949,0.6759498,0.67330897,0.643749,0.63391596,0.07021057,0.05849632
2023-11-25,-0.02682764,-0.5439936366053093,-0.027677689,-0.07920887,-0.040999755,0.807309,0.80540097,0.8342473,0.6674919,0.73890674,0.72242457,0.7175096,0.7380723,0.71664506,0.67807484,0.67591727,0.6468713,0.6376855,0.0704908,0.05903561
2023-11-26,-0.02488787,-0.5162740867085808,-0.026206782,-0.07656065,-0.039829247,0.806205,0.8055546,0.8336544,0.6720191,0.74205124,0.72538495,0.7199816,0.740873,0.7192958,0.6816456,0.67993957,0.6513507,0.64301527,0.07029489,0.059266977
2023-11-27,-0.023066912,-0.4955556974305766,-0.024924656,-0.07391641,-0.03869301,0.8065827,0.80724454,0.83416516,0.67906195,0.74718326,0.7303054,0.72440547,0.7455636,0.7236851,0.6868458,0.6855509,0.65731496,0.65001404,0.06957729,0.059164498
2023-11-28,-0.021578807,-0.48330087888797957,-0.023970539,-0.07159576,-0.037718855,0.80897695,0.8108038,0.8360215,0.68888927,0.75460213,0.73748845,0.7310923,0.7524243,0.730067,0.6938741,0.69294,0.66490626,0.6588048,0.06828553,0.058696862
2023-11-29,-0.020652477,-0.4810208045041579,-0.023491746,-0.06994266,-0.037043896,0.8139726,0.8165981,0.8394905,0.70179063,0.7646287,0.7472555,0.740371,0.7617542,0.7387123,0.70294446,0.70230925,0.6742806,0.669525,0.06636019,0.05782739
2023-11-30,-0.020531723,-0.49027541100916594,-0.02364368,-0.069325514,-0.036814563,0.82220393,0.8250259,0.84486395,0.71807647,0.7776053,0.7599466,0.75258833,0.7738715,0.74990785,0.7142855,0.7138748,0.68560785,0.6823267,0.06373493,0.056514032
2023-12-01,-0.021303393,-0.5049500648486205,-0.024407392,-0.06987992,-0.037045207,0.83347726,0.83565354,0.85131776,0.7379656,0.7934461,0.77580214,0.76823086,0.7889786,0.76405454,0.7282689,0.7282792,0.6992089,0.69758856,0.06078268,0.055296745
2023-12-02,-0.022000924,-0.49986396513089415,-0.025006847,-0.07020829,-0.03713555,0.84162515,0.84273124,0.8539901,0.7564897,0.80777144,0.790494,0.78288585,0.80292237,0.77730626,0.7415155,0.74213743,0.71219695,0.7122583,0.059367694,0.055710234
2023-12-03,-0.022632299,-0.4650603239965298,-0.025440797,-0.070430085,-0.03714943,0.8460928,0.8455891,0.85267943,0.7727995,0.8203983,0.8034537,0.7956878,0.8151291,0.78889537,0.753365,0.75460726,0.72402054,0.72568256,0.059642408,0.057679377
2023-12-04,-0.023358118,-0.42675938078915476,-0.025981378,-0.07079891,-0.037243087,0.8502188,0.8480702,0.8512334,0.7887914,0.8331214,0.8164231,0.8084176,0.827256,0.8003322,0.7649984,0.7668209,0.73554957,0.7386953,0.060040344,0.059665542
2023-12-05,-0.024167659,-0.3896612818534412,-0.026630528,-0.071303695,-0.03741575,0.85396296,0.85021937,0.8498093,0.80399555,0.84554565,0.8290298,0.82071805,0.83895075,0.81129146,0.77606475,0.7783943,0.7464246,0.75087726,0.060494665,0.061560236
2023-12-06,-0.025042802,-0.35818412880424294,-0.027383605,-0.071927585,-0.03766377,0.85728,0.85208166,0.84856945,0.8179301,0.8572695,0.8408942,0.8322248,0.8498532,0.82144153,0.7862092,0.7889441,0.75628406,0.7618069,0.060937446,0.063252166
2023-12-07,-0.02595803,-0.33646397852659604,-0.028229386,-0.07264799,-0.037980594,0.86011934,0.85370225,0.8476816,0.83010167,0.8678857,0.8516294,0.8425664,0.8595958,0.8304447,0.79507273,0.79808766,0.764764,0.77106076,0.06129967,0.06462727
2023-12-08,-0.026880419,-0.3283548431757175,-0.029150069,-0.07343654,-0.038356796,0.86242497,0.85512626,0.84731835,0.84000516,0.8769805,0.8608412,0.8513641,0.86780316,0.8379568,0.8022919,0.80544305,0.7714984,0.7782132,0.061511222,0.065568656
2023-12-09,-0.027991612,-0.33432445766201024,-0.03028273,-0.07442453,-0.038849,0.8645489,0.8564391,0.8471953,0.8488256,0.8853706,0.8693419,0.8594129,0.8752909,0.844722,0.8086199,0.8116955,0.77723026,0.7841364,0.061648898,0.066288754
2023-12-10,-0.029309172,-0.35674973511782077,-0.031643894,-0.07562071,-0.03946227,0.8665463,0.8576981,0.8473594,0.85653484,0.8929938,0.87707984,0.8666671,0.8820209,0.8507054,0.81401455,0.81677806,0.78191584,0.788783,0.06168392,0.066762775
2023-12-11,-0.031097747,-0.39767021003275405,-0.03350535,-0.07722287,-0.040306393,0.8688958,0.8593979,0.84822446,0.8634621,0.8998456,0.884152,0.8732375,0.88831013,0.8561264,0.81858414,0.8203784,0.7856115,0.79203576,0.06138528,0.06679158
2023-12-12,-0.033278544,-0.45878803825367315,-0.03578373,-0.07916563,-0.04134513,0.87150604,0.8614414,0.84969914,0.8694956,0.9058808,0.89048755,0.8790552,0.89402616,0.8608909,0.8222703,0.8225638,0.78827924,0.7939217,0.06080008,0.066420026
2023-12-13,-0.035775486,-0.5414679969846999,-0.038398344,-0.08138556,-0.04254322,0.87429786,0.86374295,0.8516981,0.87455064,0.9110711,0.89603335,0.8840687,0.8990587,0.8649237,0.8250336,0.8234147,0.7899009,0.79448664,0.05997194,0.065691754
2023-12-14,-0.03851523,-0.6467374847872144,-0.041271172,-0.08382113,-0.04386635,0.87720466,0.8662284,0.85414207,0.8785694,0.9154054,0.90075386,0.88824385,0.9033195,0.8681691,0.82685393,0.8230247,0.79047763,0.7937952,0.05894101,0.06464916
2023-12-15,-0.041427154,-0.7752865215798549,-0.04432688,-0.08641273,-0.045281176,0.88017225,0.8688353,0.8569578,0.88152105,0.91888916,0.90463144,0.89156383,0.90674245,0.8705905,0.8277301,0.82150066,0.79003054,0.791931,0.057743974,0.06333336
2023-12-16,-0.044744983,-0.980143036373132,-0.04780464,-0.089474544,-0.046957165,0.88480467,0.8730832,0.86023307,0.8824886,0.9212509,0.9072275,0.8933729,0.9082029,0.87107915,0.82636046,0.8178587,0.78704923,0.78750116,0.056373,0.06166783
2023-12-17,-0.048295837,-1.242509689037839,-0.051523097,-0.09281797,-0.048790798,0.89048475,0.8783718,0.8638513,0.8818212,0.92263514,0.90871644,0.89392364,0.90806496,0.8700265,0.82325345,0.81262624,0.7821477,0.7811609,0.054872468,0.05973281
2023-12-18,-0.051916987,-1.5445491816821904,-0.055311248,-0.096265465,-0.050684504,0.8966485,0.8841511,0.86770546,0.87987256,0.92319643,0.9092792,0.8934696,0.90668863,0.8678163,0.8189042,0.8063167,0.7759215,0.7735471,0.053282276,0.05760444
2023-12-19,-0.05545587,-1.869384258651822,-0.05900845,-0.09965058,-0.05254664,0.902785,0.88992125,0.8716986,0.8770007,0.9230989,0.9091039,0.89226574,0.9044291,0.8648246,0.8137947,0.79942936,0.76894754,0.765279,0.051637832,0.05535475
2023-12-20,-0.05877007,-2.20109770652979,-0.062464412,-0.10281792,-0.054291487,0.908436,0.89523274,0.8757434,0.87356824,0.92251647,0.90838534,0.89056826,0.9016373,0.8614196,0.8083931,0.7924498,0.7617842,0.7569575,0.049970057,0.05305166
2023-12-21,-0.061306078,-2.4843597251099707,-0.06510089,-0.10512187,-0.055567347,0.9104407,0.89698166,0.8797624,0.8702306,0.9217146,0.9075889,0.88913643,0.8994286,0.8588654,0.80431795,0.78700906,0.7563443,0.7505916,0.048305396,0.05075898
2023-12-22,-0.06309225,-2.719591981531194,-0.06694487,-0.10660823,-0.05639749,0.9094312,0.8957849,0.88368803,0.8672563,0.9208573,0.9068291,0.8880496,0.8978702,0.8571922,0.8015952,0.7831504,0.7526588,0.74623704,0.0466658,0.0485364
2023-12-23,-0.064156696,-2.9071817854399895,-0.068022855,-0.107321516,-0.056804426,0.9060247,0.89224297,0.8874625,0.8649254,0.9201203,0.906234,0.8874007,0.8970439,0.85644495,0.8002665,0.7809314,0.75077343,0.7439668,0.045068737,0.046439514
2023-12-24,-0.06454552,-3.048101127515675,-0.06839437,-0.107318744,-0.056821432,0.90017414,0.88634175,0.89060706,0.862768,0.9191559,0.9055159,0.8869246,0.896567,0.8562728,0.7999056,0.7799737,0.75019366,0.74319214,0.043738257,0.044671904
2023-12-25,-0.06429175,-3.1428506725746224,-0.068094894,-0.106645934,-0.05647288,0.8922759,0.87847304,0.89295703,0.8608634,0.9180057,0.9047034,0.88663226,0.8964092,0.8566292,0.8004424,0.7802315,0.7508323,0.7438205,0.042744935,0.043325678
2023-12-26,-0.06342855,-3.191907762495718,-0.06716006,-0.10534808,-0.055782583,0.8827,0.8690017,0.8943496,0.8592887,0.9167137,0.90383077,0.88654137,0.8965463,0.8574746,0.8018136,0.78166556,0.7526078,0.7457645,0.042158626,0.042491533
2023-12-27,-0.061989143,-3.1957264162203685,-0.06562567,-0.10346915,-0.054773793,0.8717899,0.8582654,0.89462423,0.85811913,0.9153261,0.90293807,0.88667667,0.89695996,0.8587769,0.8039625,0.7842432,0.75544363,0.74894166,0.042048458,0.042258777
2023-12-28,-0.0600723,-3.1538225516952556,-0.063596606,-0.10108525,-0.05348668,0.86054605,0.8472573,0.89295584,0.85770804,0.9136883,0.9018774,0.8869293,0.8974892,0.8602864,0.80666935,0.7876924,0.7591564,0.75320345,0.04271783,0.04306529
2023-12-29,-0.057688113,-3.066930248435831,-0.061084356,-0.098226465,-0.051937137,0.8490149,0.8360174,0.8894262,0.8580266,0.9119232,0.9007694,0.88738805,0.8981804,0.8620657,0.8099514,0.79208124,0.7637205,0.7585029,0.044150498,0.044872586
2023-12-30,-0.054848395,-2.9357377315408186,-0.05810227,-0.09492262,-0.05014094,0.83723325,0.8245754,0.88410294,0.8590508,0.910151,0.8997359,0.88814545,0.8990826,0.8641789,0.8138284,0.7974783,0.769113,0.76479626,0.04633529,0.047649402
2023-12-31,-0.051566668,-2.760887371692215,-0.054665536,-0.091203354,-0.048113737,0.8252283,0.812951,0.8770394,0.8607615,0.9084891,0.8988996,0.8892975,0.9002468,0.8666922,0.8183225,0.80395275,0.77531326,0.7720431,0.0492661,0.051371694
2024-01-01,-0.048095617,-2.5536475820632254,-0.05104329,-0.087453514,-0.046066403,0.8142306,0.8023484,0.8698512,0.8633,0.9076734,0.89854777,0.8907748,0.9019129,0.8695385,0.8232817,0.81100386,0.7821144,0.77991235,0.052325264,0.055211004
2024-01-02,-0.04435367,-2.3173496639823865,-0.047146566,-0.083733946,-0.044032373,0.8044626,0.79298484,0.8630113,0.86651653,0.90817654,0.8988536,0.89254457,0.9041091,0.87274957,0.8286723,0.8187498,0.78946435,0.7882483,0.05541304,0.058935773
2024-01-03,-0.040431257,-2.0635913664517247,-0.04306195,-0.07999906,-0.04198803,0.7956724,0.7846278,0.8560563,0.8700834,0.9092577,0.8994518,0.8944531,0.9065024,0.8761554,0.8342442,0.8269211,0.79704285,0.7967326,0.058637355,0.062768415
2024-01-04,-0.036464676,-1.7987158702453427,-0.038932838,-0.07635689,-0.039992552,0.7880963,0.77750546,0.8492215,0.8739853,0.91088057,0.9003632,0.8965133,0.9091013,0.8797252,0.8399075,0.835304,0.8046999,0.80519146,0.061876994,0.06658289
2024-01-05,-0.032590915,-1.5293380242881454,-0.034903087,-0.07291602,-0.03810546,0.7819669,0.77184236,0.8427387,0.87820226,0.9130038,0.9016033,0.89873195,0.9119092,0.88342434,0.84556717,0.8436788,0.81228095,0.8134444,0.06501243,0.07025494
2024-01-06,-0.028947659,-1.262344345655839,-0.031117039,-0.06978562,-0.03638663,0.77751315,0.7678594,0.83683556,0.8827095,0.9155814,0.9031814,0.9011103,0.9149245,0.88721365,0.8511234,0.85181975,0.8196266,0.8213044,0.0679258,0.0736621
2024-01-07,-0.025673272,-1.0048930195749315,-0.027719513,-0.06707537,-0.034896288,0.77496034,0.7657739,0.83173597,0.88747764,0.9185625,0.9051013,0.9036434,0.9181407,0.89105004,0.8564712,0.85949546,0.82657313,0.82857794,0.07050092,0.076683715
2024-01-08,-0.02290681,-0.7644138994227335,-0.024855807,-0.064895555,-0.033695016,0.7745303,0.76579946,0.82766,0.8924724,0.9218914,0.907361,0.9063208,0.9215464,0.8948861,0.8615008,0.8664684,0.8329518,0.8350649,0.072623245,0.0792009
2024-01-09,-0.020788016,-0.548608506727356,-0.0226717,-0.063356996,-0.032843746,0.7764411,0.7681461,0.82482374,0.89765483,0.9255076,0.9099527,0.90912586,0.925125,0.8986702,0.86609745,0.8724953,0.8385894,0.8405585,0.07417994,0.08109659
2024-01-10,-0.019395186,-0.3280276210764783,-0.02130861,-0.062572196,-0.032402884,0.78234744,0.7746946,0.82504773,0.90322554,0.9295539,0.9131896,0.9124289,0.92921185,0.9027065,0.8705397,0.87954694,0.84554136,0.8470616,0.074514195,0.08173557
2024-01-11,-0.018545453,-0.1242812467609708,-0.020557163,-0.062387656,-0.032287404,0.79136306,0.7844461,0.8274549,0.9085812,0.9338283,0.91675013,0.9158643,0.9331816,0.90647393,0.8743748,0.8869419,0.85271376,0.8536881,0.073992945,0.081435315
2024-01-12,-0.018299466,0.04167067801619501,-0.020460932,-0.06283755,-0.032516368,0.8030449,0.7968652,0.8315649,0.9134499,0.93816966,0.920446,0.91920906,0.93674546,0.90969086,0.87728596,0.89378875,0.8591434,0.85951185,0.07277259,0.08032912
2024-01-13,-0.018710868,0.14951828113994617,-0.021057466,-0.06395192,-0.03310655,0.8169713,0.81144345,0.8369238,0.9175526,0.94241613,0.9240879,0.9222408,0.9396102,0.9120744,0.87895805,0.8992514,0.8639154,0.86365664,0.071002774,0.07854364
2024-01-14,-0.019826286,0.17960175658310773,-0.0223783,-0.06575665,-0.034072436,0.83274204,0.82769924,0.84310424,0.9206032,0.94640523,0.92748535,0.9247373,0.9414779,0.9133405,0.87907755,0.9025491,0.8661632,0.86529684,0.06882639,0.076198906
2024-01-15,-0.021794008,0.027719155658090314,-0.024463626,-0.06811095,-0.035332255,0.84756017,0.8422886,0.8469393,0.92230874,0.9499737,0.9304471,0.92647654,0.94204617,0.9132038,0.8773324,0.89922243,0.8614047,0.86004716,0.06725093,0.07422942
2024-01-16,-0.024191067,-0.22127809527066156,-0.026896803,-0.07057662,-0.036650565,0.8596582,0.85364527,0.8488286,0.9236308,0.95336443,0.93338645,0.9281439,0.94250154,0.9128854,0.8752358,0.8914601,0.8523215,0.8505372,0.06615129,0.072609596
2024-01-17,-0.026884332,-0.5353647008699915,-0.029559692,-0.073070064,-0.037984185,0.8688355,0.8616905,0.8492816,0.92463315,0.95653224,0.9362881,0.92978483,0.94297165,0.912541,0.87301517,0.8803376,0.84004074,0.8378997,0.06537705,0.07121381
2024-01-18,-0.02972892,-0.8826662091034194,-0.032320812,-0.07549036,-0.03928037,0.87481314,0.8662626,0.8487625,0.9253953,0.9594387,0.9391466,0.9314611,0.94360614,0.9123516,0.87093204,0.8669208,0.8256856,0.8232655,0.06479352,0.069932915
2024-01-19,-0.03256817,-1.2314590112311394,-0.03503535,-0.077719316,-0.04047679,0.87723327,0.86711687,0.84769005,0.9260119,0.9620518,0.94196624,0.93325096,0.94457686,0.9125243,0.86928195,0.8522663,0.8103758,0.80776364,0.06428173,0.06867422
2024-01-20,-0.035256587,-1.4983015607828583,-0.037663974,-0.07965167,-0.041515253,0.8773213,0.86591756,0.8494268,0.9269362,0.9646895,0.9454753,0.9361139,0.9468858,0.91408646,0.86921483,0.8407042,0.7986219,0.7959119,0.06263498,0.066254385
2024-01-21,-0.038129576,-1.7618693622597146,-0.040475026,-0.081758596,-0.042654365,0.8767799,0.8640644,0.8511917,0.92759085,0.966945,0.94865704,0.9386355,0.9489028,0.9152933,0.8687207,0.828421,0.7862482,0.7834717,0.060926553,0.063776605
2024-01-22,-0.041173846,-2.0159357712241435,-0.04345806,-0.08406122,-0.04390661,0.8758243,0.86180186,0.85298526,0.9279629,0.9687657,0.9514185,0.9407107,0.9505279,0.91604024,0.8676973,0.81555927,0.77338594,0.7705704,0.059176568,0.061278023
2024-01-23,-0.044376113,-2.2542741432385345,-0.046602644,-0.08658065,-0.045284465,0.87466943,0.8593744,0.8548079,0.9280396,0.970099,0.9536665,0.94223434,0.9516612,0.916223,0.86604244,0.80226165,0.7601663,0.7573352,0.057405133,0.05879577
2024-01-24,-0.04772309,-2.4706578338652685,-0.049898338,-0.08933799,-0.046800412,0.87353057,0.85702664,0.85666025,0.9278083,0.9708922,0.955308,0.9431013,0.952203,0.915737,0.86365396,0.7886709,0.74672043,0.74389356,0.055632368,0.056366973
2024-01-25,-0.05120148,-2.6588601986667397,-0.0533347,-0.092354365,-0.04846692,0.87262285,0.8550029,0.8585426,0.92725605,0.97109276,0.9562499,0.9432064,0.95205325,0.9144779,0.8604297,0.7749295,0.73317957,0.7303727,0.053878386,0.054028768
2024-01-26,-0.054798003,-2.812654593205333,-0.056901302,-0.095650874,-0.050296478,0.8721614,0.8535477,0.8604555,0.9263702,0.970648,0.95639914,0.9424446,0.95111215,0.91234124,0.85626745,0.7611803,0.7196748,0.71690005,0.052163303,0.05181829
2024-01-27,-0.05849937,-2.925814373043434,-0.060587697,-0.099248625,-0.052301556,0.87236136,0.8529056,0.86239946,0.9251379,0.9695053,0.95566267,0.9407108,0.9492798,0.90922266,0.85106504,0.7475658,0.70633745,0.7036029,0.050507233,0.04977267
2024-01-28,-0.062292285,-2.992112893743432,-0.06438345,-0.10316875,-0.054494634,0.8734378,0.853321,0.86437494,0.9235463,0.9676121,0.9539474,0.93789977,0.9464564,0.9050177,0.8447203,0.7342287,0.6932986,0.6906085,0.04893029,0.047929037
2024-01-29,-0.066163465,-3.0053235108677137,-0.06827811,-0.10743234,-0.05688819,0.875606,0.8550384,0.86638236,0.92158276,0.96491563,0.9511602,0.9339064,0.9425419,0.89962184,0.837131,0.7213116,0.68068933,0.67804426,0.047452595,0.046324532
2024-01-30,-0.07009963,-2.959219579978665,-0.07226127,-0.11206052,-0.059494704,0.87908095,0.8583023,0.86842227,0.91923445,0.9613634,0.94720805,0.9286256,0.93743664,0.8929308,0.82819504,0.70895725,0.66864103,0.6660375,0.046094254,0.04499628
2024-01-31,-0.07408747,-2.847574456638681,-0.07632245,-0.117074385,-0.062326655,0.8840779,0.8633572,0.87049514,0.9164886,0.9569027,0.9419978,0.9219522,0.9310406,0.8848401,0.8178102,0.6973082,0.65728474,0.65471554,0.044875383,0.043981414
2024-02-01,-0.07811372,-2.664161496410138,-0.08045125,-0.12249506,-0.06539652,0.8908119,0.8704475,0.8726014,0.91333234,0.9514809,0.9354365,0.9137811,0.92325395,0.8752453,0.8058742,0.68650717,0.64675164,0.64420563,0.0438161,0.043317072
2024-02-02,-0.08216507,-2.4027540548554285,-0.08463721,-0.12834366,-0.068716764,0.89949816,0.8798178,0.8747415,0.90975296,0.9450455,0.927431,0.9040072,0.91397685,0.8640419,0.7922851,0.6766968,0.637173,0.6346352,0.042936523,0.04304038
2024-02-03,-0.08622825,-2.0571254875369442,-0.08886989,-0.13464129,-0.07229989,0.91035175,0.8917124,0.876916,0.90573764,0.9375437,0.91788816,0.8925254,0.90310943,0.85112566,0.77694046,0.66801965,0.6286799,0.62613153,0.04225676,0.043188475
